,Company,MST,NGANH_NGHE,doanh_thu_2021,tinh
0,TẬP ĐOÀN VINGROUP - CTCP,0101245486,Kinh doanh bất động sản,"125,687,870",Hà Nội
1,CÔNG TY CP ĐẦU TƯ THẾ GIỚI DI ĐỘNG,0306731335,"Bán lẻ điện tử, điện lạnh, viễn thông, công nghệ thông tin","122,958,106",Bình Dương
2,CÔNG TY CP TẬP ĐOÀN VÀNG BẠC ĐÁ QUÝ DOJI,0100365621,"Bán lẻ vàng, bạc và kim loại quý khác",,Điện Biên
3,CÔNG TY CP TẬP ĐOÀN HÒA PHÁT,0900189284,"Sản xuất, gia công kim loại, sắt thép, kim khí…","149,679,790",Hưng Yên
4,CÔNG TY CP TẬP ĐOÀN MASAN,0303576603,Dịch vụ khác,,TP Hồ Chí Minh
5,CÔNG TY CP ÔTÔ TRƯỜNG HẢI,3600252847,"Sản xuất, kinh doanh ô tô, xe máy, xe có động cơ và phụ kiện",,Đồng Nai
6,NGÂN HÀNG TMCP VIỆT NAM THỊNH VƯỢNG,0100233583,Ngân hàng,"34,348,829",Hà Nội
7,CÔNG TY CP SỮA VIỆT NAM,0300588569,"Sản xuất, chế biến và kinh doanh sữa, sản phẩm từ sữa","60,919,165",TP Hồ Chí Minh
8,NGÂN HÀNG TMCP SÀI GÒN,0311449990,Ngân hàng,,TP Hồ Chí Minh
9,CÔNG TY CP TẬP ĐOÀN THÀNH CÔNG,0100831174,"Sản xuất, kinh doanh ô tô, xe máy, xe có động cơ và phụ kiện",,Hà Nội
10,NGÂN HÀNG TMCP KỸ THƯƠNG VIỆT NAM,0100230800,Ngân hàng,"26,698,613",Hà Nội
11,NGÂN HÀNG TMCP SÀI GÒN THƯƠNG TÍN,0301103908,Ngân hàng,"11,964,487",Thanh Hoá
12,CÔNG TY CP TẬP ĐOÀN INTIMEX,0304421306,"Sản xuất, chế biến và kinh doanh thực phẩm khác",,TP Hồ Chí Minh
13,NGÂN HÀNG TMCP Á CHÂU,0301452948,Ngân hàng,"18,944,792",TP Hồ Chí Minh
14,NGÂN HÀNG TMCP SÀI GÒN - HÀ NỘI,1800278630,Ngân hàng,"15,570,349",Hà Nội
15,CÔNG TY CP FPT,0101248141,Hoạt động thông tin khác,"35,657,263",Hà Nội
16,CÔNG TY CP TẬP ĐOÀN HOA SEN,3700381324,"Sản xuất, gia công kim loại, sắt thép, kim khí…","48,726,522",Bình Dương
17,NGÂN HÀNG TMCP PHÁT TRIỂN TP. HỒ CHÍ MINH,0300608092,Ngân hàng,"13,890,777",TP Hồ Chí Minh
18,CÔNG TY CP HÀNG TIÊU DÙNG MASAN (MASAN CONSUMER),0302017440,"Sản xuất, chế biến và kinh doanh thực phẩm khác","27,773,635",TP Hồ Chí Minh
19,CÔNG TY CP HÀNG KHÔNG VIETJET,0102325399,Vận tải hàng không,"12,874,920",Hà Nội
20,NGÂN HÀNG TMCP QUỐC TẾ VIỆT NAM,0100233488,Ngân hàng,"3,699,595",TP Hồ Chí Minh
21,CÔNG TY CP TẬP ĐOÀN HÒA BÌNH MINH,5200896375,"Sản xuất, kinh doanh ô tô, xe máy, xe có động cơ và phụ kiện",,Yên Bái
22,CÔNG TY TNHH ỐNG THÉP HÒA PHÁT,0100598873,"Sản xuất, gia công kim loại, sắt thép, kim khí…",,Hà Nội
23,NGÂN HÀNG TMCP BƯU ĐIỆN LIÊN VIỆT,6300048638,Ngân hàng,"9,017,159",Hà Nội
24,CÔNG TY CP TẬP ĐOÀN FLC,0102683813,Kinh doanh bất động sản,"6,771,892",Hà Nội
25,CÔNG TY CP TẬP ĐOÀN GELEX,0100100512,"Sản xuất, kinh doanh thiết bị điện","28,578,399",Hà Nội
26,NGÂN HÀNG TMCP TIÊN PHONG,0102744865,Ngân hàng,"9,946,049",
27,CÔNG TY TÀI CHÍNH TNHH NGÂN HÀNG VIỆT NAM THỊNH VƯỢNG SMBC,0102180545,Dịch vụ tài chính khác,,TP Hồ Chí Minh
28,CÔNG TY CP STAVIAN HÓA CHẤT,0104160054,"Sản xuất, kinh doanh nhựa và sản phẩm từ nhựa",,Hưng Yên
29,CÔNG TY CP VÀNG BẠC ĐÁ QUÝ PHÚ NHUẬN,0300521758,"Bán lẻ vàng, bạc và kim loại quý khác","19,547,058",TP Hồ Chí Minh
30,CÔNG TY CP GIẢI PHÁP THANH TOÁN VIỆT NAM,0102182292,Viễn thông,,Hà Nội
31,CÔNG TY CP MASAN MEATLIFE,0311224517,Dịch vụ khác,"18,890,888",TP Hồ Chí Minh
32,CÔNG TY CP TẬP ĐOÀN THÉP NGUYỄN MINH,1101359647,"Sản xuất, gia công kim loại, sắt thép, kim khí…",,Long An
33,CÔNG TY CP TẬP ĐOÀN VAS NGHI SƠN,2801115888,"Sản xuất, gia công kim loại, sắt thép, kim khí…",,Thanh Hoá
34,CÔNG TY CP DỊCH VỤ TỔNG HỢP SÀI GÒN,0301154821,Kinh doanh bất động sản,,Thái Bình
35,CÔNG TY CP ĐẦU TƯ THƯƠNG MẠI SMC,0303522206,"Kinh doanh kim loại, sắt thép, kim khí…","21,315,015",TP Hồ Chí Minh
36,CÔNG TY CP THÀNH THÀNH CÔNG - BIÊN HÒA,3900244389,"Sản xuất, chế biến và kinh doanh đường","18,325,361",Tây Ninh
37,CÔNG TY CP HYUNDAI THÀNH CÔNG VIỆT NAM,2700668614,"Sản xuất, kinh doanh ô tô, xe máy, xe có động cơ và phụ kiện",,Ninh Bình
38,CÔNG TY CP DƯỢC LIỆU TRUNG ƯƠNG 2,0302597576,"Kinh doanh, phân phối dược phẩm, thiết bị y tế",,TP Hồ Chí Minh
39,CÔNG TY CP BÁN LẺ KỸ THUẬT SỐ FPT,0311609355,"Bán lẻ điện tử, điện lạnh, viễn thông, công nghệ thông tin","22,494,961",TP Hồ Chí Minh
40,CÔNG TY CP XÂY DỰNG COTECCONS,0303443233,Xây dựng,"9,077,915",Điện Biên
41,CÔNG TY TNHH HẢI LINH,2600261303,Kinh doanh xăng dầu và các sản phẩm liên quan,,Phú Thọ
42,CÔNG TY CP TẬP ĐOÀN THỦY SẢN MINH PHÚ,2000393273,"Sản xuất, chế biến và kinh doanh thực phẩm tươi sống, đông lạnh","13,577,505",Cà Mau
43,NGÂN HÀNG TMCP PHƯƠNG ĐÔNG,0300852005,Ngân hàng,"1,701,758",TP Hồ Chí Minh
44,TỔNG CÔNG TY CP DỊCH VỤ TỔNG HỢP DẦU KHÍ,0300452060,"Bán lẻ điện tử, điện lạnh, viễn thông, công nghệ thông tin","17,598,238",TP Hồ Chí Minh
45,NGÂN HÀNG TMCP HÀNG HẢI VIỆT NAM,0200124891,Ngân hàng,"6,216,244",Hà Nội
46,CÔNG TY CP TẬP ĐOÀN SAO MAI,1600169024,Kinh doanh bất động sản,"11,397,926",An Giang
47,CÔNG TY CP THẾ GIỚI SỐ,0302861742,"Sản xuất, kinh doanh thiết bị điện tử, điện lạnh, công nghệ thông tin, viễn thông…","20,922,813",Thái Bình
48,NGÂN HÀNG TMCP ĐÔNG NAM Á,0200253985,Ngân hàng,"5,186,093",Hà Nội
49,NGÂN HÀNG TMCP XUẤT NHẬP KHẨU VIỆT NAM,0301179079,Ngân hàng,"3,524,302",TP Hồ Chí Minh
50,CÔNG TY CP THƯƠNG MẠI THÁI HƯNG,4600310787,"Khai thác, chế biến, kinh doanh quặng kim loại và hoạt động hỗ trợ",,Thái Nguyên
51,CÔNG TY TNHH THƯƠNG MẠI VÀ DƯỢC PHẨM SANG,0310631333,"Kinh doanh, phân phối dược phẩm, thiết bị y tế",,TP Hồ Chí Minh
52,CÔNG TY CP TÔN ĐÔNG Á,3700255880,"Sản xuất, kinh doanh máy móc, sản phẩm cơ khí khác",,Bình Dương
53,CÔNG TY CP VIỄN THÔNG FPT,0101778163,Viễn thông,"12,686,416",Hà Nội
54,CÔNG TY CP TẬP ĐOÀN ĐẦU TƯ ĐỊA ỐC NO VA,0301444753,Kinh doanh bất động sản,"14,902,760",TP Hồ Chí Minh
55,CÔNG TY CP THÉP NAM KIM,3700477019,"Sản xuất, gia công kim loại, sắt thép, kim khí…","28,173,402",Bình Dương
56,CÔNG TY CP TẬP ĐOÀN XÂY DỰNG HÒA BÌNH,0302158498,Xây dựng,"11,355,969",TP Hồ Chí Minh
57,CÔNG TY CP DÂY CÁP ĐIỆN VIỆT NAM,0300381564,"Sản xuất, kinh doanh thiết bị điện","10,479,096",Thái Bình
58,CÔNG TY CP TẬP ĐOÀN T&T,0100233223,Dịch vụ tài chính khác,,Hà Nội
59,CÔNG TY CP TẬP ĐOÀN DABACO VIỆT NAM,2300105790,"Sản xuất, kinh doanh thức ăn chăn nuôi","10,812,795",Bắc Ninh
60,NGÂN HÀNG TMCP BẮC Á,2900325526,Ngân hàng,"2,117,228",Nghệ An
61,CÔNG TY CP THÉP POMINA,3700321364,"Sản xuất, gia công kim loại, sắt thép, kim khí…","14,000,250",Bình Dương
62,CÔNG TY CP PVI,0100151161,Bảo hiểm,"1,581,149",Hà Nội
63,NGÂN HÀNG TMCP NAM Á,0300872315,Ngân hàng,"4,283,189",TP Hồ Chí Minh
64,CÔNG TY TNHH TẬP ĐOÀN BIM,5701942544,Kinh doanh bất động sản,,Quảng Ninh
65,CÔNG TY CP SẢN XUẤT THÉP VINA ONE,1100549268,"Sản xuất, gia công kim loại, sắt thép, kim khí…",,Long An
66,TỔNG CÔNG TY VIGLACERA - CTCP,0100108173,"Sản xuất, kinh doanh vật liệu xây dựng","11,194,313",Hà Nội
67,CÔNG TY CP CẢNG RAU QUẢ,0302336158,"Kho bãi, bốc xếp hàng hóa","10,319,544",TP Hồ Chí Minh
68,CÔNG TY CP MASAN HIGH-TECH MATERIALS,0309966889,Dịch vụ khác,"13,564,290",TP Hồ Chí Minh
69,CÔNG TY TNHH THƯƠNG MẠI VÀ DỊCH VỤ PHÁT TIẾN,0301049150,"Sản xuất, kinh doanh ô tô, xe máy, xe có động cơ và phụ kiện",,TP Hồ Chí Minh
70,TỔNG CÔNG TY BẢO HIỂM PVI,0105402531,Bảo hiểm,,Hà Nội
71,CÔNG TY CP TẬP ĐOÀN PAN,0301472704,Hoạt động nông nghiệp khác,"9,248,572",Long An
72,CÔNG TY CP THÉP TVP,1100598716,"Sản xuất, gia công kim loại, sắt thép, kim khí…",,Long An
73,CÔNG TY CP TẬP ĐOÀN AN PHÁT HOLDINGS,0801210129,Dịch vụ tài chính khác,"14,793,871",Hải Dương
74,CÔNG TY CP VINCOM RETAIL,0105850244,Kinh doanh bất động sản,"5,891,141",Hà Nội
75,TỔNG CÔNG TY CP XUẤT NHẬP KHẨU VÀ XÂY DỰNG VIỆT NAM,0100105616,Xây dựng,"5,749,000",Hà Nội
76,CÔNG TY CP TẬP ĐOÀN KIDO,0302705302,"Sản xuất, chế biến và kinh doanh đường","10,496,864",TP Hồ Chí Minh
77,CÔNG TY CP MEDIAMART VIỆT NAM,0102516308,"Bán lẻ điện tử, điện lạnh, viễn thông, công nghệ thông tin",,Hà Nội
78,CÔNG TY TNHH HÀO HƯNG,0301952517,Hoạt động công nghiệp khác,,TP Hồ Chí Minh
79,TẬP ĐOÀN GELEXIMCO - CTCP,0100514947,Kinh doanh bất động sản,,Hà Nội
80,CÔNG TY CP ĐẦU TƯ THÁI BÌNH,3700148737,"Sản xuất, kinh doanh sản phẩm da giầy",,Bình Dương
81,CÔNG TY CP DỊCH VỤ PHÂN PHỐI TỔNG HỢP DẦU KHÍ,0305482862,"Sản xuất, kinh doanh thiết bị điện tử, điện lạnh, công nghệ thông tin, viễn thông…","8,595,396",TP Hồ Chí Minh
82,NGÂN HÀNG TMCP AN BÌNH,0301412222,Ngân hàng,"3,064,563",Hà Nội
83,CÔNG TY TNHH DỊCH VỤ VÀ THƯƠNG MẠI MESA,0100520429,"Sản xuất, kinh doanh đồ dùng gia đình",,Hà Nội
84,CÔNG TY CP ĐẦU TƯ XÂY DỰNG RICONS,0303527596,Xây dựng,,TP Hồ Chí Minh
85,CÔNG TY CP TẬP ĐOÀN LỘC TRỜI,1600192619,Hoạt động nông nghiệp khác,"10,224,140",An Giang
86,CÔNG TY CP NHỰA AN PHÁT XANH,0800373586,"Sản xuất, kinh doanh nhựa và sản phẩm từ nhựa","13,143,110",Hải Dương
87,CÔNG TY CP TỔNG CÔNG TY TÍN NGHĨA,3600283394,Kinh doanh bất động sản,"7,056,020",Đồng Nai
88,CÔNG TY CP VĨNH HOÀN,1400112623,"Sản xuất, chế biến và kinh doanh thực phẩm đóng gói, ăn liền, đồ hộp","9,054,249",Đồng Tháp
89,TỔNG CÔNG TY CP MAY VIỆT TIẾN,0300401524,"Sản xuất, kinh doanh trang phục","6,008,314",TP Hồ Chí Minh
90,TỔNG CÔNG TY XÂY DỰNG SỐ 1 - CTCP,0301429113,Xây dựng,"5,664,069",TP Hồ Chí Minh
91,CÔNG TY CP HIM LAM,0301437499,Kinh doanh bất động sản,,TP Hồ Chí Minh
92,CÔNG TY CP THỦY SẢN SÓC TRĂNG,2200108445,"Sản xuất, chế biến và kinh doanh thực phẩm đóng gói, ăn liền, đồ hộp",,Sóc Trăng
93,CÔNG TY CP ĐẦU TƯ HẠ TẦNG KỸ THUẬT TP. HỒ CHÍ MINH,0302483177,Xây dựng,"2,860,034",Điện Biên
94,CÔNG TY CP TẬP ĐOÀN PC1,0100100745,Hoạt động xây dựng khác,"9,828,463",Hà Nội
95,CÔNG TY TNHH ĐẦU TƯ SẢN XUẤT THƯƠNG MẠI DỊCH VỤ PHAN MINH,0303283290,"Sản xuất, chế biến và kinh doanh gạo, ngũ cốc, sản phẩm nghiền, đồ khô",,TP Hồ Chí Minh
96,CÔNG TY CP ĐƯỜNG QUẢNG NGÃI,4300205943,"Sản xuất, chế biến và kinh doanh đường","7,335,294",Quảng Ngãi
97,CÔNG TY CP ỐNG THÉP VIỆT - ĐỨC VG PIPE,2500267703,"Sản xuất, gia công kim loại, sắt thép, kim khí…","1,688,167",Vĩnh Phúc
98,CÔNG TY CP ĐẦU TƯ VÀ PHÁT TRIỂN ĐA QUỐC GIA I.D.I,0303141296,"Sản xuất, chế biến và kinh doanh thực phẩm đóng gói, ăn liền, đồ hộp","5,718,848",Đồng Tháp
99,NGÂN HÀNG TMCP QUỐC DÂN,1700169765,Ngân hàng,"1,259,219",Hà Nội
100,NGÂN HÀNG TMCP VIỆT Á,0302963695,Ngân hàng,"1,551,307",Hà Nội
101,CÔNG TY CP VNG,0303490096,"Dịch vụ vui chơi, giải trí",,TP Hồ Chí Minh
102,NGÂN HÀNG TMCP VIỆT NAM THƯƠNG TÍN,2200269805,Ngân hàng,"1,486,208",Sóc Trăng
103,CÔNG TY TNHH THƯƠNG MẠI VHC (SIÊU THỊ ĐIỆN MÁY HC),0105690657,"Bán lẻ điện tử, điện lạnh, viễn thông, công nghệ thông tin",,Hà Nội
104,CÔNG TY CP XI MĂNG XUÂN THÀNH,0700576529,"Sản xuất, kinh doanh vật liệu xây dựng",,Hà Nam
105,CÔNG TY CP CƠ ĐIỆN LẠNH,0300741143,Hoạt động xây dựng khác,"5,809,811",TP Hồ Chí Minh
106,CÔNG TY CP ĐẦU TƯ THÀNH THÀNH CÔNG,0301466073,"Sản xuất, chế biến và kinh doanh đường",,TP Hồ Chí Minh
107,CÔNG TY CP CITY AUTO,0307979603,"Sản xuất, kinh doanh ô tô, xe máy, xe có động cơ và phụ kiện","4,508,688",TP Hồ Chí Minh
108,CÔNG TY CP ĐẦU TƯ SÀI GÒN VRG,0305268812,Xây dựng,"5,577,559",TP Hồ Chí Minh
109,CÔNG TY CP VICOSTONE,0500469512,"Sản xuất, kinh doanh vật liệu xây dựng","7,070,129",Hà Nội
110,CÔNG TY CP HÓA DẦU QUÂN ĐỘI (MIPEC),0101436307,Kinh doanh xăng dầu và các sản phẩm liên quan,,Hà Nội
111,CÔNG TY CP ĐẠI TÂN VIỆT,0302505776,"Sản xuất, chế biến và kinh doanh thực phẩm khác",,TP Hồ Chí Minh
112,CÔNG TY CP PHÚ TÀI,4100259236,"Sản xuất, kinh doanh vật liệu xây dựng","6,491,949",Bình Định
113,CÔNG TY CP DỊCH VỤ Ô TÔ HÀNG XANH,0302000126,"Sản xuất, kinh doanh ô tô, xe máy, xe có động cơ và phụ kiện","5,551,485",Điện Biên
114,CÔNG TY CP QUỐC TẾ SƠN HÀ,0100776445,"Sản xuất, kinh doanh máy móc, sản phẩm cơ khí khác","7,074,613",Hà Nội
115,CÔNG TY TNHH ĐẦU TƯ XÂY DỰNG UNICONS,0304472276,Xây dựng,,Điện Biên
116,CÔNG TY CP DẦU THỰC VẬT TƯỜNG AN,0303498754,"Sản xuất, chế biến và kinh doanh dầu ăn, mỡ động thực vật",,TP Hồ Chí Minh
117,CÔNG TY CP TẬP ĐOÀN ECOPARK,0101395308,Kinh doanh bất động sản,,An Giang
118,CÔNG TY CP TẬP ĐOÀN CÔNG NGHỆ CMC,0100244112,Hoạt động thông tin khác,"6,290,385",Hà Nội
119,CÔNG TY CP GIAO NHẬN VÀ VẬN CHUYỂN IN DO TRẦN,0301909173,Hoạt động khác hỗ trợ cho vận tải,,TP Hồ Chí Minh
120,CÔNG TY CP THƯƠNG MẠI XUẤT NHẬP KHẨU THIÊN NAM,0301172041,"Kinh doanh kim loại, sắt thép, kim khí…","5,446,937",TP Hồ Chí Minh
121,CÔNG TY CP SẢN XUẤT NHỰA DUY TÂN,0306151768,"Sản xuất, kinh doanh nhựa và sản phẩm từ nhựa",,TP Hồ Chí Minh
122,CÔNG TY CP TẬP ĐOÀN KIM TÍN,0303738780,Hoạt động công nghiệp khác,,TP Hồ Chí Minh
123,CÔNG TY TNHH XUẤT NHẬP KHẨU CÀ PHÊ MINH TIẾN,0101013887,"Sản xuất, chế biến và kinh doanh thực phẩm khác",,Hà Nội
124,CÔNG TY TNHH TẬP ĐOÀN XÂY DỰNG DELTA,0100512717,Xây dựng,,Hà Nội
125,CÔNG TY CP KINH DOANH KHÍ MIỀN NAM,0305097236,Kinh doanh xăng dầu và các sản phẩm liên quan,"5,614,656",TP Hồ Chí Minh
126,CÔNG TY CP XÂY DỰNG CENTRAL,0314476689,Xây dựng,,TP Hồ Chí Minh
127,CÔNG TY CP THÉP VÀ THƯƠNG MẠI HÀ NỘI,5400363141,"Kinh doanh kim loại, sắt thép, kim khí…",,Hòa Bình
128,CÔNG TY CP TẬP ĐOÀN HÀ ĐÔ,0100283802,Kinh doanh bất động sản,"3,777,436",Hà Nội
129,CÔNG TY CP XUẤT NHẬP KHẨU NHẤT THÀNH,0106025519,"Sản xuất, chế biến và kinh doanh gạo, ngũ cốc, sản phẩm nghiền, đồ khô",,Hà Nội
130,CÔNG TY CP NÔNG SẢN THỰC PHẨM QUẢNG NGÃI,4300321643,"Sản xuất, chế biến và kinh doanh gạo, ngũ cốc, sản phẩm nghiền, đồ khô","5,445,043",Quảng Ngãi
131,CÔNG TY CP THƯƠNG MẠI THÀNH THÀNH CÔNG,3700594361,"Sản xuất, chế biến và kinh doanh đường",,Bình Dương
132,TỔNG CÔNG TY CP BẢO HIỂM BƯU ĐIỆN,0100774631,Bảo hiểm,"4,963,702",Hà Nội
133,CÔNG TY CP BÓNG ĐÈN PHÍCH NƯỚC RẠNG ĐÔNG,0101526991,"Sản xuất, kinh doanh thiết bị điện","5,709,068",Hà Nội
134,CÔNG TY TNHH HỆ THỐNG THÔNG TIN FPT (FPT IS),0104128565,Hoạt động thông tin khác,,Hà Nội
135,CÔNG TY CP CƠ KHÍ XÂY DỰNG THƯƠNG MẠI ĐẠI DŨNG,0301932246,Dịch vụ khác,,TP Hồ Chí Minh
136,CÔNG TY TNHH TRUNG THÀNH THÁI NGUYÊN,4600201989,Bán lẻ khác,,Thái Nguyên
137,TẬP ĐOÀN TRUNG NGUYÊN LEGEND,0304324655,"Sản xuất, chế biến và kinh doanh đồ uống không cồn",,TP Hồ Chí Minh
138,CÔNG TY CP NHỰA BÌNH MINH,0301464823,"Sản xuất, kinh doanh nhựa và sản phẩm từ nhựa","4,552,757",Hậu Giang
139,CÔNG TY CP ĐẦU TƯ DỊCH VỤ TÀI CHÍNH HOÀNG HUY,0200117929,"Sản xuất, kinh doanh ô tô, xe máy, xe có động cơ và phụ kiện","2,755,985",Hải Phòng
140,CÔNG TY CP ĐẦU TƯ XÂY DỰNG NEWTECONS,0303103212,Xây dựng,,TP Hồ Chí Minh
141,NGÂN HÀNG TMCP BẢN VIỆT,0301378892,Ngân hàng,,TP Hồ Chí Minh
142,CÔNG TY CP ĐẦU TƯ VÀ KINH DOANH NHÀ KHANG ĐIỀN,0302588596,Kinh doanh bất động sản,"3,738,368",TP Hồ Chí Minh
143,CÔNG TY CP NHỰA THIẾU NIÊN TIỀN PHONG,0200167782,"Sản xuất, kinh doanh nhựa và sản phẩm từ nhựa","4,823,525",Hải Phòng
144,CÔNG TY CP HƯNG THỊNH INCONS,0305371707,Xây dựng,,TP Hồ Chí Minh
145,CÔNG TY CP CHỨNG KHOÁN SSI,0301955155,Chứng khoán,"1,629,086",TP Hồ Chí Minh
146,CÔNG TY CP THƯƠNG MẠI DỊCH VỤ CỔNG VÀNG,0102721191,Ẩm thực,,Hà Nội
147,CÔNG TY CP Á ĐÔNG ADG,0308113486,"Sản xuất, kinh doanh nhựa và sản phẩm từ nhựa",,TP Hồ Chí Minh
148,CÔNG TY CP ĐẦU TƯ VÀ THƯƠNG MẠI TNG,4600305723,"Sản xuất, kinh doanh trang phục","5,443,607",Bắc Kạn
149,CÔNG TY CP THỰC PHẨM SAO TA,2200208753,"Sản xuất, chế biến và kinh doanh thực phẩm đóng gói, ăn liền, đồ hộp","5,199,105",Sóc Trăng
150,CÔNG TY CP GIAO NHẬN VẬN TẢI CON ONG,0303482440,Hoạt động khác hỗ trợ cho vận tải,,TP Hồ Chí Minh
151,CÔNG TY TNHH THƯƠNG MẠI - DỊCH VỤ TÂN HIỆP PHÁT,0301387752,"Sản xuất, chế biến và kinh doanh đồ uống không cồn",,Bình Dương
152,CÔNG TY CP DÂY VÀ CÁP ĐIỆN THƯỢNG ĐÌNH,0100892628,"Sản xuất, kinh doanh thiết bị điện",,Hà Nội
153,CÔNG TY TNHH XUÂN LỘC THỌ,0100736347,"Sản xuất, kinh doanh thiết bị điện",,Hà Nội
154,CÔNG TY CP TẬP ĐOÀN PHƯỢNG HOÀNG XANH A&A,0104961939,"Sản xuất, kinh doanh vật liệu xây dựng",,Hà Nội
155,CÔNG TY CP THƯƠNG NGHIỆP CÀ MAU,2000110221,"Bán lẻ hàng tiêu dùng nhanh trong siêu thị, cửa hàng tiện lợi, chợ truyền thông","3,861,507",Cà Mau
156,NGÂN HÀNG TMCP KIÊN LONG,1700197787,Ngân hàng,"1,930,960",Kiên Giang
157,CÔNG TY CP TẬP ĐOÀN HƯNG THỊNH,0305410561,Kinh doanh bất động sản,,TP Hồ Chí Minh
158,CÔNG TY CP THÉP VIỆT Ý,0900222647,"Sản xuất, gia công kim loại, sắt thép, kim khí…",,Hưng Yên
159,CÔNG TY CP TẬP ĐOÀN IPC,0102055583,"Kinh doanh kim loại, sắt thép, kim khí…",,Hà Nội
160,CÔNG TY CP AN TIẾN INDUSTRIES,5200466372,Hoạt động công nghiệp khác,"8,265,252",Yên Bái
161,CÔNG TY CP TẬP ĐOÀN THÉP TIẾN LÊN,3600512830,"Kinh doanh kim loại, sắt thép, kim khí…","4,644,781",Đồng Nai
162,CÔNG TY CP ABC VIỆT NAM,0900254448,"Sản xuất, kinh doanh thức ăn chăn nuôi",,Hưng Yên
163,CÔNG TY CP ĐẦU TƯ PHAN VŨ,0302217087,"Sản xuất, kinh doanh vật liệu xây dựng",,TP Hồ Chí Minh
164,TỔNG CÔNG TY MAY NHÀ BÈ - CTCP,0300398889,"Sản xuất, kinh doanh trang phục","3,081,071",TP Hồ Chí Minh
165,CÔNG TY TNHH KẾT CẤU THÉP 568,0900273306,"Kinh doanh kim loại, sắt thép, kim khí…",,Hưng Yên
166,TỔNG CÔNG TY CP BẢO MINH,0300446973,Bảo hiểm,"3,768,684",Thái Bình
167,CÔNG TY CP CHỨNG KHOÁN VPS,0104979904,Chứng khoán,,Hà Nội
168,CÔNG TY CP THUẬN HẢI,0305601319,"Khai thác, kinh doanh than và hoạt động hỗ trợ",,TP Hồ Chí Minh
169,CÔNG TY TNHH THƯƠNG MẠI VÀ DỊCH VỤ THÀNH TÍN,2200208834,"Sản xuất, chế biến và kinh doanh gạo, ngũ cốc, sản phẩm nghiền, đồ khô",,Sóc Trăng
170,CÔNG TY CP PHÁT TRIỂN BẤT ĐỘNG SẢN PHÁT ĐẠT,0303493756,Kinh doanh bất động sản,,TP Hồ Chí Minh
171,CÔNG TY CP GỖ AN CƯỜNG,3700748131,"Sản xuất, kinh doanh gỗ, sản phẩm từ gỗ và nội thất",,Bình Dương
172,CÔNG TY CP LIZEN,0302310209,Xây dựng,"1,802,654",TP Hồ Chí Minh
173,CÔNG TY CP MAY SÔNG HỒNG,0600333307,"Sản xuất, kinh doanh trang phục","4,747,623",Nam Định
174,CÔNG TY CP TẬP ĐOÀN SUNHOUSE,0101976905,"Sản xuất, kinh doanh đồ dùng gia đình",,Điện Biên
175,CÔNG TY TNHH THỨC ĂN GIA SÚC LÁI THIÊU,3700149709,"Sản xuất, kinh doanh thức ăn chăn nuôi",,Bình Dương
176,CÔNG TY CP ĐẦU TƯ TỔNG HỢP HÀ NỘI,0102287094,Kinh doanh bất động sản,"3,745,725",Hà Nội
177,CÔNG TY CP PHÚC SINH,0302401061,"Sản xuất, chế biến và kinh doanh đồ uống không cồn",,TP Hồ Chí Minh
178,CÔNG TY CP THỰC PHẨM Á CHÂU,3700150020,"Sản xuất, chế biến và kinh doanh thực phẩm đóng gói, ăn liền, đồ hộp",,Bình Dương
179,CÔNG TY CP CÔNG NGHỆ VÀ DỊCH VỤ IMEDIA,0105837941,Viễn thông,,Hà Nội
180,CÔNG TY TNHH TẬP ĐOÀN BIM - BIM GROUP,5700103433,Kinh doanh bất động sản,,Quảng Ninh
181,CÔNG TY CP TẬP ĐOÀN VITTO,2500578360,"Sản xuất, kinh doanh vật liệu xây dựng",,Vĩnh Phúc
182,CÔNG TY CP CASPER VIỆT NAM,0107009894,"Sản xuất, kinh doanh thiết bị điện",,Hà Nội
183,CÔNG TY TNHH SẢN XUẤT VÀ THƯƠNG MẠI MINH NGỌC,0900237146,"Sản xuất, kinh doanh máy móc, sản phẩm cơ khí khác",,Hưng Yên
184,CÔNG TY CP THƯƠNG MẠI DỊCH VỤ DẦU KHÍ HẢI PHÁT,3603262480,Kinh doanh xăng dầu và các sản phẩm liên quan,,Đồng Nai
185,CÔNG TY CP DATVIET VAC GROUP HOLDINGS,0315744468,Quảng cáo và nghiên cứu thị trường,,TP Hồ Chí Minh
186,CÔNG TY TNHH THƯƠNG MẠI-DỊCH VỤ-XUẤT NHẬP KHẨU TƯỜNG NGUYÊN,1400683063,"Sản xuất, kinh doanh phân bón, thuốc trừ sâu",,Đồng Tháp
187,CÔNG TY CP ĐẦU TƯ NĂM BẢY BẢY,0303885305,Kinh doanh bất động sản,"565,232",TP Hồ Chí Minh
188,CÔNG TY CP NHỰA ĐỒNG NAI,3600662561,"Sản xuất, kinh doanh nhựa và sản phẩm từ nhựa",,Đồng Nai
189,CÔNG TY CP SẢN XUẤT KINH DOANH XUẤT NHẬP KHẨU BÌNH THẠNH,0302181666,Hoạt động công nghiệp khác,"4,150,320",TP Hồ Chí Minh
190,CÔNG TY CP DỆT MAY - ĐẦU TƯ - THƯƠNG MẠI THÀNH CÔNG,0301446221,"Sản xuất, kinh doanh trang phục","3,535,416",TP Hồ Chí Minh
191,CÔNG TY CP GENTRACO,1800241743,"Sản xuất, chế biến và kinh doanh gạo, ngũ cốc, sản phẩm nghiền, đồ khô",,TP Hồ Chí Minh
192,TỔNG CÔNG TY MAY 10 - CTCP,0100101308,"Sản xuất, kinh doanh trang phục","3,467,349",Hà Nội
193,CÔNG TY CP TRANSIMEX,0301874259,Hoạt động khác hỗ trợ cho vận tải,"6,381,266",TP Hồ Chí Minh
194,CÔNG TY CP DỊCH VỤ & KỸ THUẬT CƠ ĐIỆN LẠNH R.E.E,0302660700,Hoạt động xây dựng khác,,TP Hồ Chí Minh
195,CÔNG TY TNHH THƯƠNG MẠI XUẤT NHẬP KHẨU VIỆT HÀN,0101325854,"Sản xuất, kinh doanh thiết bị điện",,Hà Nội
196,"CÔNG TY CP DỊCH VỤ LẮP ĐẶT, VẬN HÀNH VÀ BẢO DƯỠNG CÔNG TRÌNH DẦU KHÍ BIỂN PTSC",3500818790,Dịch vụ khác,"2,094,113",Bà Rịa - Vũng Tàu
197,CÔNG TY CP DƯỢC PHẨM THIẾT BỊ Y TẾ HÀ NỘI,0100109699,"Kinh doanh, phân phối dược phẩm, thiết bị y tế",,Hà Nội
198,CÔNG TY CP NHỰA CHÂU ÂU,0700253609,"Sản xuất, kinh doanh nhựa và sản phẩm từ nhựa",,Hà Nam
199,CÔNG TY CP MASCOPEX,4200236666,"Sản xuất, chế biến và kinh doanh thực phẩm tươi sống, đông lạnh",,Khánh Hòa
200,CÔNG TY CP PHÁT HÀNH SÁCH TP. HỒ CHÍ MINH - FAHASA,0304132047,"Bán lẻ sách, báo, tạp chí, văn phòng phẩm","2,748,785",TP Hồ Chí Minh
201,CÔNG TY CỔ PHẦN TẬP ĐOÀN NOVA CONSUMER,0301447257,Nông nghiệp,,TP Hồ Chí Minh
202,CÔNG TY CP LEC GROUP,3502380495,Hoạt động khác hỗ trợ cho vận tải,,Bà Rịa - Vũng Tàu
203,CÔNG TY CP CHỨNG KHOÁN KỸ THƯƠNG,0102935813,Chứng khoán,,Hà Nội
204,CÔNG TY CP THƯƠNG MẠI HIỆP HƯƠNG,0100953567,"Khai thác, chế biến, kinh doanh quặng kim loại và hoạt động hỗ trợ",,Hà Nội
205,CÔNG TY CP VẬT TƯ HẬU GIANG,1800506679,"Sản xuất, kinh doanh vật liệu xây dựng","3,087,570",Cần Thơ
206,CÔNG TY TNHH THƯƠNG MẠI VÀ SẢN XUẤT TƯỜNG VIỆT,0302853607,"Sản xuất, kinh doanh thiết bị điện",,TP Hồ Chí Minh
207,CÔNG TY CP FECON,0101502599,Hoạt động xây dựng khác,"3,484,219",Hà Nội
208,CÔNG TY CP CÔNG NGHỆ ELITE,0303853575,Hoạt động thông tin khác,,TP Hồ Chí Minh
209,TỔNG CÔNG TY CP ĐẦU TƯ PHÁT TRIỂN XÂY DỰNG,3500101107,Kinh doanh bất động sản,"2,568,689",Bà Rịa - Vũng Tàu
210,CÔNG TY CP THÉP ASEAN,6000746180,"Sản xuất, gia công kim loại, sắt thép, kim khí…",,Đắk Lắk
211,CÔNG TY CP UNIBEN,0301442989,"Sản xuất, chế biến và kinh doanh thực phẩm đóng gói, ăn liền, đồ hộp",,Bình Dương
212,CÔNG TY TNHH THƯƠNG MẠI TỔNG HỢP TUẤN VIỆT,3100261120,"Sản xuất, chế biến và kinh doanh đường",,Quảng Bình
213,CÔNG TY CP NƯỚC - MÔI TRƯỜNG BÌNH DƯƠNG,3700145694,Hoạt động xây dựng khác,"3,118,867",Bình Dương
214,CÔNG TY TNHH PHÂN PHỐI TIÊN TIẾN,0303549039,"Sản xuất, kinh doanh đồ dùng gia đình",,TP Hồ Chí Minh
215,CÔNG TY TNHH PHÁT TÀI,1400105785,"Sản xuất, chế biến và kinh doanh gạo, ngũ cốc, sản phẩm nghiền, đồ khô",,Đồng Tháp
216,CÔNG TY CP DỊCH VỤ TRỰC TUYẾN CỘNG ĐỒNG VIỆT,0305458683,Ngân hàng,,TP Hồ Chí Minh
217,CÔNG TY CP TẬP ĐOÀN ĐẤT XANH,0303104343,Kinh doanh bất động sản,"10,089,385",TP Hồ Chí Minh
218,CÔNG TY CP THAIHOLDINGS,0105202998,"Thăm dò, khai thác dầu mỏ và hoạt động hỗ trợ","8,242,532",Hà Nội
219,CÔNG TY TNHH MTV THỰC PHẨM VÀ ĐẦU TƯ FOCOCEV,0400101588,"Sản xuất, chế biến và kinh doanh gạo, ngũ cốc, sản phẩm nghiền, đồ khô",,TP Hồ Chí Minh
220,CÔNG TY CP TẬP ĐOÀN ĐỨC TƯỜNG,1701884951,"Sản xuất, kinh doanh thiết bị điện",,Kiên Giang
221,CÔNG TY CP ĐẦU TƯ PHÁT TRIỂN CÔNG NGHIỆP VÀ VẬN TẢI,0300482393,Xây dựng,"3,111,846",TP Hồ Chí Minh
222,CÔNG TY CP ĐẦU TƯ NAM LONG,0301438936,Kinh doanh bất động sản,"5,205,519",TP Hồ Chí Minh
223,CÔNG TY CP KẾT CẤU THÉP ATAD,1100641143,Xây dựng,,Long An
224,CÔNG TY CP DINH DƯỠNG HỒNG HÀ,0700220547,"Sản xuất, kinh doanh thức ăn chăn nuôi",,Hà Nam
225,CÔNG TY CP XÂY DỰNG AN PHONG,0304621513,Xây dựng,,TP Hồ Chí Minh
226,CÔNG TY CP CƠ KHÍ XÂY DỰNG AMECC,0200786983,"Sản xuất, kinh doanh máy móc, sản phẩm cơ khí khác","2,677,988",Hải Phòng
227,CÔNG TY CP SẢN XUẤT VÀ THƯƠNG MẠI P.P,0101437981,Hoạt động công nghiệp khác,,Hà Nội
228,CÔNG TY CP VINACAFÉ BIÊN HÒA,3600261626,"Sản xuất, chế biến và kinh doanh đường","2,216,910",Đồng Nai
229,CÔNG TY CP ĐẦU TƯ & PHÁT TRIỂN CÔNG NGHỆ QUỐC GIA ADG,0102023052,"Sản xuất, kinh doanh thiết bị điện tử, điện lạnh, công nghệ thông tin, viễn thông…",,Hà Nội
230,CÔNG TY CP XUẤT NHẬP KHẨU THIÊN Á,0101726782,"Sản xuất, kinh doanh máy móc, sản phẩm cơ khí khác",,Hà Nội
231,CÔNG TY CP TẬP ĐOÀN SEMEC,2900608267,"Kinh doanh kim loại, sắt thép, kim khí…",,Nghệ An
232,CÔNG TY CP VẬT TƯ XĂNG DẦU (COMECO),0300450673,Kinh doanh xăng dầu và các sản phẩm liên quan,"2,659,682",Điện Biên
233,CÔNG TY CP HƯNG THỊNH LAND,0302588518,Kinh doanh bất động sản,,TP Hồ Chí Minh
234,CÔNG TY CP ĐÔNG HẢI BẾN TRE,1300358260,"Sản xuất, kinh doanh giấy và các sản phẩm từ giấy","4,164,331",Bến Tre
235,CÔNG TY CP THƯƠNG MẠI DẦU KHÍ CỬU LONG,1500498480,Kinh doanh xăng dầu và các sản phẩm liên quan,,Vĩnh Long
236,CÔNG TY CP TẬP ĐOÀN DẦU KHÍ AN PHA,0303224471,Kinh doanh xăng dầu và các sản phẩm liên quan,"3,391,420",TP Hồ Chí Minh
237,CÔNG TY CP CÔNG NGHIỆP VĨNH TƯỜNG,0304075529,"Sản xuất, kinh doanh vật liệu xây dựng",,TP Hồ Chí Minh
238,CÔNG TY CP TẬP ĐOÀN ĐIỆN LẠNH ĐIỆN MÁY VIỆT ÚC,0101360104,"Sản xuất, kinh doanh thiết bị điện tử, điện lạnh, công nghệ thông tin, viễn thông…",,Hà Nội
239,CÔNG TY CP GIỐNG BÒ SỮA MỘC CHÂU,5500154060,"Sản xuất, chế biến và kinh doanh sữa, sản phẩm từ sữa","2,925,664",Sơn La
240,CÔNG TY CP EUROWINDOW,2500217526,"Sản xuất, kinh doanh vật liệu xây dựng",,Hà Nội
241,TỔNG CÔNG TY CÔNG NGHIỆP DẦU THỰC VẬT VIỆT NAM - CTCP,0300585984,"Sản xuất, chế biến và kinh doanh dầu ăn, mỡ động thực vật","1,495,931",TP Hồ Chí Minh
242,TỔNG CÔNG TY VẬT LIỆU XÂY DỰNG SỐ 1 - CTCP,0300402493,"Sản xuất, kinh doanh vật liệu xây dựng","1,460,847",TP Hồ Chí Minh
243,CÔNG TY TNHH VĨNH HIỆP,5900315114,"Sản xuất, chế biến và kinh doanh thực phẩm tươi sống, đông lạnh",,Gia Lai
244,CÔNG TY CP TẬP ĐOÀN THIÊN LONG,0301464830,Hoạt động công nghiệp khác,"2,668,275",TP Hồ Chí Minh
245,CÔNG TY CP THỦY SẢN SẠCH VIỆT NAM,2200325351,"Sản xuất, chế biến và kinh doanh thực phẩm đóng gói, ăn liền, đồ hộp",,Sóc Trăng
246,CÔNG TY CP RẠNG ĐÔNG HOLDING,0300384357,"Sản xuất, kinh doanh nhựa và sản phẩm từ nhựa","2,711,376",TP Hồ Chí Minh
247,CÔNG TY CP TẬP ĐOÀN HOÀNG LONG,1100414052,Xây dựng,"2,527,103",Long An
248,CÔNG TY CP TẬP ĐOÀN BAMBOO CAPITAL,0311315789,Dịch vụ khác,"2,589,459",TP Hồ Chí Minh
249,CÔNG TY CP GEMADEPT,0301116791,Vận tải đường biển,"3,206,290",TP Hồ Chí Minh
250,CÔNG TY CP SÀI GÒN FOOD,0302994301,"Sản xuất, chế biến và kinh doanh thực phẩm đóng gói, ăn liền, đồ hộp",,TP Hồ Chí Minh
251,NGÂN HÀNG TMCP XĂNG DẦU PETROLIMEX,1400116233,Ngân hàng,,Hà Nội
252,CÔNG TY CP XÂY DỰNG HỢP LỰC,0103711478,Xây dựng,,Hà Nội
253,CÔNG TY CP VẬT TƯ NÔNG SẢN,0100104066,"Sản xuất, kinh doanh phân bón, thuốc trừ sâu",,Hà Nội
254,CÔNG TY TNHH ĐẦU TƯ ĐỊA ỐC THÀNH PHỐ,0302980690,Kinh doanh bất động sản,,TP Hồ Chí Minh
255,CÔNG TY TNHH CƠ KHÍ XÂY DỰNG DST VIỆT NAM,0106462325,"Sản xuất, gia công kim loại, sắt thép, kim khí…",,Hà Nội
256,CÔNG TY TNHH THƯƠNG MẠI VÀ CÔNG NGHIỆP MỸ VIỆT,0900239753,"Sản xuất, kinh doanh máy móc, sản phẩm cơ khí khác",,Hưng Yên
257,TỔNG CÔNG TY CP BẢO HIỂM QUÂN ĐỘI,0102385623,Bảo hiểm,"2,655,713",Hà Nội
258,CÔNG TY CP ĐẦU TƯ VÀ XÂY DỰNG XUÂN MAI,0500443916,Xây dựng,"1,612,653",Hà Nội
259,CÔNG TY TNHH MTV BÒ SỮA VIỆT NAM,5000268824,Chăn nuôi,,TP Hồ Chí Minh
260,CÔNG TY CP THÉP VÀ VẬT TƯ XÂY DỰNG,0101967587,"Kinh doanh kim loại, sắt thép, kim khí…",,Hà Nội
261,CÔNG TY TNHH MTV THỨC ĂN THỦY SẢN MEKONG,1401934305,"Sản xuất, kinh doanh thức ăn chăn nuôi",,Đồng Tháp
262,CÔNG TY CP KỸ THUẬT SIGMA,0101600518,Hoạt động xây dựng khác,,Hà Nội
263,CÔNG TY CP CƠ ĐIỆN TRẦN PHÚ,0100106063,"Sản xuất, kinh doanh thiết bị điện",,Hà Nội
264,CÔNG TY CP VINAFREIGHT,0302511219,Hoạt động khác hỗ trợ cho vận tải,"4,895,878",TP Hồ Chí Minh
265,CÔNG TY CP NHỰA HƯNG YÊN,0900108380,"Sản xuất, kinh doanh nhựa và sản phẩm từ nhựa",,Hưng Yên
266,CÔNG TY CP ỐNG ĐỒNG TOÀN PHÁT,0900246768,"Sản xuất, gia công kim loại, sắt thép, kim khí…",,Hưng Yên
267,CÔNG TY CP TƯ VẤN VÀ XÂY DỰNG PHÚ XUÂN,0101185572,Xây dựng,,Hà Nội
268,TỔNG CÔNG TY THIẾT BỊ ĐIỆN ĐÔNG ANH - CTCP,0100101322,"Sản xuất, kinh doanh thiết bị điện","2,116,604",Hà Nội
269,CÔNG TY CP TẬP ĐOÀN TOJI,0101261431,"Sản xuất, kinh doanh thiết bị điện",,Hà Nội
270,CÔNG TY TNHH XÂY DỰNG TỰ LẬP,2600251062,Xây dựng,,Phú Thọ
271,CÔNG TY TNHH XUẤT NHẬP KHẨU VI NA ĐẠI VIỆT,3602576702,"Sản xuất, chế biến và kinh doanh thực phẩm tươi sống, đông lạnh",,Đồng Nai
272,CÔNG TY CP MEGRAM,0105284398,"Sản xuất, kinh doanh thiết bị điện",,Hà Nội
273,CÔNG TY TNHH THIẾT BỊ ĐIỆN LIOA,0900246535,"Sản xuất, kinh doanh thiết bị điện",,Hưng Yên
274,CÔNG TY CP LICOGI 13,0100106426,Xây dựng,"2,439,778",Hà Nội
275,CÔNG TY TNHH XUẤT NHẬP KHẨU - THƯƠNG MẠI - CÔNG NGHỆ - DỊCH VỤ HÙNG DUY,3900212443,"Sản xuất, chế biến và kinh doanh gạo, ngũ cốc, sản phẩm nghiền, đồ khô",,Tây Ninh
276,CÔNG TY CP THƯƠNG MẠI CITICOM,0101370014,"Kinh doanh kim loại, sắt thép, kim khí…",,Hà Nội
277,CÔNG TY CP ĐẦU TƯ THƯƠNG MẠI XNK VIỆT PHÁT,0200826844,"Khai thác, chế biến, kinh doanh quặng kim loại và hoạt động hỗ trợ","3,863,572",Hải Phòng
278,TỔNG CÔNG TY 36,0105454762,Xây dựng,"1,161,553",Hà Nội
279,TỔNG CÔNG TY LICOGI- CTCP,0100106440,Xây dựng,"1,988,415",Hà Nội
280,CÔNG TY CP HAWEE CƠ ĐIỆN,0101466566,Hoạt động xây dựng khác,,Hà Nội
281,CÔNG TY CP THỰC PHẨM CHOLIMEX,0304475742,"Sản xuất, chế biến và kinh doanh thực phẩm khác","2,508,601",TP Hồ Chí Minh
282,TỔNG CÔNG TY CỔ PHẦN BẢO HIỂM SÀI GÒN - HÀ NỘI,0103085460,Bảo hiểm,,Hà Nội
283,CÔNG TY CP ĐẦU TƯ VĂN PHÚ - INVEST,0102702590,Kinh doanh bất động sản,"2,610,596",Hà Nội
284,CÔNG TY CP ĐẦU TƯ VÀ PHÁT TRIỂN BẤT ĐỘNG SẢN AN GIA,0311500196,Kinh doanh bất động sản,"1,808,365",TP Hồ Chí Minh
285,CÔNG TY CP XÂY DỰNG PHƯỚC THÀNH,0303615482,Xây dựng,,TP Hồ Chí Minh
286,CÔNG TY CP ECOBA VIỆT NAM,0104415496,Xây dựng,,Hà Nội
287,CÔNG TY CP CHỨNG KHOÁN TP. HỒ CHÍ MINH,0302910950,Chứng khoán,"4,460,113",TP Hồ Chí Minh
288,CÔNG TY TNHH THƯƠNG MẠI XÂY DỰNG VẬN TẢI THANH LONG,0304133227,"Sản xuất, kinh doanh vật liệu xây dựng",,TP Hồ Chí Minh
289,CÔNG TY CP ĐÓNG TÀU VÀ VẬN TẢI BIỂN NAM PHÁT,5701483604,Công nghiệp đóng tàu và thuyền,,Quảng Ninh
290,TỔNG CÔNG TY HÓA CHẤT VÀ DỊCH VỤ DẦU KHÍ - CTCP,0100150873,"Thăm dò, khai thác dầu mỏ và hoạt động hỗ trợ","2,760,260",Hà Nội
291,CÔNG TY CP TẬP ĐOÀN VINACAM,0303800051,"Sản xuất, kinh doanh phân bón, thuốc trừ sâu",,TP Hồ Chí Minh
292,CÔNG TY CP ĐẦU TƯ DU LỊCH VÀ PHÁT TRIỂN THỦY SẢN,1600895650,Hoạt động xây dựng khác,,Đồng Tháp
293,CÔNG TY CP BẤT ĐỘNG SẢN THẾ KỶ,0101160306,Kinh doanh bất động sản,"5,597,582",Hà Nội
294,CÔNG TY CP NHỰA BẢO VÂN,3700257662,"Sản xuất, kinh doanh nhựa và sản phẩm từ nhựa",,Bình Dương
295,CÔNG TY CP TẬP ĐOÀN CIENCO4,2900324850,Xây dựng,"1,885,076",Hà Nội
296,CÔNG TY CP MÁY TÍNH VĨNH XUÂN,0100516045,"Sản xuất, kinh doanh thiết bị điện tử, điện lạnh, công nghệ thông tin, viễn thông…",,Hà Nội
297,CÔNG TY CP KỸ NGHỆ THỰC PHẨM VIỆT NAM (VIFON),0300627384,"Sản xuất, chế biến và kinh doanh thực phẩm đóng gói, ăn liền, đồ hộp",,TP Hồ Chí Minh
298,CÔNG TY CP TẬP ĐOÀN ĐẠT PHƯƠNG,0101218757,Xây dựng,"2,545,456",Hà Nội
299,CÔNG TY CP CHỨNG KHOÁN VNDIRECT,0102065366,Chứng khoán,"6,039,233",Hà Nội
300,TỔNG CÔNG TY CP PHONG PHÚ,0301446006,"Sản xuất, kinh doanh sợi, sản phẩm dệt","1,652,139",TP Hồ Chí Minh
301,CÔNG TY CP ĐỒNG TÂM,1100548578,Kinh doanh bất động sản,,Long An
302,CÔNG TY CP ĐẦU TƯ LBM,0308783233,"Sản xuất, kinh doanh máy móc, sản phẩm cơ khí khác",,TP Hồ Chí Minh
303,CÔNG TY CP THỰC PHẨM AN LONG,1100814572,"Sản xuất, chế biến và kinh doanh dầu ăn, mỡ động thực vật",,Long An
304,CÔNG TY TNHH HÙNG CÁ,1400528082,"Sản xuất, chế biến và kinh doanh thực phẩm đóng gói, ăn liền, đồ hộp",,Đồng Tháp
305,CÔNG TY CP SAM HOLDINGS,3600253537,"Sản xuất, kinh doanh thiết bị điện","1,888,697",TP Hồ Chí Minh
306,CÔNG TY CP GAVI,1601645981,"Sản xuất, chế biến và kinh doanh gạo, ngũ cốc, sản phẩm nghiền, đồ khô",,An Giang
307,CÔNG TY CP ĐẦU TƯ APAX HOLDINGS,0105824156,Dịch vụ khác,"1,733,836",Hà Nội
308,CÔNG TY CP XĂNG DẦU TÍN NGHĨA,3601038204,Kinh doanh xăng dầu và các sản phẩm liên quan,,Đồng Nai
309,CÔNG TY CP KHO VẬN MIỀN NAM,0300645369,"Kho bãi, bốc xếp hàng hóa","686,821",TP Hồ Chí Minh
310,CÔNG TY CP KỸ THƯƠNG THIÊN HOÀNG,0101272578,"Sản xuất, kinh doanh vật liệu xây dựng",,Hà Nội
311,CÔNG TY CP BM WINDOWS,0313919539,Xây dựng,,TP Hồ Chí Minh
312,CÔNG TY CP ỐNG THÉP THUẬN PHÁT,0800902222,"Sản xuất, gia công kim loại, sắt thép, kim khí…",,Hải Dương
313,CÔNG TY CP DƯỢC PHẨM HÀ TÂY,0500391400,"Sản xuất dược phẩm, thiết bị y tế","1,609,364",Hà Nội
314,CÔNG TY CP XÂY DỰNG FLC FAROS,0105167581,Xây dựng,,Hà Nội
315,CÔNG TY CP TẬP ĐOÀN TRANG KHANH,0201725327,"Kinh doanh kim loại, sắt thép, kim khí…",,Hải Phòng
316,CÔNG TY CP TẬP ĐOÀN TONMAT,2300238060,"Sản xuất, gia công kim loại, sắt thép, kim khí…",,Bắc Ninh
317,CÔNG TY CP ĐẠI THIÊN LỘC,3700381282,"Sản xuất, kinh doanh máy móc, sản phẩm cơ khí khác","1,380,751",Bình Dương
318,CÔNG TY CP XÂY DỰNG SỐ 1,0300408745,Xây dựng,,TP Hồ Chí Minh
319,CÔNG TY TNHH THƯƠNG MẠI VÀ SẢN XUẤT NAM PHÁT,0101806244,"Sản xuất, kinh doanh máy móc, sản phẩm cơ khí khác",,Hà Nội
320,CÔNG TY CP TRAPHACO,0100108656,"Sản xuất dược phẩm, thiết bị y tế","2,160,840",Hà Nội
321,CÔNG TY CP PHÂN BÓN HÓA CHẤT DẦU KHÍ MIỀN TRUNG,4100733174,"Sản xuất, kinh doanh phân bón, thuốc trừ sâu","3,036,619",Bình Định
322,CÔNG TY TNHH HÒA BÌNH,0100276146,"Bán lẻ hàng tiêu dùng nhanh trong siêu thị, cửa hàng tiện lợi, chợ truyền thông",,Hà Nội
323,CÔNG TY CP ĐỊA ỐC SÀI GÒN THƯƠNG TÍN,0303315400,Kinh doanh bất động sản,"1,683,184",TP Hồ Chí Minh
324,CÔNG TY CP TRUNG ĐÔNG,3600669165,"Sản xuất, kinh doanh nhựa và sản phẩm từ nhựa",,Đồng Nai
325,CÔNG TY CP B.C.H,0800286887,"Kinh doanh kim loại, sắt thép, kim khí…",,Hải Dương
326,CÔNG TY TNHH THÉP NHẬT QUANG,0900234699,"Sản xuất, gia công kim loại, sắt thép, kim khí…",,Hưng Yên
327,CÔNG TY CP MÍA ĐƯỜNG LAM SƠN,2800463346,"Sản xuất, chế biến và kinh doanh đường","2,041,296",Thanh Hoá
328,CÔNG TY CP LOUIS HOLDINGS,1101573295,Dịch vụ tài chính khác,,TP Hồ Chí Minh
329,"CÔNG TY CP ĐẦU TƯ, THƯƠNG MẠI VÀ DỊCH VỤ - VINACOMIN",0200170658,"Khai thác, kinh doanh than và hoạt động hỗ trợ","1,460,351",Hà Nội
330,CÔNG TY TNHH BÊ TÔNG VÀ XÂY DỰNG MINH ĐỨC,0200611969,"Sản xuất, kinh doanh vật liệu xây dựng",,Hải Phòng
331,CÔNG TY CP DƯỢC PHẨM ECO,0102637020,"Kinh doanh, phân phối dược phẩm, thiết bị y tế",,Hà Nội
332,CÔNG TY CP CHỨNG KHOÁN SÀI GÒN - HÀ NỘI,0102524651,Chứng khoán,"-64,305",Hà Nội
333,CÔNG TY CP ĐẦU TƯ XÂY DỰNG VÀ THƯƠNG MẠI QUỐC TẾ - ICT,0100828742,Công nghiệp khác,,Hà Nội
334,CÔNG TY CP TẬP ĐOÀN GIỐNG CÂY TRỒNG VIỆT NAM,0101449271,Hoạt động nông nghiệp khác,"1,928,606",Hà Nội
335,CÔNG TY CP ĐẦU TƯ VÀ KINH DOANH THÉP NHÂN LUẬT,0400102616,"Kinh doanh kim loại, sắt thép, kim khí…",,Đà Nẵng
336,CÔNG TY CP BẢO HIỂM VIỄN ĐÔNG,0303099446,Bảo hiểm,,TP Hồ Chí Minh
337,CÔNG TY CP SẢN XUẤT VÀ CÔNG NGHỆ NHỰA PHA LÊ,0103018538,"Sản xuất, kinh doanh nhựa và sản phẩm từ nhựa","2,412,715",Hải Phòng
338,CÔNG TY CP ĐẦU TƯ VÀ XÂY DỰNG TIỀN GIANG,1200526842,Xây dựng,"1,318,964",Tiền Giang
339,BMB STEEL,3700778489,Xây dựng,,Bình Dương
340,CÔNG TY CP TẬP ĐOÀN AUSTDOOR,0101306139,"Sản xuất, kinh doanh vật liệu xây dựng",,Hà Nội
341,CÔNG TY TNHH SAO MAI SUPER FEED,1401976866,"Sản xuất, kinh doanh thức ăn chăn nuôi",,Đồng Tháp
342,CÔNG TY CP SADICO CẦN THƠ,1800155452,"Sản xuất, kinh doanh trang phục","1,353,508",Cần Thơ
343,NGÂN HÀNG TMCP SÀI GÒN CÔNG THƯƠNG,0300610408,Ngân hàng,"589,171",Thái Bình
344,CÔNG TY CP TẬP ĐOÀN NHỰA ĐÔNG Á,0101099228,"Sản xuất, kinh doanh nhựa và sản phẩm từ nhựa","1,953,961",Hà Nội
345,CÔNG TY TNHH THƯƠNG MẠI THÉP TOÀN THẮNG,0301424404,"Kinh doanh kim loại, sắt thép, kim khí…",,TP Hồ Chí Minh
346,CÔNG TY TÀI CHÍNH CP ĐIỆN LỰC,0102806367,Ngân hàng,"786,127",Hà Nội
347,CÔNG TY CP CHỨNG KHOÁN BẢN VIỆT,0305299779,Chứng khoán,"3,707,069",TP Hồ Chí Minh
348,CÔNG TY CP VẬN TẢI DẦU KHÍ THÁI BÌNH DƯƠNG,0305475110,Vận tải đường biển,"1,244,003",TP Hồ Chí Minh
349,CÔNG TY CP DỆT 10/10,0100100590,"Sản xuất, kinh doanh trang phục",,Hà Nội
350,CÔNG TY CP THƯƠNG MẠI XUẤT NHẬP KHẨU DẦU KHÍ MINH ĐỨC,0313094165,Kinh doanh xăng dầu và các sản phẩm liên quan,,TP Hồ Chí Minh
351,TỔNG CÔNG TY XÂY DỰNG BẠCH ĐẰNG,0200157840,Xây dựng,,Hải Phòng
352,TỔNG CÔNG TY ĐỨC GIANG - CTCP,0100101403,"Sản xuất, kinh doanh trang phục","1,915,407",Hà Nội
353,CÔNG TY CP SCI,0101405355,Xây dựng,"6,451,445",Hà Nội
354,CÔNG TY TNHH THƯƠNG MẠI DỊCH VỤ SẢN XUẤT GIẤY KHẢI HOÀN,0306012059,"Sản xuất, kinh doanh giấy và các sản phẩm từ giấy",,TP Hồ Chí Minh
355,CÔNG TY TNHH RITA VÕ,0302802627,"Sản xuất, kinh doanh vật liệu xây dựng",,Hà Nội
356,CÔNG TY CP DATVIET MEDIA,0304752594,Quảng cáo và nghiên cứu thị trường,,TP Hồ Chí Minh
357,CÔNG TY CP VIỄN THÔNG - TIN HỌC BƯU ĐIỆN (CTIN),0100683374,"Sản xuất, kinh doanh thiết bị điện tử, điện lạnh, công nghệ thông tin, viễn thông…",,Hà Nội
358,CÔNG TY CP HẢI ĐĂNG,3900513521,Xây dựng,,TP Hồ Chí Minh
359,CÔNG TY CP THIỆN PHÚ SĨ,0303376241,"Sản xuất, kinh doanh nhựa và sản phẩm từ nhựa",,Long An
360,CÔNG TY TNHH XÂY DỰNG TUẤN LÊ,0307859271,Xây dựng,,TP Hồ Chí Minh
361,CÔNG TY CP DƯỢC - THIẾT BỊ Y TẾ ĐÀ NẴNG,0400101404,"Kinh doanh, phân phối dược phẩm, thiết bị y tế","1,546,299",Đà Nẵng
362,CÔNG TY CP VẬN TẢI SẢN PHẨM KHÍ QUỐC TẾ,0305390530,Vận tải đường biển,"1,631,605",TP Hồ Chí Minh
363,CÔNG TY CP XÂY DỰNG CDC,0105283073,Xây dựng,,Hà Nội
364,CÔNG TY CP DẦU THỰC VẬT TÂN BÌNH,0303587122,"Sản xuất, chế biến và kinh doanh dầu ăn, mỡ động thực vật",,TP Hồ Chí Minh
365,CÔNG TY CP XÂY DỰNG PHỤC HƯNG HOLDINGS,0101311315,Xây dựng,"289,459",Hà Nội
366,CÔNG TY TNHH TNI KING COFFEE,0313743966,"Sản xuất, chế biến và kinh doanh đồ uống không cồn",,TP Hồ Chí Minh
367,CÔNG TY CP ĐỊA ỐC PHÚ LONG,0303739921,Kinh doanh bất động sản,,TP Hồ Chí Minh
368,CÔNG TY CP TỔNG CÔNG TY MAY ĐỒNG NAI,3600506058,"Sản xuất, kinh doanh trang phục",,Đồng Nai
369,CÔNG TY CP XUẤT NHẬP KHẨU THUẬN MINH,0309828977,"Sản xuất, chế biến và kinh doanh gạo, ngũ cốc, sản phẩm nghiền, đồ khô",,TP Hồ Chí Minh
370,CÔNG TY CỔ PHẦN SEAREFICO,0301825452,Hoạt động xây dựng khác,"930,440",TP Hồ Chí Minh
371,CÔNG TY TNHH THƯƠNG MẠI THÉP NAM VIỆT,0301985093,"Kinh doanh kim loại, sắt thép, kim khí…",,TP Hồ Chí Minh
372,CÔNG TY TNHH CỎ MAY LAI VUNG,1401598685,"Sản xuất, kinh doanh thức ăn chăn nuôi",,Đồng Tháp
373,CÔNG TY TNHH THƯƠNG MẠI VÀ VẬN TẢI THÁI TÂN,0101188943,Bán lẻ khác,,Hà Nội
374,CÔNG TY CP CHỨNG KHOÁN TÂN VIỆT,0102117529,Chứng khoán,,Hà Nội
375,CÔNG TY CP XÂY LẮP VÀ VẬT TƯ XÂY DỰNG,0300588664,Xây dựng,,Thái Bình
376,CÔNG TY CP ĐẦU TƯ MAI TIẾN PHÁT,0309930593,"Sản xuất, kinh doanh thiết bị điện",,TP Hồ Chí Minh
377,CÔNG TY TNHH KIẾN VƯƠNG,0304355389,"Sản xuất, kinh doanh phân bón, thuốc trừ sâu",,TP Hồ Chí Minh
378,CÔNG TY CP PI CO,0102018260,"Bán lẻ điện tử, điện lạnh, viễn thông, công nghệ thông tin",,Hà Nội
379,CÔNG TY CP TẬP ĐOÀN C.E.O,0101183550,Kinh doanh bất động sản,"901,811",Hà Nội
380,CÔNG TY CP DƯỢC PHẨM IMEXPHARM,1400384433,"Sản xuất dược phẩm, thiết bị y tế","1,266,597",Đồng Tháp
381,CÔNG TY TNHH THƯƠNG MẠI DỊCH VỤ TIN HỌC AN PHÁT,0101468933,"Sản xuất, kinh doanh thiết bị điện tử, điện lạnh, công nghệ thông tin, viễn thông…",,Hà Nội
382,TỔNG CÔNG TY CP BẢO HIỂM HÀNG KHÔNG,0102737963,Bảo hiểm,,Hà Nội
383,CÔNG TY CP XÂY DỰNG SCG,0108704763,Xây dựng,"2,857,280",Hà Nội
384,CÔNG TY CP XÂY DỰNG VÀ CÔNG NGHIỆP NSN,0101428070,Hoạt động xây dựng khác,,Hà Nội
385,CÔNG TY TNHH THƯƠNG MẠI VÀ SẢN XUẤT HOÀNG MAI,0101179473,"Sản xuất, chế biến và kinh doanh bánh kẹo",,Hà Nội
386,TỔNG CÔNG TY CP BẢO HIỂM BẢO LONG,0301458065,Bảo hiểm,"1,092,236",Điện Biên
387,CÔNG TY CP KHOÁNG SẢN VÀ XÂY DỰNG BÌNH DƯƠNG,3700148825,Khai khoáng khác và kinh doanh các sản phẩm khác từ khai khoáng,"884,273",Bình Dương
388,CÔNG TY CP CAO SU SAO VÀNG,0100100625,"Sản xuất, kinh doanh cao su và sản phẩm từ cao su","955,715",Hà Nội
389,CÔNG TY CP CÔNG NGHIỆP Á MỸ,2500552524,"Sản xuất, kinh doanh vật liệu xây dựng",,Vĩnh Phúc
390,CÔNG TY CP THUẬN ĐỨC,0900264799,"Sản xuất, kinh doanh nhựa và sản phẩm từ nhựa",,Hưng Yên
391,CÔNG TY CP DAMSAN,1000389853,"Sản xuất, kinh doanh sợi, sản phẩm dệt","1,513,151",Thái Bình
392,CÔNG TY CP THƯƠNG MẠI THÉP INDECO,0313562014,"Kinh doanh kim loại, sắt thép, kim khí…",,TP Hồ Chí Minh
393,CÔNG TY TNHH CHẾ BIẾN DỪA LƯƠNG QUỚI,1300230895,"Sản xuất, chế biến và kinh doanh thực phẩm khác",,Bến Tre
394,CÔNG TY CP GIẤY VIỆT TRÌ,2600107284,"Sản xuất, kinh doanh giấy và các sản phẩm từ giấy","1,989,277",Phú Thọ
395,CÔNG TY CP CMC,2600106523,"Sản xuất, kinh doanh vật liệu xây dựng",,Phú Thọ
396,CÔNG TY CP KỸ THUẬT XÂY DỰNG DINCO,0400461301,Xây dựng,,Đà Nẵng
397,CÔNG TY CP KOSY,0102681319,Kinh doanh bất động sản,"1,106,568",Hà Nội
398,CÔNG TY CP TẬP ĐOÀN F.I.T,0102182140,Dịch vụ tài chính khác,"1,220,561",Hà Nội
399,CÔNG TY CP BIBICA,3600363970,"Sản xuất, chế biến và kinh doanh bánh kẹo","1,091,174",TP Hồ Chí Minh
400,CÔNG TY TNHH VINA,3600364780,"Sản xuất, kinh doanh thức ăn chăn nuôi",,Đồng Nai
401,CÔNG TY CP DƯỢC - TRANG THIẾT BỊ Y TẾ BÌNH ĐỊNH,4100259564,"Sản xuất dược phẩm, thiết bị y tế","1,558,504",Bình Định
402,CÔNG TY TNHH THƯƠNG MẠI DƯỢC PHẨM ĐÔNG Á,0100274124,"Kinh doanh, phân phối dược phẩm, thiết bị y tế",,Hà Nội
403,CÔNG TY CP PHÂN BÓN VÀ HÓA CHẤT DẦU KHÍ MIỀN BẮC,0102886450,"Sản xuất, kinh doanh phân bón, thuốc trừ sâu","2,056,374",Hà Nội
404,CÔNG TY CP TRUYỀN THÔNG TK - L,0300993574,Quảng cáo và nghiên cứu thị trường,,TP Hồ Chí Minh
405,CÔNG TY TNHH CÔNG NGHIỆP MINH HƯNG,1201044062,"Sản xuất, kinh doanh nhựa và sản phẩm từ nhựa",,Tiền Giang
406,CÔNG TY CP TƯ VẤN D.P,0302273109,"Sản xuất, kinh doanh thiết bị điện",,TP Hồ Chí Minh
407,CÔNG TY TNHH THƯƠNG MẠI KIM ĐỨC,0301921780,"Sản xuất, kinh doanh nhựa và sản phẩm từ nhựa",,TP Hồ Chí Minh
408,CÔNG TY CP PHÁT TRIỂN ĐẦU TƯ XÂY DỰNG HT,0314637978,Xây dựng,,TP Hồ Chí Minh
409,CÔNG TY CP DỊCH VỤ HÀNG HẢI HÀNG KHÔNG CON CÁ HEO,0305358801,Hoạt động khác hỗ trợ cho vận tải,,TP Hồ Chí Minh
410,CÔNG TY CP VẬT LIỆU XÂY DỰNG VÀ TRANG TRÍ NỘI THẤT TP. HỒ CHÍ MINH,0302495140,"Sản xuất, kinh doanh vật liệu xây dựng","819,486",TP Hồ Chí Minh
411,CÔNG TY CP TẬP ĐOÀN NGỌC DIỆP,0901019782,"Sản xuất, kinh doanh vật liệu xây dựng",,Hưng Yên
412,CÔNG TY CP XNK MÁY VÀ PHỤ TÙNG,0100107275,"Sản xuất, kinh doanh ô tô, xe máy, xe có động cơ và phụ kiện",,Hà Nội
413,CÔNG TY TNHH HOÀNG ĐẠI VƯƠNG,3600697236,"Sản xuất, kinh doanh giấy và các sản phẩm từ giấy",,Đồng Nai
414,CÔNG TY CP XÂY DỰNG 47,4100258747,Xây dựng,"881,943",Bình Định
415,CÔNG TY TNHH CÁ NGỪ VIỆT NAM,4201620427,"Sản xuất, chế biến và kinh doanh thực phẩm đóng gói, ăn liền, đồ hộp",,Khánh Hòa
416,CÔNG TY CP HÓA - DƯỢC PHẨM MEKOPHAR,0302533156,"Sản xuất dược phẩm, thiết bị y tế","1,129,847",TP Hồ Chí Minh
417,CÔNG TY CP CÔNG NGHIỆP ĐÔNG HƯNG,3700820571,"Sản xuất, kinh doanh sản phẩm da giầy",,Bình Dương
418,CÔNG TY CP BAO BÌ VÀ IN NÔNG NGHIỆP,0101508664,"In ấn, xuất bản","1,536,424",Hà Nội
419,CÔNG TY CP ĐẦU TƯ HẠ TẦNG GIAO THÔNG ĐÈO CẢ,0400101965,Xây dựng,"1,861,340",Đà Nẵng
420,CÔNG TY CP VẬN TẢI VÀ XẾP DỠ HẢI AN,0103818809,"Kho bãi, bốc xếp hàng hóa","1,955,301",Hà Nội
421,CÔNG TY CP LOGISTICS VINALINK,0301776205,Hoạt động khác hỗ trợ cho vận tải,"1,464,037",TP Hồ Chí Minh
422,CÔNG TY CP ĐẦU TƯ VÀ XÂY DỰNG VINA2,0100105895,Xây dựng,"885,141",Hà Nội
423,CÔNG TY CP TẬP ĐOÀN SƠN HÀ XANH,2500209363,"Sản xuất, kinh doanh máy móc, sản phẩm cơ khí khác",,Vĩnh Phúc
424,CÔNG TY CP TẬP ĐOÀN ĐẠI DƯƠNG,0102278484,Kinh doanh bất động sản,"409,277",Hà Nội
425,CÔNG TY CP NHÔM ĐÔ THÀNH,0100510501,"Sản xuất, gia công kim loại, sắt thép, kim khí…",,Hà Nội
426,CÔNG TY CP GẠCH MEN V.T.C,3600723398,"Sản xuất, kinh doanh vật liệu xây dựng",,Đồng Nai
427,CÔNG TY CP SIÊU THANH,0302563707,"Sản xuất, kinh doanh máy móc, sản phẩm cơ khí khác","784,648",TP Hồ Chí Minh
428,CÔNG TY TNHH TM QUỐC TẾ THỦY LINH,0101099475,"Sản xuất, kinh doanh thiết bị điện tử, điện lạnh, công nghệ thông tin, viễn thông…",,Hà Nội
429,CÔNG TY CP DƯỢC PHẨM AN THIÊN,0305706103,"Kinh doanh, phân phối dược phẩm, thiết bị y tế",,TP Hồ Chí Minh
430,CÔNG TY TNHH THANG MÁY & THIẾT BỊ THĂNG LONG,0101130774,"Sản xuất, kinh doanh vật liệu xây dựng",,Hà Nội
431,CÔNG TY CP DỊCH VỤ HÀNG KHÔNG SÂN BAY TÂN SƠN NHẤT (SASCO),0301123125,Bán lẻ,"321,078",TP Hồ Chí Minh
432,CÔNG TY TNHH CỬA SỔ VIỆT CHÂU Á ASEANWINDOW,0308779300,"Sản xuất, kinh doanh vật liệu xây dựng",,TP Hồ Chí Minh
433,CÔNG TY CP TẬP ĐOÀN TƯ VẤN ĐẦU TƯ XÂY DỰNG KIÊN GIANG,1700113586,Dịch vụ khác,"1,103,225",Kiên Giang
434,CÔNG TY CP CHỨNG KHOÁN MB,0106393583,Chứng khoán,"2,217,763",Hà Nội
435,CÔNG TY CP ĐẠI HỮU,0101206367,"Sản xuất, kinh doanh nhựa và sản phẩm từ nhựa",,Hà Nội
436,CÔNG TY CP DỊCH VỤ NÔNG NGHIỆP BÌNH THUẬN,3400382278,"Sản xuất, kinh doanh phân bón, thuốc trừ sâu","1,198,652",Bình Thuận
437,CÔNG TY CP TUẤN ĐẠT,4000378744,"Sản xuất, kinh doanh trang phục",,Quảng Nam
438,CÔNG TY TÀI CHÍNH CỔ PHẦN TÍN VIỆT,0102766770,Dịch vụ tài chính khác,"1,201,808",Hà Nội
439,CÔNG TY CP TẬP ĐOÀN NAGAKAWA,2500217389,"Sản xuất, kinh doanh thiết bị điện tử, điện lạnh, công nghệ thông tin, viễn thông…","1,404,424",Vĩnh Phúc
440,CÔNG TY CP ĐẦU TƯ QUỐC TẾ VÀ XUẤT NHẬP KHẨU DHT,0102036100,"Sản xuất, kinh doanh gỗ, sản phẩm từ gỗ và nội thất",,Hà Nội
441,CÔNG TY CP ĐẦU TƯ VCN,4200644489,Kinh doanh bất động sản,,Khánh Hòa
442,CÔNG TY CP DƯỢC PHẨM NAM HÀ,0600206147,"Sản xuất dược phẩm, thiết bị y tế",,Nam Định
443,CÔNG TY CP ĐẦU TƯ XÂY DỰNG BCONS,0312173537,Xây dựng,,TP Hồ Chí Minh
444,CÔNG TY CP ĐÔNG GIANG,0900220897,"Sản xuất, kinh doanh thiết bị điện",,Hưng Yên
445,CÔNG TY TNHH MTV THƯƠNG MẠI THÀNH PHÁT,4300369451,"Sản xuất, chế biến và kinh doanh đồ uống có cồn",,Quảng Ngãi
446,CÔNG TY CP VINAFCO,0100108504,Vận tải đường bộ,"1,245,217",TP Hồ Chí Minh
447,CÔNG TY CP ĐẦU TƯ XÂY DỰNG SOL E&C,0313541575,Xây dựng,,TP Hồ Chí Minh
448,TỔNG CÔNG TY THƯƠNG MẠI HÀ NỘI - CTCP,0100101273,"Bán lẻ hàng tiêu dùng nhanh trong siêu thị, cửa hàng tiện lợi, chợ truyền thông","618,505",Hà Nội
449,CÔNG TY CP XÂY DỰNG AN PHÚ GIA,0304172307,Xây dựng,,TP Hồ Chí Minh
450,CÔNG TY CP XÂY LẮP THƯƠNG MẠI 2,0300584155,Xây dựng,"418,594",TP Hồ Chí Minh
451,CÔNG TY CP DƯỢC MEDIPHARCO,3300101406,"Kinh doanh, phân phối dược phẩm, thiết bị y tế",,Thừa Thiên Huế
452,CÔNG TY CP AZB,0310734321,Xây dựng,,TP Hồ Chí Minh
453,CÔNG TY CP THIẾT BỊ VẬT TƯ Y TẾ THANH HOÁ,2800588271,"Kinh doanh, phân phối dược phẩm, thiết bị y tế",,Thanh Hoá
454,CÔNG TY TNHH TRUYỀN THÔNG BEE,0314115227,"Truyền hình, phát thanh, phim ảnh",,TP Hồ Chí Minh
455,CÔNG TY TNHH DELOITTE VIỆT NAM,0100112500,Dịch vụ khác,,Hà Nội
456,CÔNG TY TNHH SẢN XUẤT TẬP ĐOÀN ĐẠI VIỆT,1101928050,"Sản xuất, kinh doanh thiết bị điện tử, điện lạnh, công nghệ thông tin, viễn thông…",,Long An
457,CÔNG TY CP BÊ TÔNG 620 CHÂU THỚI,1500419552,"Sản xuất, kinh doanh vật liệu xây dựng",,Vĩnh Long
458,CÔNG TY CP CƠ ĐIỆN ĐOÀN NHẤT,0305289273,Hoạt động xây dựng khác,,TP Hồ Chí Minh
459,CÔNG TY CP BÓNG ĐÈN ĐIỆN QUANG,0300363808,"Sản xuất, kinh doanh thiết bị điện","733,831",Thái Bình
460,CÔNG TY CP DƯỢC PHẨM OPC,0302560110,"Sản xuất dược phẩm, thiết bị y tế","1,123,728",TP Hồ Chí Minh
461,CÔNG TY CP KHÓA VIỆT - TIỆP,0100100537,"Sản xuất, kinh doanh đồ dùng gia đình",,Hà Nội
462,CÔNG TY CP GIAO DỊCH HÀNG HÓA TÂY NGUYÊN,6001552050,"Sản xuất, chế biến và kinh doanh đồ uống không cồn",,TP Hồ Chí Minh
463,CÔNG TY CP NHẬT TIẾN,0200919993,"Kinh doanh kim loại, sắt thép, kim khí…",,Hải Phòng
464,CÔNG TY CP DÂY CÁP ĐIỆN DAPHACO,0302008774,"Sản xuất, kinh doanh thiết bị điện",,TP Hồ Chí Minh
465,CÔNG TY TNHH THƯƠNG MẠI VÀ SẢN XUẤT DẦU THỰC VẬT MINH HUÊ,0304391796,"Sản xuất, chế biến và kinh doanh dầu ăn, mỡ động thực vật",,TP Hồ Chí Minh
466,MINH HƯNG GROUP,1200748517,"Sản xuất, kinh doanh hóa chất khác",,Tiền Giang
467,CÔNG TY CP TẬP ĐOÀN ĐUA FAT,0104008162,Xây dựng,,Hà Nội
468,CÔNG TY CP ĐẦU TƯ XÂY DỰNG HẠ TẦNG VÀ PHÁT TRIỂN NÔNG THÔN,0101093709,"Sản xuất, kinh doanh vật liệu xây dựng",,Hà Nội
469,CÔNG TY CP HỢP NHẤT QUỐC TẾ,0305141894,"Bưu chính, chuyển phát",,Hà Nội
470,CÔNG TY CP SƠN HẢI PHÒNG,0200575580,"Sản xuất, kinh doanh hóa chất khác",,Hải Phòng
471,TỔNG CÔNG TY CỔ PHẦN MIỀN TRUNG,2800976203,Xây dựng,,Thanh Hoá
472,CÔNG TY CỔ PHẦN ĐẦU TƯ CÔNG NGHỆ HACOM,0101161194,"Sản xuất, kinh doanh thiết bị điện tử, điện lạnh, công nghệ thông tin, viễn thông…",,Hà Nội
473,CÔNG TY CP VILACONIC,2901274715,"Sản xuất, chế biến và kinh doanh gạo, ngũ cốc, sản phẩm nghiền, đồ khô",,Nghệ An
474,CÔNG TY CP BÊ TÔNG LY TÂM THỦ ĐỨC 1,3700912751,"Sản xuất, kinh doanh vật liệu xây dựng",,Bình Dương
475,CÔNG TY CP TIẾN HƯNG,2300223949,"Sản xuất, chế biến và kinh doanh gạo, ngũ cốc, sản phẩm nghiền, đồ khô",,Bắc Ninh
476,CÔNG TY CP SAO THÁI DUONG,0101252356,"Sản xuất dược phẩm, thiết bị y tế",,Hà Nội
477,CÔNG TY CP XÂY DỰNG CBC,0313717010,Xây dựng,,TP Hồ Chí Minh
478,CÔNG TY CP CÔNG NÔNG NGHIỆP TIẾN NÔNG,2800142141,"Sản xuất, kinh doanh phân bón, thuốc trừ sâu",,Thanh Hoá
479,CÔNG TY CP MAY VIỆT THỊNH,0303614739,"Sản xuất, kinh doanh trang phục",,TP Hồ Chí Minh
480,CÔNG TY TNHH FSI VIỆT NAM,0103812250,"Sản xuất, kinh doanh hóa chất khác",,Hà Nội
481,CÔNG TY CP DỊCH VỤ CÔNG NGHỆ TIN HỌC HPT,0301447426,Hoạt động thông tin khác,,TP Hồ Chí Minh
482,CÔNG TY CP DẦU KHÍ THÁI DƯƠNG,2400345718,Kinh doanh xăng dầu và các sản phẩm liên quan,"1,458,002",Bắc Giang
483,CÔNG TY CP MIZA,0105028958,"Sản xuất, kinh doanh giấy và các sản phẩm từ giấy",,Hà Nội
484,CÔNG TY CP VẬN TẢI 1 TRACO,0200380768,Hoạt động khác hỗ trợ cho vận tải,,Hải Phòng
485,CÔNG TY CP NỘI THẤT 190,0200656938,"Sản xuất, kinh doanh gỗ, sản phẩm từ gỗ và nội thất",,Hải Phòng
486,CÔNG TY TNHH XÂY DỰNG LÊ PHAN,0301125316,"Sản xuất, kinh doanh vật liệu xây dựng",,TP Hồ Chí Minh
487,CÔNG TY CP THƯƠNG MẠI DỊCH VỤ THIÊN NAM HOÀ,0302429934,"Sản xuất, kinh doanh thiết bị điện",,TP Hồ Chí Minh
488,CÔNG TY TNHH XE ĐIỆN XE MÁY DETECH,0900189171,"Sản xuất, kinh doanh ô tô, xe máy, xe có động cơ và phụ kiện",,Hưng Yên
489,CÔNG TY CỔ PHẦN ĐẦU TƯ EVERLAND,0104228175,Kinh doanh bất động sản,"968,373",Hà Nội
490,CÔNG TY TNHH NHỰA LONG THÀNH,0301275199,"Sản xuất, kinh doanh nhựa và sản phẩm từ nhựa",,TP Hồ Chí Minh
491,CÔNG TY TNHH DINH DƯỠNG QUỐC TẾ VIỆT ĐỨC,0102075540,"Sản xuất, kinh doanh thức ăn chăn nuôi",,Hà Nội
492,CÔNG TY CP TỔNG CÔNG TY XÂY DỰNG THĂNG LONG,0100105020,Xây dựng,"1,262,499",Hà Nội
493,CÔNG TY TNHH BẢO TÍN MINH CHÂU,0100683952,"Bán lẻ vàng, bạc và kim loại quý khác",,Hà Nội
494,CÔNG TY TNHH THƯƠNG MẠI THÉP ĐẠI TOÀN THẮNG,0301893928,"Kinh doanh kim loại, sắt thép, kim khí…",,TP Hồ Chí Minh
495,CÔNG TY CP TÔ THÀNH PHÁT,0301521415,"Sản xuất, kinh doanh vật liệu xây dựng",,TP Hồ Chí Minh
496,CÔNG TY CP THIẾT KẾ VÀ XÂY DỰNG GIZA VIỆT NAM,0106300187,Xây dựng,,Hà Nội
497,CÔNG TY CP SẢN XUẤT THƯƠNG MẠI SÀI GÒN,0302776127,"Sản xuất, kinh doanh vật liệu xây dựng",,TP Hồ Chí Minh
498,CÔNG TY CP IN VÀ BAO BÌ MỸ CHÂU,0301671386,Hoạt động công nghiệp khác,"431,298",TP Hồ Chí Minh
499,CÔNG TY CỔ PHẦN MẠC TÍCH,0301096513,"Sản xuất, kinh doanh máy móc, sản phẩm cơ khí khác",,Đồng Nai
500,CÔNG TY TNHH XÂY DỰNG CÔNG TRÌNH HÙNG VƯƠNG,0301115156,"Sản xuất, kinh doanh vật liệu xây dựng",,TP Hồ Chí Minh
501,CÔNG TY TNHH ONPOINT,0314709816,Bán lẻ khác,,TP Hồ Chí Minh
502,CÔNG TY TNHH SAMSUNG ELECTRONICS VIỆT NAM THÁI NGUYÊN,4601124536,"Sản xuất, kinh doanh thiết bị điện tử, điện lạnh, công nghệ thông tin, viễn thông…",,Thái Nguyên
503,TẬP ĐOÀN ĐIỆN LỰC VIỆT NAM,0100100079,"Sản xuất, truyền tải, phân phối điện",,Hà Nội
504,TẬP ĐOÀN DẦU KHÍ VIỆT NAM,0100681592,"Thăm dò, khai thác dầu mỏ và hoạt động hỗ trợ",,Hà Nội
505,TẬP ĐOÀN CÔNG NGHIỆP - VIỄN THÔNG QUÂN ĐỘI,0100109106,Viễn thông,"136,096",Hà Nội
506,NGÂN HÀNG NÔNG NGHIỆP VÀ PHÁT TRIỂN NÔNG THÔN VIỆT NAM,0100686174,Ngân hàng,,Hà Nội
507,TẬP ĐOÀN XĂNG DẦU VIỆT NAM,0100107370,Kinh doanh xăng dầu và các sản phẩm liên quan,"169,008,605",Hà Nội
508,NGÂN HÀNG TMCP ĐẦU TƯ VÀ PHÁT TRIỂN VIỆT NAM,0100150619,Ngân hàng,,Hà Nội
509,TẬP ĐOÀN CÔNG NGHIỆP THAN - KHOÁNG SẢN VIỆT NAM,5700100256,"Khai thác, kinh doanh than và hoạt động hỗ trợ",,Hà Nội
510,NGÂN HÀNG TMCP CÔNG THƯƠNG VIỆT NAM,0100111948,Ngân hàng,"41,788,465",Hà Nội
511,NGÂN HÀNG TMCP NGOẠI THƯƠNG VIỆT NAM,0100112437,Ngân hàng,"42,399,617",Hà Nội
512,CÔNG TY CP CHĂN NUÔI C.P. VIỆT NAM,3600224423,"Sản xuất, kinh doanh thức ăn chăn nuôi",,Đồng Nai
513,TỔNG CÔNG TY KHÍ VIỆT NAM - CTCP,3500102710,"Thăm dò, khai thác dầu mỏ và hoạt động hỗ trợ","78,992,156",TP Hồ Chí Minh
514,TẬP ĐOÀN BƯU CHÍNH VIỄN THÔNG VIỆT NAM,0100684378,Viễn thông,,Hà Nội
515,NGÂN HÀNG TMCP QUÂN ĐỘI,0100283873,Ngân hàng,"26,199,554",Hà Nội
516,TẬP ĐOÀN BẢO VIỆT,0100111761,Bảo hiểm,"36,827,962",Hà Nội
517,TỔNG CÔNG TY HÀNG KHÔNG VIỆT NAM - CTCP,0100107518,Vận tải hàng không,"27,911,340",Hà Nội
518,TỔNG CÔNG TY DỊCH VỤ VIỄN THÔNG,0106869738,Viễn thông,,Hà Nội
519,TỔNG CÔNG TY PHÁT ĐIỆN 3 - CTCP,3502208399,"Sản xuất, truyền tải, phân phối điện","37,757,424",TP Hồ Chí Minh
520,TỔNG CÔNG TY PHÁT ĐIỆN 1,5701662152,"Sản xuất, truyền tải, phân phối điện",,Hà Nội
521,CÔNG TY TNHH INTEL PRODUCTS VIỆT NAM,0304295429,"Sản xuất, kinh doanh thiết bị điện tử, điện lạnh, công nghệ thông tin, viễn thông…",,TP Hồ Chí Minh
522,TỔNG CÔNG TY BẢO VIỆT NHÂN THỌ,0102641429,Bảo hiểm,,Hà Nội
523,CÔNG TY TNHH BẢO HIỂM NHÂN THỌ PRUDENTIAL VIỆT NAM,0301840443,Bảo hiểm,,TP Hồ Chí Minh
524,LIÊN HIỆP HỢP TÁC XÃ THƯƠNG MẠI TP. HỒ CHÍ MINH (CO.OP MART),0301175691,"Bán lẻ hàng tiêu dùng nhanh trong siêu thị, cửa hàng tiện lợi, chợ truyền thông",,TP Hồ Chí Minh
525,CÔNG TY TNHH QUỐC TẾ UNILEVER VIỆT NAM,0300762150,"Sản xuất, kinh doanh hóa mỹ phẩm",,TP Hồ Chí Minh
526,TỔNG CÔNG TY VIỄN THÔNG MOBIFONE,0100686209,Viễn thông,,Hà Nội
527,TỔNG CÔNG TY THÉP VIỆT NAM - CTCP,0100100047,"Kinh doanh kim loại, sắt thép, kim khí…","40,572,198",Hà Nội
528,TỔNG CÔNG TY ĐIỆN LỰC DẦU KHÍ VIỆT NAM - CTCP,0102276173,"Sản xuất, truyền tải, phân phối điện","24,560,949",Hà Nội
529,TỔNG CÔNG TY CP BIA RƯỢU NƯỚC GIẢI KHÁT SÀI GÒN,0300583659,"Sản xuất, chế biến và kinh doanh đồ uống có cồn","26,373,746",TP Hồ Chí Minh
530,TỔNG CÔNG TY XI MĂNG VIỆT NAM,0100106320,"Sản xuất, kinh doanh vật liệu xây dựng",,Hà Nội
531,TỔNG CÔNG TY PHÁT ĐIỆN 2 - CTCP,1800590430,"Sản xuất, truyền tải, phân phối điện","9,940,645",Cần Thơ
532,LIÊN DOANH VIỆT - NGA VIETSOVPETRO,3500102414,"Thăm dò, khai thác dầu mỏ và hoạt động hỗ trợ",,Bà Rịa - Vũng Tàu
533,TẬP ĐOÀN CÔNG NGHIỆP CAO SU VIỆT NAM - CTCP,0301266564,"Sản xuất, kinh doanh cao su và sản phẩm từ cao su","5,558,860",TP Hồ Chí Minh
534,CÔNG TY TNHH MTV VÀNG BẠC ĐÁ QUÝ SÀI GÒN - SJC,0301045759,"Bán lẻ vàng, bạc và kim loại quý khác",,TP Hồ Chí Minh
535,CÔNG TY TNHH MTV TỔNG CÔNG TY TÂN CẢNG SÀI GÒN,0300514849,"Kho bãi, bốc xếp hàng hóa",,Điện Biên
536,TỔNG CÔNG TY BƯU ĐIỆN VIỆT NAM,0102595740,"Bưu chính, chuyển phát",,Hà Nội
537,CÔNG TY TNHH ZUELLIG PHARMA VIỆT NAM,0100915699,"Kinh doanh, phân phối dược phẩm, thiết bị y tế",,Hà Nội
538,TỔNG CÔNG TY CP DỊCH VỤ KỸ THUẬT DẦU KHÍ VIỆT NAM,0100150577,"Thăm dò, khai thác dầu mỏ và hoạt động hỗ trợ","3,811,176",TP Hồ Chí Minh
539,TỔNG CÔNG TY CP ĐẦU TƯ QUỐC TẾ VIETTEL,0102409426,Viễn thông,"5,850,500",Hà Nội
540,CÔNG TY TNHH NƯỚC GIẢI KHÁT SUNTORY PEPSICO VIỆT NAM,0300816663,"Sản xuất, chế biến và kinh doanh đồ uống không cồn",,TP Hồ Chí Minh
541,TỔNG CÔNG TY THUỐC LÁ VIỆT NAM,0101216069,"Sản xuất, chế biến và kinh doanh thuốc lá",,Hà Nội
542,TỔNG CÔNG TY ĐÔNG BẮC,5700101468,"Khai thác, kinh doanh than và hoạt động hỗ trợ",,Quảng Ninh
543,TỔNG CÔNG TY TRUYỀN TẢI ĐIỆN QUỐC GIA,0102743068,"Sản xuất, truyền tải, phân phối điện",,Hà Nội
544,"CENTRAL RETAIL (GO! BIG C, TOP MARKET)",0105696842,"Bán lẻ hàng tiêu dùng nhanh trong siêu thị, cửa hàng tiện lợi, chợ truyền thông",,TP Hồ Chí Minh
545,CÔNG TY TNHH OLAM VIỆT NAM,6000346337,Hoạt động nông nghiệp khác,,Đắk Nông
546,TỔNG CÔNG TY CP BƯU CHÍNH VIETTEL,0104093672,"Bưu chính, chuyển phát","21,452,032",Hà Nội
547,CÔNG TY TNHH BẢO HIỂM NHÂN THỌ DAI-ICHI VIỆT NAM,0301851276,Bảo hiểm,,TP Hồ Chí Minh
548,CÔNG TY TNHH CALOFIC,5700101362,"Sản xuất, chế biến và kinh doanh dầu ăn, mỡ động thực vật",,Quảng Ninh
549,CÔNG TY TNHH CJ VINA AGRI,1100439762,"Sản xuất, kinh doanh thức ăn chăn nuôi",,Long An
550,CÔNG TY TNHH BẢO HIỂM NHÂN THỌ AIA (VIỆT NAM),0301930337,Bảo hiểm,,TP Hồ Chí Minh
551,CÔNG TY TNHH CARGILL VIỆT NAM,3600233178,"Sản xuất, kinh doanh thức ăn chăn nuôi",,Đồng Nai
552,TỔNG CÔNG TY LƯƠNG THỰC MIỀN BẮC,0100102608,"Sản xuất, chế biến và kinh doanh gạo, ngũ cốc, sản phẩm nghiền, đồ khô",,Hà Nội
553,CÔNG TY TNHH YAMAHA MOTOR VIỆT NAM,0100774342,"Sản xuất, kinh doanh ô tô, xe máy, xe có động cơ và phụ kiện",,Hà Nội
554,TẬP ĐOÀN DỆT MAY VIỆT NAM,0100100008,"Sản xuất, kinh doanh sợi, sản phẩm dệt","16,002,865",Hà Nội
555,CÔNG TY TNHH DE HEUS,3701091716,"Sản xuất, kinh doanh thức ăn chăn nuôi",,Vĩnh Long
556,CÔNG TY TNHH MM MEGA MARKET (VIỆT NAM),0302249586,"Bán lẻ hàng tiêu dùng nhanh trong siêu thị, cửa hàng tiện lợi, chợ truyền thông",,TP Hồ Chí Minh
557,CÔNG TY TNHH JAPFA COMFEED VIỆT NAM,2500175548,"Sản xuất, kinh doanh thức ăn chăn nuôi",,Vĩnh Phúc
558,TỔNG CÔNG TY VẬT TƯ NÔNG NGHIỆP,0100104468,"Sản xuất, kinh doanh phân bón, thuốc trừ sâu",,Hà Nội
559,NGÂN HÀNG TMCP ĐẠI CHÚNG VIỆT NAM,0101057919,Ngân hàng,,Hà Nội
560,CÔNG TY TNHH ĐIỆN LỰC AES MÔNG DƯƠNG,5701384498,"Sản xuất, truyền tải, phân phối điện",,Quảng Ninh
561,CÔNG TY CP ACECOOK VIỆT NAM,0300808687,"Sản xuất, chế biến và kinh doanh thực phẩm đóng gói, ăn liền, đồ hộp",,TP Hồ Chí Minh
562,TỔNG CÔNG TY BẢO HIỂM BẢO VIỆT,0101527385,Bảo hiểm,,Hà Nội
563,CÔNG TY TNHH NHÀ NƯỚC MTV THƯƠNG MẠI VÀ XUẤT NHẬP KHẨU VIETTEL,0104831030,"Bán lẻ điện tử, điện lạnh, viễn thông, công nghệ thông tin",,Hà Nội
564,CÔNG TY CP VIỆT - PHÁP SẢN XUẤT THỨC ĂN GIA SÚC (PROCONCO),3600234534,"Sản xuất, kinh doanh thức ăn chăn nuôi",,Đồng Nai
565,TỔNG CÔNG TY HÀNG HẢI VIỆT NAM - CTCP,0100104595,Vận tải đường biển,,Hà Nội
566,CÔNG TY TNHH UNI-PRESIDENT VIỆT NAM,3700306630,"Sản xuất, kinh doanh thức ăn chăn nuôi",,Bình Dương
567,CÔNG TY CP GREENFEED VIỆT NAM,1100598642,"Sản xuất, kinh doanh thức ăn chăn nuôi",,Long An
568,TỔNG CÔNG TY THƯƠNG MẠI XUẤT NHẬP KHẨU THANH LỄ - CTCP,3700146458,Kinh doanh xăng dầu và các sản phẩm liên quan,"11,901,762",Bình Dương
569,TỔNG CÔNG TY THƯƠNG MẠI SÀI GÒN - TNHH MTV,0300100037,"Bán lẻ hàng tiêu dùng nhanh trong siêu thị, cửa hàng tiện lợi, chợ truyền thông",,TP Hồ Chí Minh
570,TỔNG CÔNG TY CẢNG HÀNG KHÔNG VIỆT NAM - CTCP,0311638525,Hoạt động khác hỗ trợ cho vận tải,"4,752,036",TP Hồ Chí Minh
571,CÔNG TY CP THỰC PHẨM SỮA TH,0103414411,"Sản xuất, chế biến và kinh doanh sữa, sản phẩm từ sữa",,TP Hồ Chí Minh
572,CÔNG TY CP GANG THÉP THÁI NGUYÊN,4600100155,"Sản xuất, gia công kim loại, sắt thép, kim khí…","12,857,295",Thái Nguyên
573,CÔNG TY CP DAIKIN AIR CONDITIONING (VIETNAM),0301450108,"Sản xuất, kinh doanh thiết bị điện",,TP Hồ Chí Minh
574,CÔNG TY CP DỆT RENZE,3600852146,"Sản xuất, kinh doanh sợi, sản phẩm dệt",,Đồng Nai
575,CÔNG TY TNHH MTV DỊCH VỤ CƠ KHÍ HÀNG HẢI PTSC,3500790168,Công nghiệp đóng tàu và thuyền,,Bà Rịa - Vũng Tàu
576,CÔNG TY CP XI MĂNG VICEM HÀ TIÊN,0301446422,"Sản xuất, kinh doanh vật liệu xây dựng","7,064,342",TP Hồ Chí Minh
577,TỔNG CÔNG TY PHÂN BÓN VÀ HÓA CHẤT DẦU KHÍ - CTCP,0303165480,"Sản xuất, kinh doanh phân bón, thuốc trừ sâu","12,786,141",TP Hồ Chí Minh
578,CÔNG TY TNHH DENSO VIỆT NAM,0101210878,"Sản xuất, kinh doanh ô tô, xe máy, xe có động cơ và phụ kiện",,Hà Nội
579,TỔNG CÔNG TY CP BIA - RƯỢU - NƯỚC GIẢI KHÁT HÀ NỘI,0101376672,"Sản xuất, chế biến và kinh doanh đồ uống có cồn","6,950,539",Hà Nội
580,TỔNG CÔNG TY ĐẦU TƯ VÀ KINH DOANH VỐN NHÀ NƯỚC-CÔNG TY TNHH,0101992921,Dịch vụ tài chính khác,,Hà Nội
581,NGÂN HÀNG TNHH MTV SHINHAN VIỆT NAM,0309103635,Ngân hàng,,TP Hồ Chí Minh
582,CÔNG TY CP PHÂN BÓN DẦU KHÍ CÀ MAU,2001012298,"Sản xuất, kinh doanh phân bón, thuốc trừ sâu","9,869,763",Cà Mau
583,TỔNG CÔNG TY CP VẬN TẢI DẦU KHÍ,0302743192,Vận tải đường biển,"7,460,234",TP Hồ Chí Minh
584,CÔNG TY CP PHÂN PHỐI KHÍ THẤP ÁP DẦU KHÍ VIỆT NAM,0304998686,Kinh doanh xăng dầu và các sản phẩm liên quan,"8,996,080",TP Hồ Chí Minh
585,CÔNG TY CP HỮU HẠN VEDAN VIỆT NAM,3600239719,"Sản xuất, chế biến và kinh doanh thực phẩm khác",,Đồng Nai
586,CÔNG TY TNHH AEON VIỆT NAM,0311241512,"Bán lẻ hàng tiêu dùng nhanh trong siêu thị, cửa hàng tiện lợi, chợ truyền thông",,TP Hồ Chí Minh
587,CÔNG TY CP GIAO HÀNG TIẾT KIỆM,0106181807,"Bưu chính, chuyển phát",,Hà Nội
588,CÔNG TY TNHH FRIESLANDCAMPINA VIỆT NAM,3700229344,"Sản xuất, chế biến và kinh doanh sữa, sản phẩm từ sữa",,Bình Dương
589,TỔNG CÔNG TY KHÁNH VIỆT,4200486169,"Sản xuất, chế biến và kinh doanh thuốc lá",,Khánh Hòa
590,TỔNG CÔNG TY ĐẦU TƯ VÀ PHÁT TRIỂN CÔNG NGHIỆP - CTCP,3700145020,Kinh doanh bất động sản,"6,989,749",Bình Dương
591,CÔNG TY TNHH KIMBERLY CLARK VIỆT NAM,0100114522,"Sản xuất, kinh doanh giấy và các sản phẩm từ giấy",,Bình Dương
592,CÔNG TY TNHH FURUKAWA AUTOMOTIVE PARTS (VIETNAM),0300797153,"Sản xuất, kinh doanh thiết bị điện",,TP Hồ Chí Minh
593,TỔNG CÔNG TY ĐẦU TƯ PHÁT TRIỂN NHÀ VÀ ĐÔ THỊ (HUD),0100106144,Kinh doanh bất động sản,,Hà Nội
594,TỔNG CÔNG TY CP CÔNG TRÌNH VIETTEL,0104753865,Hoạt động xây dựng khác,"7,446,888",Hà Nội
595,TỔNG CÔNG TY SÔNG ĐÀ - CTCP,0100105870,Xây dựng,"1,559,852",Hà Nội
596,CÔNG TY TNHH EXPEDITORS VIỆT NAM,0312545104,Vận tải đường biển,,TP Hồ Chí Minh
597,CÔNG TY CP TETRA PAK VIỆT NAM,0302803331,"Sản xuất, kinh doanh máy móc, sản phẩm cơ khí khác",,TP Hồ Chí Minh
598,TỔNG CÔNG TY LẮP MÁY VIỆT NAM-CÔNG TY TNHH MTV,0100106313,Xây dựng,"3,826,142",Hà Nội
599,CÔNG TY CP KIM LOẠI MÀU VÀ NHỰA ĐỒNG VIỆT,0309174756,"Sản xuất, gia công kim loại, sắt thép, kim khí…",,TP Hồ Chí Minh
600,CÔNG TY CP ĐIỆN LỰC DẦU KHÍ NHƠN TRẠCH 2,3600897316,"Sản xuất, truyền tải, phân phối điện","6,149,584",Đồng Nai
601,TỔNG CÔNG TY CẤP NƯỚC SÀI GÒN - TNHH MTV,0301129367,"Cung cấp, kinh doanh nước",,TP Hồ Chí Minh
602,CÔNG TY TNHH THỰC PHẨM ORION VINA,3700667933,"Sản xuất, chế biến và kinh doanh bánh kẹo",,Bình Dương
603,CÔNG TY CP THƯƠNG MẠI KIÊN GIANG,1700523208,Kinh doanh xăng dầu và các sản phẩm liên quan,"5,675,011",Kiên Giang
604,TỔNG CÔNG TY CƠ KHÍ GIAO THÔNG VẬN TẢI SÀI GÒN - TNHH MTV,0300481551,"Sản xuất, kinh doanh ô tô, xe máy, xe có động cơ và phụ kiện",,TP Hồ Chí Minh
605,TỔNG CÔNG TY HÓA DẦU PETROLIMEX - CTCP,0101463614,Kinh doanh xăng dầu và các sản phẩm liên quan,"6,868,374",Hà Nội
606,CÔNG TY LIÊN DOANH SẢN XUẤT THÉP VINAUSTEEL,0200108811,"Sản xuất, gia công kim loại, sắt thép, kim khí…",,Hải Phòng
607,CÔNG TY TNHH THƯƠNG MẠI KHATOCO,4200485207,"Sản xuất, chế biến và kinh doanh thuốc lá",,Khánh Hòa
608,CÔNG TY CP PHÂN BÓN BÌNH ĐIỀN,0302975517,"Sản xuất, kinh doanh phân bón, thuốc trừ sâu","7,742,796",TP Hồ Chí Minh
609,TỔNG CÔNG TY CP KHOAN VÀ DỊCH VỤ KHOAN DẦU KHÍ,0302495126,"Thăm dò, khai thác dầu mỏ và hoạt động hỗ trợ","3,995,472",TP Hồ Chí Minh
610,CÔNG TY TNHH SIAM CITY CEMENT (VIETNAM) (INSEE),0300608568,"Sản xuất, kinh doanh vật liệu xây dựng",,TP Hồ Chí Minh
611,TỔNG CÔNG TY DƯỢC VIỆT NAM - CTCP,0100109385,"Kinh doanh, phân phối dược phẩm, thiết bị y tế","4,873,577",Hà Nội
612,CÔNG TY TNHH URC VIỆT NAM,3700549827,"Sản xuất, chế biến và kinh doanh bánh kẹo",,Bình Dương
613,CÔNG TY TNHH MTV HERBALIFE VIỆT NAM,0309069208,"Sản xuất, chế biến và kinh doanh thực phẩm khác",,TP Hồ Chí Minh
614,TỔNG CÔNG TY CP PHÁT TRIỂN KHU CÔNG NGHIỆP,3600335363,Kinh doanh bất động sản,"5,187,424",Đồng Nai
615,CÔNG TY CP VIỆT NAM KỸ NGHỆ SÚC SẢN (VISSAN),0300105356,"Sản xuất, chế biến và kinh doanh thực phẩm tươi sống, đông lạnh","4,292,766",TP Hồ Chí Minh
616,NGÂN HÀNG TNHH MTV HSBC (VIỆT NAM),0301232798,Ngân hàng,,TP Hồ Chí Minh
617,CÔNG TY CP GIAO NHẬN TOÀN CẦU DHL (VIỆT NAM),0305707643,Hoạt động khác hỗ trợ cho vận tải,,TP Hồ Chí Minh
618,CÔNG TY TNHH LE LONG VIỆT NAM,1100102656,"Sản xuất, kinh doanh thiết bị điện",,Long An
619,TỔNG CÔNG TY CÔNG NGHIỆP MỎ VIỆT BẮC TKV - CTCP,0100100015,"Khai thác, kinh doanh than và hoạt động hỗ trợ",,Hà Nội
620,CÔNG TY TÔN PHƯƠNG NAM,3600236891,"Sản xuất, kinh doanh máy móc, sản phẩm cơ khí khác",,Đồng Nai
621,CÔNG TY CP CÔNG NGHIỆP CAO SU MIỀN NAM,0300419930,"Sản xuất, kinh doanh cao su và sản phẩm từ cao su","4,839,508",TP Hồ Chí Minh
622,CÔNG TY TNHH BẢO HIỂM NHÂN THỌ CHUBB VIỆT NAM,0303845969,Bảo hiểm,,TP Hồ Chí Minh
623,CÔNG TY TNHH MTV XI MĂNG VICEM HOÀNG THẠCH,0800004797,"Sản xuất, kinh doanh vật liệu xây dựng",,Hải Dương
624,TỔNG CÔNG TY IDICO - CTCP,0302177966,Xây dựng,"4,301,236",TP Hồ Chí Minh
625,CÔNG TY CP CÁP ĐIỆN THỊNH PHÁT,0315767095,"Sản xuất, kinh doanh thiết bị điện",,TP Hồ Chí Minh
626,CÔNG TY TNHH GROBEST INDUSTRIAL (VIỆT NAM),3600456424,"Sản xuất, kinh doanh thức ăn chăn nuôi",,Đồng Nai
627,CÔNG TY CP MONDELEZ KINH ĐÔ VIỆT NAM,3700599641,"Sản xuất, chế biến và kinh doanh bánh kẹo",,Bình Dương
628,TỔNG CÔNG TY MÁY ĐỘNG LỰC VÀ MÁY NÔNG NGHIỆP VIỆT NAM - CTCP,0100103866,"Sản xuất, kinh doanh máy móc, sản phẩm cơ khí khác","4,019,247",Hà Nội
629,CÔNG TY CP DINH DƯỠNG NÔNG NGHIỆP QUỐC TẾ,3600618918,"Sản xuất, kinh doanh thức ăn chăn nuôi",,Đồng Nai
630,CÔNG TY CP ĐIỆN LỰC KHÁNH HÒA,4200601069,"Sản xuất, truyền tải, phân phối điện","4,361,399",Khánh Hòa
631,CÔNG TY TNHH THƯƠNG MẠI CARLSBERG VIỆT NAM,0102314245,"Sản xuất, chế biến và kinh doanh đồ uống có cồn",,Thừa Thiên Huế
632,CÔNG TY TÀI CHÍNH TNHH HD SAISON,0304990133,Dịch vụ tài chính khác,,TP Hồ Chí Minh
633,TỔNG CÔNG TY CÔNG NGHIỆP SÀI GÒN - TNHH MTV,0300713668,"Sản xuất, chế biến và kinh doanh thuốc lá",,TP Hồ Chí Minh
634,CÔNG TY CP DƯỢC HẬU GIANG,1800156801,"Sản xuất dược phẩm, thiết bị y tế","4,003,170",Cần Thơ
635,CÔNG TY TNHH NHÀ NƯỚC MTV XỔ SỐ KIẾN THIẾT CẦN THƠ,1800157562,"Dịch vụ vui chơi, giải trí",,Cần Thơ
636,CÔNG TY TNHH TOTO VIỆT NAM,0101225306,"Sản xuất, kinh doanh vật liệu xây dựng",,Hà Nội
637,CÔNG TY CP CÁN THÉP THÁI TRUNG,4600451322,"Sản xuất, gia công kim loại, sắt thép, kim khí…","6,066,999",Thái Nguyên
638,CÔNG TY TNHH NHỰA VÀ HÓA CHẤT TPC VINA,3600248368,"Sản xuất, kinh doanh nhựa và sản phẩm từ nhựa",,Đồng Nai
639,CÔNG TY CP TẬP ĐOÀN MAVIN,0900841823,"Sản xuất, kinh doanh thức ăn chăn nuôi",,Hưng Yên
640,CÔNG TY TNHH MTV TỔNG CÔNG TY 28,0300516772,"Sản xuất, kinh doanh sợi, sản phẩm dệt",,TP Hồ Chí Minh
641,NGÂN HÀNG TNHH MTV STANDARD CHARTERED (VIỆT NAM),0103617147,Ngân hàng,,Hà Nội
642,CÔNG TY TNHH PHÁT TRIỂN PHÚ MỸ HƯNG,0300604002,Kinh doanh bất động sản,,TP Hồ Chí Minh
643,CÔNG TY TNHH BẢO HIỂM HANWHA LIFE VIỆT NAM,0305774706,Bảo hiểm,,TP Hồ Chí Minh
644,NGÂN HÀNG TNHH INDOVINA,0300733752,Ngân hàng,,TP Hồ Chí Minh
645,CÔNG TY TNHH CÔNG NGHIỆP CHÍNH XÁC VIỆT NAM 1,2500213190,"Sản xuất, kinh doanh ô tô, xe máy, xe có động cơ và phụ kiện",,Vĩnh Phúc
646,CÔNG TY TNHH LOUIS DREYFUS COMMODITIES VIỆT NAM,5900424466,"Sản xuất, chế biến và kinh doanh thực phẩm tươi sống, đông lạnh",,Gia Lai
647,TỔNG CÔNG TY TRUYỀN THÔNG (VNPT-MEDIA),0106873188,Viễn thông,,Hà Nội
648,CÔNG TY SẢN XUẤT THÉP ÚC SSE,0200373471,"Sản xuất, gia công kim loại, sắt thép, kim khí…",,Hải Phòng
649,CÔNG TY TNHH MTV XUẤT NHẬP KHẨU 2/9 ĐẮK LẮK,6000234538,"Sản xuất, chế biến và kinh doanh đồ uống không cồn",,Đắk Lắk
650,CÔNG TY TNHH MTV XỔ SỐ KIẾN THIẾT BẠC LIÊU,1900135322,"Dịch vụ vui chơi, giải trí",,Bạc Liêu
651,CÔNG TY CP THANH TOÁN ĐIỆN TỬ VNPT,0102713659,Hoạt động thông tin khác,,Hà Nội
652,CÔNG TY TNHH BẢO HIỂM NHÂN THỌ MB AGEAS,0107520795,Bảo hiểm,,Hà Nội
653,CÔNG TY CP PIN ẮC QUY MIỀN NAM,0300405462,"Sản xuất, kinh doanh thiết bị điện","907,737",TP Hồ Chí Minh
654,CÔNG TY TNHH MTV XỔ SỐ KIẾN THIẾT SÓC TRĂNG,2200108572,"Dịch vụ vui chơi, giải trí",,Sóc Trăng
655,CÔNG TY CP TƯ VẤN XÂY DỰNG ĐIỆN 2,0300420157,Dịch vụ khác,"3,629,141",TP Hồ Chí Minh
656,CÔNG TY TNHH SẢN XUẤT BỘT MỲ VIMAFLOUR,5700101210,"Sản xuất, chế biến và kinh doanh gạo, ngũ cốc, sản phẩm nghiền, đồ khô",,Quảng Ninh
657,CÔNG TY TNHH THÉP KYOEI VIỆT NAM,2700631318,"Sản xuất, gia công kim loại, sắt thép, kim khí…",,Ninh Bình
658,TỔNG CÔNG TY CP DỆT MAY HOÀ THỌ,0400101556,"Sản xuất, kinh doanh trang phục","3,863,510",Đà Nẵng
659,CÔNG TY CP VẬT TƯ - TKV,5700100707,"Sản xuất, kinh doanh máy móc, sản phẩm cơ khí khác",,Quảng Ninh
660,CÔNG TY TNHH GANG THÉP TUYÊN QUANG,5000230718,"Sản xuất, gia công kim loại, sắt thép, kim khí…",,Tuyên Quang
661,CÔNG TY TNHH NHÀ NƯỚC MTV YẾN SÀO KHÁNH HÒA,4200338918,"Sản xuất, chế biến và kinh doanh thực phẩm khác",,Khánh Hòa
662,CÔNG TY TNHH MTV TỔNG CÔNG TY THÁI SƠN,0300533471,Kinh doanh bất động sản,,TP Hồ Chí Minh
663,CÔNG TY TNHH DINH DƯỠNG Á CHÂU (VN),3600233805,"Sản xuất, kinh doanh thức ăn chăn nuôi",,Đồng Nai
664,CÔNG TY CP BỘT GIẶT LIX,0301444263,"Sản xuất, kinh doanh hóa mỹ phẩm","2,613,003",TP Hồ Chí Minh
665,TỔNG CÔNG TY CP BẢO HIỂM PETROLIMEX,0100110768,Bảo hiểm,"3,037,019",Hà Nội
666,CÔNG TY CP DƯỢC PHẨM TRUNG ƯƠNG CODUPHA,0300483319,"Kinh doanh, phân phối dược phẩm, thiết bị y tế","2,450,389",TP Hồ Chí Minh
667,TỔNG CÔNG TY GAS PETROLIMEX - CTCP,0101447725,Kinh doanh xăng dầu và các sản phẩm liên quan,"3,362,912",Hà Nội
668,TỔNG CÔNG TY CHĂN NUÔI VIỆT NAM - CTCP,0100104443,Chăn nuôi,"2,928,252",Hà Nội
669,TỔNG CÔNG TY 319,0100108984,Xây dựng,,Hà Nội
670,CÔNG TY TNHH MTV APATIT VIỆT NAM,5300100276,Khai khoáng khác và kinh doanh các sản phẩm khác từ khai khoáng,,Lào Cai
671,CÔNG TY TNHH MTV DƯỢC SÀI GÒN,0300523385,"Kinh doanh, phân phối dược phẩm, thiết bị y tế",,TP Hồ Chí Minh
672,CÔNG TY TNHH LIÊN DOANH ỐNG THÉP SENDO,3502280821,"Sản xuất, kinh doanh máy móc, sản phẩm cơ khí khác",,Bà Rịa - Vũng Tàu
673,CÔNG TY CP CAO SU PHƯỚC HÒA,3700147532,Trồng trọt,"1,945,435",Bình Dương
674,TỔNG CTCP THƯƠNG MẠI XÂY DỰNG,0100203476,Kinh doanh bất động sản,,Hà Nội
675,CÔNG TY THƯƠNG MẠI DỊCH VỤ TRÀNG THI,0100107437,"Sản xuất, kinh doanh thiết bị điện",,Hà Nội
676,CÔNG TY TNHH TRUYỀN HÌNH CÁP SAIGONTOURIST,0301463315,"Truyền hình, phát thanh, phim ảnh",,TP Hồ Chí Minh
677,CÔNG TY TNHH THƯƠNG MẠI - DỊCH VỤ HAI SÁU SÁU,0303781761,"Sản xuất, kinh doanh thiết bị điện tử, điện lạnh, công nghệ thông tin, viễn thông…",,TP Hồ Chí Minh
678,CÔNG TY TNHH QUỐC TẾ LIÊN DOANH VINACONEX - TAISEI (VINATA),0100113494,Xây dựng,,Hà Nội
679,TỔNG CÔNG TY ĐẦU TƯ PHÁT TRIỂN HẠ TẦNG ĐÔ THỊ UDIC - CÔNG TY TNHH MTV,0100106232,Xây dựng,,Hà Nội
680,TỔNG CÔNG TY VẬN TẢI HÀ NỘI,0101148154,Vận tải đường bộ,,Hà Nội
681,CÔNG TY TNHH HEWLETT - PACKARD VIỆT NAM,0300539709,"Sản xuất, kinh doanh thiết bị điện tử, điện lạnh, công nghệ thông tin, viễn thông…",,TP Hồ Chí Minh
682,CÔNG TY TNHH MIWON VIỆT NAM,2600109933,"Sản xuất, chế biến và kinh doanh thực phẩm khác",,Phú Thọ
683,CÔNG TY CP THÉP TOP PRO,1100798176,"Sản xuất, kinh doanh máy móc, sản phẩm cơ khí khác",,Long An
684,CÔNG TY TNHH KINH DOANH LỐP XE BRIDGESTONE VIỆT NAM,0309875328,"Sản xuất, kinh doanh ô tô, xe máy, xe có động cơ và phụ kiện",,TP Hồ Chí Minh
685,CÔNG TY CP LUYỆN KIM TÂN NGUYÊN HẢI DƯƠNG VIỆT NAM,0800740412,"Sản xuất, gia công kim loại, sắt thép, kim khí…",,Hải Dương
686,TỔNG CÔNG TY XÂY DỰNG HÀ NỘI,0100106338,Xây dựng,"2,413,517",Hà Nội
687,CÔNG TY CP CẢNG HẢI PHÒNG,0200236845,"Kho bãi, bốc xếp hàng hóa","2,284,630",Hải Phòng
688,CÔNG TY CP PHÁT TRIỂN HẠ TẦNG KỸ THUẬT,3700805566,Kinh doanh bất động sản,"2,601,723",Bình Dương
689,TỔNG CÔNG TY CP BẢO HIỂM NGÂN HÀNG ĐẦU TƯ VÀ PHÁT TRIỂN VIỆT NAM,0100931299,Bảo hiểm,"2,155,107",Hà Nội
690,CÔNG TY TNHH ROCHDALE SPEARS,3700370643,"Sản xuất, kinh doanh gỗ, sản phẩm từ gỗ và nội thất",,Bình Dương
691,CÔNG TY TNHH BACONCO,3500101065,"Sản xuất, kinh doanh phân bón, thuốc trừ sâu",,Bà Rịa - Vũng Tàu
692,CÔNG TY CP CÔNG NGHIỆP NHỰA PHÚ LÂM,0200109445,"Sản xuất, kinh doanh nhựa và sản phẩm từ nhựa",,Hải Phòng
693,CÔNG TY TNHH LIÊN DOANH SẢN XUẤT ÔTÔ NGÔI SAO,3700229030,"Sản xuất, kinh doanh ô tô, xe máy, xe có động cơ và phụ kiện",,Bình Dương
694,TỔNG CÔNG TY GIẤY VIỆT NAM,2600357502,"Sản xuất, kinh doanh giấy và các sản phẩm từ giấy",,Hà Nội
695,CÔNG TY CP HANACANS,2300372796,"Sản xuất, kinh doanh máy móc, sản phẩm cơ khí khác",,Bắc Ninh
