,Company,CEO,MST,NGANH_NGHE,Type,doanh_thu_2020,doanh_thu_2021,tinh
0,TẬP ĐOÀN VINGROUP - CTCP,Nguyễn Việt Quang,0101245486,Kinh doanh bất động sản,1,"110,490,033","125,687,870",Hà Nội
1,CÔNG TY CP ĐẦU TƯ THẾ GIỚI DI ĐỘNG,Trần Kinh Doanh,0306731335,"Bán lẻ điện tử, điện lạnh, viễn thông, công nghệ thông tin",1,"108,546,020","122,958,106",Bình Dương
2,CÔNG TY CP TẬP ĐOÀN VÀNG BẠC ĐÁ QUÝ DOJI,Đỗ Minh Đức,0100365621,"Bán lẻ vàng, bạc và kim loại quý khác",1,,,Điện Biên
3,CÔNG TY CP TẬP ĐOÀN HÒA PHÁT,Nguyễn Việt Thắng,0900189284,"Sản xuất, gia công kim loại, sắt thép, kim khí…",1,"90,118,503","149,679,790",Hưng Yên
4,CÔNG TY CP TẬP ĐOÀN MASAN,Danny Lê,0303576603,Dịch vụ khác,1,,,TP Hồ Chí Minh
5,CÔNG TY CP ÔTÔ TRƯỜNG HẢI,Nguyễn Hùng Minh,3600252847,"Sản xuất, kinh doanh ô tô, xe máy, xe có động cơ và phụ kiện",1,,,Đồng Nai
6,NGÂN HÀNG TMCP VIỆT NAM THỊNH VƯỢNG,Nguyễn Đức Vinh,0100233583,Ngân hàng,1,"32,345,823","34,348,829",Hà Nội
7,CÔNG TY CP SỮA VIỆT NAM,Mai Kiều Liên,0300588569,"Sản xuất, chế biến và kinh doanh sữa, sản phẩm từ sữa",1,"59,636,286","60,919,165",TP Hồ Chí Minh
8,NGÂN HÀNG TMCP SÀI GÒN,Hoàng Minh Hoàn,0311449990,Ngân hàng,1,,,TP Hồ Chí Minh
9,CÔNG TY CP TẬP ĐOÀN THÀNH CÔNG,Nguyễn Anh Tuấn,0100831174,"Sản xuất, kinh doanh ô tô, xe máy, xe có động cơ và phụ kiện",1,,,Hà Nội
10,NGÂN HÀNG TMCP KỸ THƯƠNG VIỆT NAM,Jens Lottner,0100230800,Ngân hàng,1,"18,751,209","26,698,613",Hà Nội
11,NGÂN HÀNG TMCP SÀI GÒN THƯƠNG TÍN,Nguyễn Đức Thạch Diễm,0301103908,Ngân hàng,1,"11,526,554","11,964,487",Thanh Hoá
12,CÔNG TY CP TẬP ĐOÀN INTIMEX,Đỗ Hà Nam,0304421306,"Sản xuất, chế biến và kinh doanh thực phẩm khác",1,,,TP Hồ Chí Minh
13,NGÂN HÀNG TMCP Á CHÂU,Đỗ Minh Toàn,0301452948,Ngân hàng,1,"14,582,123","18,944,792",TP Hồ Chí Minh
14,NGÂN HÀNG TMCP SÀI GÒN - HÀ NỘI,Ngô Thu Hà,1800278630,Ngân hàng,1,"9,933,199","15,570,349",Hà Nội
15,CÔNG TY CP FPT,Nguyễn Văn Khoa,0101248141,Hoạt động thông tin khác,1,"29,830,401","35,657,263",Hà Nội
16,CÔNG TY CP TẬP ĐOÀN HOA SEN,Trần Quốc Trí,3700381324,"Sản xuất, gia công kim loại, sắt thép, kim khí…",1,"27,530,750","48,726,522",Bình Dương
17,NGÂN HÀNG TMCP PHÁT TRIỂN TP. HỒ CHÍ MINH,Phạm Quốc Thanh,0300608092,Ngân hàng,1,"11,897,705","13,890,777",TP Hồ Chí Minh
18,CÔNG TY CP HÀNG TIÊU DÙNG MASAN (MASAN CONSUMER),Trương Công Thắng,0302017440,"Sản xuất, chế biến và kinh doanh thực phẩm khác",1,"23,342,734","27,773,635",TP Hồ Chí Minh
19,CÔNG TY CP HÀNG KHÔNG VIETJET,Nguyễn Thị Phương Thảo,0102325399,Vận tải hàng không,1,"18,220,293","12,874,920",Hà Nội
20,NGÂN HÀNG TMCP QUỐC TẾ VIỆT NAM,Hàn Ngọc Vũ,0100233488,Ngân hàng,1,"3,515,891","3,699,595",TP Hồ Chí Minh
21,CÔNG TY CP TẬP ĐOÀN HÒA BÌNH MINH,Bùi Minh Lực,5200896375,"Sản xuất, kinh doanh ô tô, xe máy, xe có động cơ và phụ kiện",1,,,Yên Bái
22,CÔNG TY TNHH ỐNG THÉP HÒA PHÁT,Nguyễn Mạnh Tuấn,0100598873,"Sản xuất, gia công kim loại, sắt thép, kim khí…",1,,,Hà Nội
23,NGÂN HÀNG TMCP BƯU ĐIỆN LIÊN VIỆT,Phạm Doãn Sơn,6300048638,Ngân hàng,1,"6,720,171","9,017,159",Hà Nội
24,CÔNG TY CP TẬP ĐOÀN FLC,Hương Trần Kiều Dung,0102683813,Kinh doanh bất động sản,1,"13,488,401","6,771,892",Hà Nội
25,CÔNG TY CP TẬP ĐOÀN GELEX,Nguyễn Văn Tuấn,0100100512,"Sản xuất, kinh doanh thiết bị điện",1,"17,948,713","28,578,399",Hà Nội
26,NGÂN HÀNG TMCP TIÊN PHONG,Nguyễn Hưng,0102744865,Ngân hàng,1,"7,619,057","9,946,049",
27,CÔNG TY TÀI CHÍNH TNHH NGÂN HÀNG VIỆT NAM THỊNH VƯỢNG SMBC,Kalidas Ghose,0102180545,Dịch vụ tài chính khác,1,,,TP Hồ Chí Minh
28,CÔNG TY CP STAVIAN HÓA CHẤT,Nguyễn Minh Tú,0104160054,"Sản xuất, kinh doanh nhựa và sản phẩm từ nhựa",1,,,Hưng Yên
29,CÔNG TY CP VÀNG BẠC ĐÁ QUÝ PHÚ NHUẬN,Lê Trí Thông,0300521758,"Bán lẻ vàng, bạc và kim loại quý khác",1,"17,510,789","19,547,058",TP Hồ Chí Minh
30,CÔNG TY CP GIẢI PHÁP THANH TOÁN VIỆT NAM,Lê Tánh,0102182292,Viễn thông,1,,,Hà Nội
31,CÔNG TY CP MASAN MEATLIFE,Phạm Trung Lâm,0311224517,Dịch vụ khác,1,"16,119,005","18,890,888",TP Hồ Chí Minh
32,CÔNG TY CP TẬP ĐOÀN THÉP NGUYỄN MINH,Nguyễn Minh Huy,1101359647,"Sản xuất, gia công kim loại, sắt thép, kim khí…",1,,,Long An
33,CÔNG TY CP TẬP ĐOÀN VAS NGHI SƠN,Nguyễn Bảo Giang,2801115888,"Sản xuất, gia công kim loại, sắt thép, kim khí…",1,,,Thanh Hoá
34,CÔNG TY CP DỊCH VỤ TỔNG HỢP SÀI GÒN,Phan Dương Cửu Long,0301154821,Kinh doanh bất động sản,1,,,Thái Bình
35,CÔNG TY CP ĐẦU TƯ THƯƠNG MẠI SMC,Nguyễn Thị Ngọc Loan,0303522206,"Kinh doanh kim loại, sắt thép, kim khí…",1,"15,734,958","21,315,015",TP Hồ Chí Minh
36,CÔNG TY CP THÀNH THÀNH CÔNG - BIÊN HÒA,Ông Nguyễn Thanh Ngữ,3900244389,"Sản xuất, chế biến và kinh doanh đường",1,"14,924,868","18,325,361",Tây Ninh
37,CÔNG TY CP HYUNDAI THÀNH CÔNG VIỆT NAM,Trần Hữu Phú,2700668614,"Sản xuất, kinh doanh ô tô, xe máy, xe có động cơ và phụ kiện",1,,,Ninh Bình
38,CÔNG TY CP DƯỢC LIỆU TRUNG ƯƠNG 2,Nguyễn Công Chiến,0302597576,"Kinh doanh, phân phối dược phẩm, thiết bị y tế",1,,,TP Hồ Chí Minh
39,CÔNG TY CP BÁN LẺ KỸ THUẬT SỐ FPT,Hoàng Trung Kiên,0311609355,"Bán lẻ điện tử, điện lạnh, viễn thông, công nghệ thông tin",1,"14,661,417","22,494,961",TP Hồ Chí Minh
40,CÔNG TY CP XÂY DỰNG COTECCONS,N.A,0303443233,Xây dựng,1,"14,558,086","9,077,915",Điện Biên
41,CÔNG TY TNHH HẢI LINH,Lê Văn Tám,2600261303,Kinh doanh xăng dầu và các sản phẩm liên quan,1,,,Phú Thọ
42,CÔNG TY CP TẬP ĐOÀN THỦY SẢN MINH PHÚ,Lê Văn Quang,2000393273,"Sản xuất, chế biến và kinh doanh thực phẩm tươi sống, đông lạnh",1,"14,329,350","13,577,505",Cà Mau
43,NGÂN HÀNG TMCP PHƯƠNG ĐÔNG,Nguyễn Đình Tùng,0300852005,Ngân hàng,1,"1,670,025","1,701,758",TP Hồ Chí Minh
44,TỔNG CÔNG TY CP DỊCH VỤ TỔNG HỢP DẦU KHÍ,Vũ Tiến Dương,0300452060,"Bán lẻ điện tử, điện lạnh, viễn thông, công nghệ thông tin",1,"13,453,249","17,598,238",TP Hồ Chí Minh
45,NGÂN HÀNG TMCP HÀNG HẢI VIỆT NAM,Nguyễn Hoàng Linh,0200124891,Ngân hàng,1,"4,822,389","6,216,244",Hà Nội
46,CÔNG TY CP TẬP ĐOÀN SAO MAI,Lê Thanh Thuấn,1600169024,Kinh doanh bất động sản,1,"12,524,614","11,397,926",An Giang
47,CÔNG TY CP THẾ GIỚI SỐ,Đoàn Hồng Việt,0302861742,"Sản xuất, kinh doanh thiết bị điện tử, điện lạnh, công nghệ thông tin, viễn thông…",1,"12,535,638","20,922,813",Thái Bình
48,NGÂN HÀNG TMCP ĐÔNG NAM Á,Lê Văn Tần,0200253985,Ngân hàng,1,"3,061,716","5,186,093",Hà Nội
49,NGÂN HÀNG TMCP XUẤT NHẬP KHẨU VIỆT NAM,Nguyễn Quốc Hương,0301179079,Ngân hàng,1,"3,313,736","3,524,302",TP Hồ Chí Minh
50,CÔNG TY CP THƯƠNG MẠI THÁI HƯNG,Nguyễn Thị Vinh,4600310787,"Khai thác, chế biến, kinh doanh quặng kim loại và hoạt động hỗ trợ",1,,,Thái Nguyên
51,CÔNG TY TNHH THƯƠNG MẠI VÀ DƯỢC PHẨM SANG,Lê Quỳnh Liên,0310631333,"Kinh doanh, phân phối dược phẩm, thiết bị y tế",1,,,TP Hồ Chí Minh
52,CÔNG TY CP TÔN ĐÔNG Á,Nguyễn Thanh Trung,3700255880,"Sản xuất, kinh doanh máy móc, sản phẩm cơ khí khác",1,,,Bình Dương
53,CÔNG TY CP VIỄN THÔNG FPT,Hoàng Việt Anh,0101778163,Viễn thông,1,"11,466,154","12,686,416",Hà Nội
54,CÔNG TY CP TẬP ĐOÀN ĐẦU TƯ ĐỊA ỐC NO VA,Nguyễn ngọc Huyên,0301444753,Kinh doanh bất động sản,1,"5,026,358","14,902,760",TP Hồ Chí Minh
55,CÔNG TY CP THÉP NAM KIM,Võ Hoàng Vũ,3700477019,"Sản xuất, gia công kim loại, sắt thép, kim khí…",1,"11,559,675","28,173,402",Bình Dương
56,CÔNG TY CP TẬP ĐOÀN XÂY DỰNG HÒA BÌNH,Lê Viết Hiếu,0302158498,Xây dựng,1,"11,224,653","11,355,969",TP Hồ Chí Minh
57,CÔNG TY CP DÂY CÁP ĐIỆN VIỆT NAM,Lê Quang Định,0300381564,"Sản xuất, kinh doanh thiết bị điện",1,"10,578,973","10,479,096",Thái Bình
58,CÔNG TY CP TẬP ĐOÀN T&T,Đỗ Quang Hiển,0100233223,Dịch vụ tài chính khác,1,,,Hà Nội
59,CÔNG TY CP TẬP ĐOÀN DABACO VIỆT NAM,Nguyễn Khắc Thảo,2300105790,"Sản xuất, kinh doanh thức ăn chăn nuôi",1,"10,021,584","10,812,795",Bắc Ninh
60,NGÂN HÀNG TMCP BẮC Á,Thái Hương,2900325526,Ngân hàng,1,"2,031,071","2,117,228",Nghệ An
61,CÔNG TY CP THÉP POMINA,Đỗ Văn Khánh,3700321364,"Sản xuất, gia công kim loại, sắt thép, kim khí…",1,"9,819,652","14,000,250",Bình Dương
62,CÔNG TY CP PVI,Bùi Vạn Thuận,0100151161,Bảo hiểm,1,"1,480,551","1,581,149",Hà Nội
63,NGÂN HÀNG TMCP NAM Á,Trần Ngọc Tâm,0300872315,Ngân hàng,1,"2,603,945","4,283,189",TP Hồ Chí Minh
64,CÔNG TY TNHH TẬP ĐOÀN BIM,Đoàn Quốc Huy,5701942544,Kinh doanh bất động sản,1,,,Quảng Ninh
65,CÔNG TY CP SẢN XUẤT THÉP VINA ONE,Huỳnh Nghĩa Thiện,1100549268,"Sản xuất, gia công kim loại, sắt thép, kim khí…",1,,,Long An
66,TỔNG CÔNG TY VIGLACERA - CTCP,Nguyễn Anh Tuấn,0100108173,"Sản xuất, kinh doanh vật liệu xây dựng",1,"9,433,049","11,194,313",Hà Nội
67,CÔNG TY CP CẢNG RAU QUẢ,Đặng Như Bình,0302336158,"Kho bãi, bốc xếp hàng hóa",1,"9,238,488","10,319,544",TP Hồ Chí Minh
68,CÔNG TY CP MASAN HIGH-TECH MATERIALS,Craig Richard Bradshaw,0309966889,Dịch vụ khác,1,"7,291,181","13,564,290",TP Hồ Chí Minh
69,CÔNG TY TNHH THƯƠNG MẠI VÀ DỊCH VỤ PHÁT TIẾN,Hồ Minh Trí,0301049150,"Sản xuất, kinh doanh ô tô, xe máy, xe có động cơ và phụ kiện",1,,,TP Hồ Chí Minh
70,TỔNG CÔNG TY BẢO HIỂM PVI,Phạm Anh Đức,0105402531,Bảo hiểm,1,,,Hà Nội
71,CÔNG TY CP TẬP ĐOÀN PAN,Nguyễn Trà My,0301472704,Hoạt động nông nghiệp khác,1,"8,329,251","9,248,572",Long An
72,CÔNG TY CP THÉP TVP,Ninh Thị Bích Thùy,1100598716,"Sản xuất, gia công kim loại, sắt thép, kim khí…",1,,,Long An
73,CÔNG TY CP TẬP ĐOÀN AN PHÁT HOLDINGS,Đinh Xuân Cường,0801210129,Dịch vụ tài chính khác,1,"8,484,891","14,793,871",Hải Dương
74,CÔNG TY CP VINCOM RETAIL,Trần Mai Hoa,0105850244,Kinh doanh bất động sản,1,"8,328,918","5,891,141",Hà Nội
75,TỔNG CÔNG TY CP XUẤT NHẬP KHẨU VÀ XÂY DỰNG VIỆT NAM,Nguyễn Xuân Đông,0100105616,Xây dựng,1,"5,551,436","5,749,000",Hà Nội
76,CÔNG TY CP TẬP ĐOÀN KIDO,Trần Lệ Nguyên,0302705302,"Sản xuất, chế biến và kinh doanh đường",1,"8,323,616","10,496,864",TP Hồ Chí Minh
77,CÔNG TY CP MEDIAMART VIỆT NAM,Lê Quang Vũ,0102516308,"Bán lẻ điện tử, điện lạnh, viễn thông, công nghệ thông tin",1,,,Hà Nội
78,CÔNG TY TNHH HÀO HƯNG,Thang Văn Hóa,0301952517,Hoạt động công nghiệp khác,1,,,TP Hồ Chí Minh
79,TẬP ĐOÀN GELEXIMCO - CTCP,Vũ Văn Tiền,0100514947,Kinh doanh bất động sản,1,,,Hà Nội
80,CÔNG TY CP ĐẦU TƯ THÁI BÌNH,Nguyễn Đức Thuấn,3700148737,"Sản xuất, kinh doanh sản phẩm da giầy",1,,,Bình Dương
81,CÔNG TY CP DỊCH VỤ PHÂN PHỐI TỔNG HỢP DẦU KHÍ,Vũ Tiến Dương,0305482862,"Sản xuất, kinh doanh thiết bị điện tử, điện lạnh, công nghệ thông tin, viễn thông…",1,"8,237,757","8,595,396",TP Hồ Chí Minh
82,NGÂN HÀNG TMCP AN BÌNH,Lê Hải,0301412222,Ngân hàng,1,"2,381,546","3,064,563",Hà Nội
83,CÔNG TY TNHH DỊCH VỤ VÀ THƯƠNG MẠI MESA,Lưu Tuyết Mai,0100520429,"Sản xuất, kinh doanh đồ dùng gia đình",1,,,Hà Nội
84,CÔNG TY CP ĐẦU TƯ XÂY DỰNG RICONS,Trần Quang Quân,0303527596,Xây dựng,1,,,TP Hồ Chí Minh
85,CÔNG TY CP TẬP ĐOÀN LỘC TRỜI,Nguyễn Duy Thuận,1600192619,Hoạt động nông nghiệp khác,1,"7,505,793","10,224,140",An Giang
86,CÔNG TY CP NHỰA AN PHÁT XANH,Đinh Xuân Cường,0800373586,"Sản xuất, kinh doanh nhựa và sản phẩm từ nhựa",1,"7,428,557","13,143,110",Hải Dương
87,CÔNG TY CP TỔNG CÔNG TY TÍN NGHĨA,Trần Trung Tuấn,3600283394,Kinh doanh bất động sản,1,"7,416,931","7,056,020",Đồng Nai
88,CÔNG TY CP VĨNH HOÀN,Nguyễn Ngô Vi Tâm,1400112623,"Sản xuất, chế biến và kinh doanh thực phẩm đóng gói, ăn liền, đồ hộp",1,"7,037,180","9,054,249",Đồng Tháp
89,TỔNG CÔNG TY CP MAY VIỆT TIẾN,Bùi Văn Tiến,0300401524,"Sản xuất, kinh doanh trang phục",1,"7,120,959","6,008,314",TP Hồ Chí Minh
90,TỔNG CÔNG TY XÂY DỰNG SỐ 1 - CTCP,Lê Hữu Việt Đức,0301429113,Xây dựng,1,"6,845,439","5,664,069",TP Hồ Chí Minh
91,CÔNG TY CP HIM LAM,Dương Công Hùng,0301437499,Kinh doanh bất động sản,1,,,TP Hồ Chí Minh
92,CÔNG TY CP THỦY SẢN SÓC TRĂNG,Trần Văn Phẩm,2200108445,"Sản xuất, chế biến và kinh doanh thực phẩm đóng gói, ăn liền, đồ hộp",1,,,Sóc Trăng
93,CÔNG TY CP ĐẦU TƯ HẠ TẦNG KỸ THUẬT TP. HỒ CHÍ MINH,Lê Quốc Bình,0302483177,Xây dựng,1,"5,374,092","2,860,034",Điện Biên
94,CÔNG TY CP TẬP ĐOÀN PC1,Trịnh Văn Tuấn,0100100745,Hoạt động xây dựng khác,1,"6,678,601","9,828,463",Hà Nội
95,CÔNG TY TNHH ĐẦU TƯ SẢN XUẤT THƯƠNG MẠI DỊCH VỤ PHAN MINH,Phan Hùng Minh,0303283290,"Sản xuất, chế biến và kinh doanh gạo, ngũ cốc, sản phẩm nghiền, đồ khô",1,,,TP Hồ Chí Minh
96,CÔNG TY CP ĐƯỜNG QUẢNG NGÃI,Võ Thành Đàng,4300205943,"Sản xuất, chế biến và kinh doanh đường",1,"6,213,489","7,335,294",Quảng Ngãi
97,CÔNG TY CP ỐNG THÉP VIỆT - ĐỨC VG PIPE,Nguyễn Hữu Thể,2500267703,"Sản xuất, gia công kim loại, sắt thép, kim khí…",1,"2,506,408","1,688,167",Vĩnh Phúc
98,CÔNG TY CP ĐẦU TƯ VÀ PHÁT TRIỂN ĐA QUỐC GIA I.D.I,Lê Văn Chung,0303141296,"Sản xuất, chế biến và kinh doanh thực phẩm đóng gói, ăn liền, đồ hộp",1,"6,366,756","5,718,848",Đồng Tháp
99,NGÂN HÀNG TMCP QUỐC DÂN,Phạm Thế Hiệp,1700169765,Ngân hàng,1,"1,433,742","1,259,219",Hà Nội
100,NGÂN HÀNG TMCP VIỆT Á,Nguyễn Văn Trọng,0302963695,Ngân hàng,1,"1,310,780","1,551,307",Hà Nội
101,CÔNG TY CP VNG,Lê Hồng Minh,0303490096,"Dịch vụ vui chơi, giải trí",1,,,TP Hồ Chí Minh
102,NGÂN HÀNG TMCP VIỆT NAM THƯƠNG TÍN,Nguyễn Hữu Trung,2200269805,Ngân hàng,1,"569,759","1,486,208",Sóc Trăng
103,CÔNG TY TNHH THƯƠNG MẠI VHC (SIÊU THỊ ĐIỆN MÁY HC),Nguyễn Hoàng Hải,0105690657,"Bán lẻ điện tử, điện lạnh, viễn thông, công nghệ thông tin",1,,,Hà Nội
104,CÔNG TY CP XI MĂNG XUÂN THÀNH,Nguyễn Xuân Thủy,0700576529,"Sản xuất, kinh doanh vật liệu xây dựng",1,,,Hà Nam
105,CÔNG TY CP CƠ ĐIỆN LẠNH,Huỳnh Thanh Hải,0300741143,Hoạt động xây dựng khác,1,"5,639,753","5,809,811",TP Hồ Chí Minh
106,CÔNG TY CP ĐẦU TƯ THÀNH THÀNH CÔNG,Huỳnh Bích Ngọc,0301466073,"Sản xuất, chế biến và kinh doanh đường",1,,,TP Hồ Chí Minh
107,CÔNG TY CP CITY AUTO,Nguyễn Hoàng Minh Tiến,0307979603,"Sản xuất, kinh doanh ô tô, xe máy, xe có động cơ và phụ kiện",1,"5,644,019","4,508,688",TP Hồ Chí Minh
108,CÔNG TY CP ĐẦU TƯ SÀI GÒN VRG,Trần Mạnh Hùng,0305268812,Xây dựng,1,"5,082,583","5,577,559",TP Hồ Chí Minh
109,CÔNG TY CP VICOSTONE,Phạm Anh Tuấn,0500469512,"Sản xuất, kinh doanh vật liệu xây dựng",1,"5,659,595","7,070,129",Hà Nội
110,CÔNG TY CP HÓA DẦU QUÂN ĐỘI (MIPEC),Dư Cao Sơn,0101436307,Kinh doanh xăng dầu và các sản phẩm liên quan,1,,,Hà Nội
111,CÔNG TY CP ĐẠI TÂN VIỆT,Didier Lachize,0302505776,"Sản xuất, chế biến và kinh doanh thực phẩm khác",1,,,TP Hồ Chí Minh
112,CÔNG TY CP PHÚ TÀI,Lê Văn Thảo,4100259236,"Sản xuất, kinh doanh vật liệu xây dựng",1,"5,601,237","6,491,949",Bình Định
113,CÔNG TY CP DỊCH VỤ Ô TÔ HÀNG XANH,Nguyễn Thị Ngọc Bích,0302000126,"Sản xuất, kinh doanh ô tô, xe máy, xe có động cơ và phụ kiện",1,"5,569,552","5,551,485",Điện Biên
114,CÔNG TY CP QUỐC TẾ SƠN HÀ,Lê Hoàng Hà,0100776445,"Sản xuất, kinh doanh máy móc, sản phẩm cơ khí khác",1,"5,360,118","7,074,613",Hà Nội
115,CÔNG TY TNHH ĐẦU TƯ XÂY DỰNG UNICONS,Võ Hoàng Lâm,0304472276,Xây dựng,1,,,Điện Biên
116,CÔNG TY CP DẦU THỰC VẬT TƯỜNG AN,Bùi Thanh Tùng,0303498754,"Sản xuất, chế biến và kinh doanh dầu ăn, mỡ động thực vật",1,,,TP Hồ Chí Minh
117,CÔNG TY CP TẬP ĐOÀN ECOPARK,Trần Quốc Việt,0101395308,Kinh doanh bất động sản,1,,,An Giang
118,CÔNG TY CP TẬP ĐOÀN CÔNG NGHỆ CMC,Nguyễn Trung Chính,0100244112,Hoạt động thông tin khác,1,"5,181,109","6,290,385",Hà Nội
119,CÔNG TY CP GIAO NHẬN VÀ VẬN CHUYỂN IN DO TRẦN,Trần Tuấn Anh,0301909173,Hoạt động khác hỗ trợ cho vận tải,1,,,TP Hồ Chí Minh
120,CÔNG TY CP THƯƠNG MẠI XUẤT NHẬP KHẨU THIÊN NAM,Vương Quang Diệu,0301172041,"Kinh doanh kim loại, sắt thép, kim khí…",1,"5,231,863","5,446,937",TP Hồ Chí Minh
121,CÔNG TY CP SẢN XUẤT NHỰA DUY TÂN,Trần Duy Hy,0306151768,"Sản xuất, kinh doanh nhựa và sản phẩm từ nhựa",1,,,TP Hồ Chí Minh
122,CÔNG TY CP TẬP ĐOÀN KIM TÍN,Nguyễn Tiến Hải,0303738780,Hoạt động công nghiệp khác,1,,,TP Hồ Chí Minh
123,CÔNG TY TNHH XUẤT NHẬP KHẨU CÀ PHÊ MINH TIẾN,Nguyễn Thị Hồng Minh,0101013887,"Sản xuất, chế biến và kinh doanh thực phẩm khác",1,,,Hà Nội
124,CÔNG TY TNHH TẬP ĐOÀN XÂY DỰNG DELTA,Trần Thành Vinh,0100512717,Xây dựng,1,,,Hà Nội
125,CÔNG TY CP KINH DOANH KHÍ MIỀN NAM,Nguyễn Ngọc Luận,0305097236,Kinh doanh xăng dầu và các sản phẩm liên quan,1,"4,800,561","5,614,656",TP Hồ Chí Minh
126,CÔNG TY CP XÂY DỰNG CENTRAL,Trần Quang Tuấn,0314476689,Xây dựng,1,,,TP Hồ Chí Minh
127,CÔNG TY CP THÉP VÀ THƯƠNG MẠI HÀ NỘI,Đào Quang Tiến,5400363141,"Kinh doanh kim loại, sắt thép, kim khí…",1,,,Hòa Bình
128,CÔNG TY CP TẬP ĐOÀN HÀ ĐÔ,Nguyễn Trọng Thông,0100283802,Kinh doanh bất động sản,1,"4,998,578","3,777,436",Hà Nội
129,CÔNG TY CP XUẤT NHẬP KHẨU NHẤT THÀNH,Nguyễn Thọ Anh,0106025519,"Sản xuất, chế biến và kinh doanh gạo, ngũ cốc, sản phẩm nghiền, đồ khô",1,,,Hà Nội
130,CÔNG TY CP NÔNG SẢN THỰC PHẨM QUẢNG NGÃI,Võ Văn Danh,4300321643,"Sản xuất, chế biến và kinh doanh gạo, ngũ cốc, sản phẩm nghiền, đồ khô",1,"4,963,112","5,445,043",Quảng Ngãi
131,CÔNG TY CP THƯƠNG MẠI THÀNH THÀNH CÔNG,Phan Vũ Hùng,3700594361,"Sản xuất, chế biến và kinh doanh đường",1,,,Bình Dương
132,TỔNG CÔNG TY CP BẢO HIỂM BƯU ĐIỆN,Bùi Xuân Thu,0100774631,Bảo hiểm,1,"4,734,129","4,963,702",Hà Nội
133,CÔNG TY CP BÓNG ĐÈN PHÍCH NƯỚC RẠNG ĐÔNG,Nguyễn Đoàn Thăng,0101526991,"Sản xuất, kinh doanh thiết bị điện",1,"4,922,447","5,709,068",Hà Nội
134,CÔNG TY TNHH HỆ THỐNG THÔNG TIN FPT (FPT IS),Nguyễn Hoàng Minh,0104128565,Hoạt động thông tin khác,1,,,Hà Nội
135,CÔNG TY CP CƠ KHÍ XÂY DỰNG THƯƠNG MẠI ĐẠI DŨNG,Trịnh Tiến Dũng,0301932246,Dịch vụ khác,1,,,TP Hồ Chí Minh
136,CÔNG TY TNHH TRUNG THÀNH THÁI NGUYÊN,Nguyễn Văn Tốt,4600201989,Bán lẻ khác,1,,,Thái Nguyên
137,TẬP ĐOÀN TRUNG NGUYÊN LEGEND,Đặng Lê Nguyên Vũ,0304324655,"Sản xuất, chế biến và kinh doanh đồ uống không cồn",1,,,TP Hồ Chí Minh
138,CÔNG TY CP NHỰA BÌNH MINH,Nguyễn Hoàng Ngân,0301464823,"Sản xuất, kinh doanh nhựa và sản phẩm từ nhựa",1,"4,685,640","4,552,757",Hậu Giang
139,CÔNG TY CP ĐẦU TƯ DỊCH VỤ TÀI CHÍNH HOÀNG HUY,Trần Thị Hoàng Hà,0200117929,"Sản xuất, kinh doanh ô tô, xe máy, xe có động cơ và phụ kiện",1,"4,419,421","2,755,985",Hải Phòng
140,CÔNG TY CP ĐẦU TƯ XÂY DỰNG NEWTECONS,Trần Kim Long,0303103212,Xây dựng,1,,,TP Hồ Chí Minh
141,NGÂN HÀNG TMCP BẢN VIỆT,Ngô Quang Trung,0301378892,Ngân hàng,1,,,TP Hồ Chí Minh
142,CÔNG TY CP ĐẦU TƯ VÀ KINH DOANH NHÀ KHANG ĐIỀN,Vương Văn Minh,0302588596,Kinh doanh bất động sản,1,"4,532,069","3,738,368",TP Hồ Chí Minh
143,CÔNG TY CP NHỰA THIẾU NIÊN TIỀN PHONG,Chu Văn Phương,0200167782,"Sản xuất, kinh doanh nhựa và sản phẩm từ nhựa",1,"4,486,111","4,823,525",Hải Phòng
144,CÔNG TY CP HƯNG THỊNH INCONS,Trần Tiến Thanh,0305371707,Xây dựng,1,,,TP Hồ Chí Minh
145,CÔNG TY CP CHỨNG KHOÁN SSI,Nguyễn Hồng Nam,0301955155,Chứng khoán,1,"2,007,560","1,629,086",TP Hồ Chí Minh
146,CÔNG TY CP THƯƠNG MẠI DỊCH VỤ CỔNG VÀNG,Đào Thế Vinh,0102721191,Ẩm thực,1,,,Hà Nội
147,CÔNG TY CP Á ĐÔNG ADG,Hồ Hoàng Bảo Vinh,0308113486,"Sản xuất, kinh doanh nhựa và sản phẩm từ nhựa",1,,,TP Hồ Chí Minh
148,CÔNG TY CP ĐẦU TƯ VÀ THƯƠNG MẠI TNG,Nguyễn Văn Thời,4600305723,"Sản xuất, kinh doanh trang phục",1,"4,480,200","5,443,607",Bắc Kạn
149,CÔNG TY CP THỰC PHẨM SAO TA,Phạm Hoàng Việt,2200208753,"Sản xuất, chế biến và kinh doanh thực phẩm đóng gói, ăn liền, đồ hộp",1,"4,415,217","5,199,105",Sóc Trăng
150,CÔNG TY CP GIAO NHẬN VẬN TẢI CON ONG,Đinh Hữu Thạnh,0303482440,Hoạt động khác hỗ trợ cho vận tải,1,,,TP Hồ Chí Minh
151,CÔNG TY TNHH THƯƠNG MẠI - DỊCH VỤ TÂN HIỆP PHÁT,Trần Quý Thanh,0301387752,"Sản xuất, chế biến và kinh doanh đồ uống không cồn",1,,,Bình Dương
152,CÔNG TY CP DÂY VÀ CÁP ĐIỆN THƯỢNG ĐÌNH,Phạm Lương Hòa,0100892628,"Sản xuất, kinh doanh thiết bị điện",1,,,Hà Nội
153,CÔNG TY TNHH XUÂN LỘC THỌ,Trần Thị Thu Hà,0100736347,"Sản xuất, kinh doanh thiết bị điện",1,,,Hà Nội
154,CÔNG TY CP TẬP ĐOÀN PHƯỢNG HOÀNG XANH A&A,Hồ Xuân Năng,0104961939,"Sản xuất, kinh doanh vật liệu xây dựng",1,,,Hà Nội
155,CÔNG TY CP THƯƠNG NGHIỆP CÀ MAU,Nguyễn Thị Việt Ánh,2000110221,"Bán lẻ hàng tiêu dùng nhanh trong siêu thị, cửa hàng tiện lợi, chợ truyền thông",1,"4,222,075","3,861,507",Cà Mau
156,NGÂN HÀNG TMCP KIÊN LONG,Trần Ngọc Minh,1700197787,Ngân hàng,1,"952,429","1,930,960",Kiên Giang
157,CÔNG TY CP TẬP ĐOÀN HƯNG THỊNH,Nguyễn Đình Trung,0305410561,Kinh doanh bất động sản,1,,,TP Hồ Chí Minh
158,CÔNG TY CP THÉP VIỆT Ý,Nguyễn Thanh Hà,0900222647,"Sản xuất, gia công kim loại, sắt thép, kim khí…",1,,,Hưng Yên
159,CÔNG TY CP TẬP ĐOÀN IPC,Phí Phong Hà,0102055583,"Kinh doanh kim loại, sắt thép, kim khí…",1,,,Hà Nội
160,CÔNG TY CP AN TIẾN INDUSTRIES,Đặng Thị Quỳnh Phương,5200466372,Hoạt động công nghiệp khác,1,"4,082,730","8,265,252",Yên Bái
161,CÔNG TY CP TẬP ĐOÀN THÉP TIẾN LÊN,Phạm Thị Hồng,3600512830,"Kinh doanh kim loại, sắt thép, kim khí…",1,"4,084,531","4,644,781",Đồng Nai
162,CÔNG TY CP ABC VIỆT NAM,Nguyễn Thị Dịu,0900254448,"Sản xuất, kinh doanh thức ăn chăn nuôi",1,,,Hưng Yên
163,CÔNG TY CP ĐẦU TƯ PHAN VŨ,Phan Khắc Long,0302217087,"Sản xuất, kinh doanh vật liệu xây dựng",1,,,TP Hồ Chí Minh
164,TỔNG CÔNG TY MAY NHÀ BÈ - CTCP,Phạm Phú Cường,0300398889,"Sản xuất, kinh doanh trang phục",1,"4,021,389","3,081,071",TP Hồ Chí Minh
165,CÔNG TY TNHH KẾT CẤU THÉP 568,Phạm Ngọc Lan,0900273306,"Kinh doanh kim loại, sắt thép, kim khí…",1,,,Hưng Yên
166,TỔNG CÔNG TY CP BẢO MINH,Vũ Anh Tuấn,0300446973,Bảo hiểm,1,"3,791,577","3,768,684",Thái Bình
167,CÔNG TY CP CHỨNG KHOÁN VPS,Nguyễn Lâm Dũng,0104979904,Chứng khoán,1,,,Hà Nội
168,CÔNG TY CP THUẬN HẢI,Dương Thanh Hải,0305601319,"Khai thác, kinh doanh than và hoạt động hỗ trợ",1,,,TP Hồ Chí Minh
169,CÔNG TY TNHH THƯƠNG MẠI VÀ DỊCH VỤ THÀNH TÍN,Trần Thanh Nga,2200208834,"Sản xuất, chế biến và kinh doanh gạo, ngũ cốc, sản phẩm nghiền, đồ khô",1,,,Sóc Trăng
170,CÔNG TY CP PHÁT TRIỂN BẤT ĐỘNG SẢN PHÁT ĐẠT,Bùi Quang Anh Vũ,0303493756,Kinh doanh bất động sản,1,,,TP Hồ Chí Minh
171,CÔNG TY CP GỖ AN CƯỜNG,Lê Đức Nghĩa,3700748131,"Sản xuất, kinh doanh gỗ, sản phẩm từ gỗ và nội thất",1,,,Bình Dương
172,CÔNG TY CP LIZEN,Tăng Quốc Thuộc,0302310209,Xây dựng,1,"3,536,255","1,802,654",TP Hồ Chí Minh
173,CÔNG TY CP MAY SÔNG HỒNG,Bùi Đức Thịnh,0600333307,"Sản xuất, kinh doanh trang phục",1,"3,813,409","4,747,623",Nam Định
174,CÔNG TY CP TẬP ĐOÀN SUNHOUSE,Nguyễn Xuân Phú,0101976905,"Sản xuất, kinh doanh đồ dùng gia đình",1,,,Điện Biên
175,CÔNG TY TNHH THỨC ĂN GIA SÚC LÁI THIÊU,Nguyễn Thị Kim Anh,3700149709,"Sản xuất, kinh doanh thức ăn chăn nuôi",1,,,Bình Dương
176,CÔNG TY CP ĐẦU TƯ TỔNG HỢP HÀ NỘI,Nguyễn Đại Hải,0102287094,Kinh doanh bất động sản,1,"3,657,493","3,745,725",Hà Nội
177,CÔNG TY CP PHÚC SINH,Phan MinhThông,0302401061,"Sản xuất, chế biến và kinh doanh đồ uống không cồn",1,,,TP Hồ Chí Minh
178,CÔNG TY CP THỰC PHẨM Á CHÂU,Nguyễn Mạnh Hà,3700150020,"Sản xuất, chế biến và kinh doanh thực phẩm đóng gói, ăn liền, đồ hộp",1,,,Bình Dương
179,CÔNG TY CP CÔNG NGHỆ VÀ DỊCH VỤ IMEDIA,Phạm Ngọc Tú,0105837941,Viễn thông,1,,,Hà Nội
180,CÔNG TY TNHH TẬP ĐOÀN BIM - BIM GROUP,Đoàn Quốc Huy,5700103433,Kinh doanh bất động sản,1,,,Quảng Ninh
181,CÔNG TY CP TẬP ĐOÀN VITTO,Nguyễn Xuân Quang,2500578360,"Sản xuất, kinh doanh vật liệu xây dựng",1,,,Vĩnh Phúc
182,CÔNG TY CP CASPER VIỆT NAM,Nguyễn Viết Chung,0107009894,"Sản xuất, kinh doanh thiết bị điện",1,,,Hà Nội
183,CÔNG TY TNHH SẢN XUẤT VÀ THƯƠNG MẠI MINH NGỌC,Đồng Tuấn Vũ,0900237146,"Sản xuất, kinh doanh máy móc, sản phẩm cơ khí khác",1,,,Hưng Yên
184,CÔNG TY CP THƯƠNG MẠI DỊCH VỤ DẦU KHÍ HẢI PHÁT,Phạm Thị Thu Tâm,3603262480,Kinh doanh xăng dầu và các sản phẩm liên quan,1,,,Đồng Nai
185,CÔNG TY CP DATVIET VAC GROUP HOLDINGS,Đinh Bá Thành,0315744468,Quảng cáo và nghiên cứu thị trường,1,,,TP Hồ Chí Minh
186,CÔNG TY TNHH THƯƠNG MẠI-DỊCH VỤ-XUẤT NHẬP KHẨU TƯỜNG NGUYÊN,Lê Thị Hoa,1400683063,"Sản xuất, kinh doanh phân bón, thuốc trừ sâu",1,,,Đồng Tháp
187,CÔNG TY CP ĐẦU TƯ NĂM BẢY BẢY,Lưu Hải Ca,0303885305,Kinh doanh bất động sản,1,"3,500,670","565,232",TP Hồ Chí Minh
188,CÔNG TY CP NHỰA ĐỒNG NAI,Nguyễn Văn Hiếu,3600662561,"Sản xuất, kinh doanh nhựa và sản phẩm từ nhựa",1,,,Đồng Nai
189,CÔNG TY CP SẢN XUẤT KINH DOANH XUẤT NHẬP KHẨU BÌNH THẠNH,Nguyễn Gia Vinh,0302181666,Hoạt động công nghiệp khác,1,"3,456,745","4,150,320",TP Hồ Chí Minh
190,CÔNG TY CP DỆT MAY - ĐẦU TƯ - THƯƠNG MẠI THÀNH CÔNG,JUNG SUNG KWAN,0301446221,"Sản xuất, kinh doanh trang phục",1,"3,469,717","3,535,416",TP Hồ Chí Minh
191,CÔNG TY CP GENTRACO,Nguyễn Trung Kiên,1800241743,"Sản xuất, chế biến và kinh doanh gạo, ngũ cốc, sản phẩm nghiền, đồ khô",1,,,TP Hồ Chí Minh
192,TỔNG CÔNG TY MAY 10 - CTCP,Thân Đức Việt,0100101308,"Sản xuất, kinh doanh trang phục",1,"3,447,303","3,467,349",Hà Nội
193,CÔNG TY CP TRANSIMEX,Lê Duy Hiệp,0301874259,Hoạt động khác hỗ trợ cho vận tải,1,"3,418,341","6,381,266",TP Hồ Chí Minh
194,CÔNG TY CP DỊCH VỤ & KỸ THUẬT CƠ ĐIỆN LẠNH R.E.E,Phạm Công Pháp,0302660700,Hoạt động xây dựng khác,1,,,TP Hồ Chí Minh
195,CÔNG TY TNHH THƯƠNG MẠI XUẤT NHẬP KHẨU VIỆT HÀN,Phạm Thị Yến,0101325854,"Sản xuất, kinh doanh thiết bị điện",1,,,Hà Nội
196,"CÔNG TY CP DỊCH VỤ LẮP ĐẶT, VẬN HÀNH VÀ BẢO DƯỠNG CÔNG TRÌNH DẦU KHÍ BIỂN PTSC",Dương Hùng Văn,3500818790,Dịch vụ khác,1,"3,402,137","2,094,113",Bà Rịa - Vũng Tàu
197,CÔNG TY CP DƯỢC PHẨM THIẾT BỊ Y TẾ HÀ NỘI,Đinh Văn Đông,0100109699,"Kinh doanh, phân phối dược phẩm, thiết bị y tế",1,,,Hà Nội
198,CÔNG TY CP NHỰA CHÂU ÂU,Hoàng Quốc Huy,0700253609,"Sản xuất, kinh doanh nhựa và sản phẩm từ nhựa",1,,,Hà Nam
199,CÔNG TY CP MASCOPEX,Ngô Xuân Nam,4200236666,"Sản xuất, chế biến và kinh doanh thực phẩm tươi sống, đông lạnh",1,,,Khánh Hòa
200,CÔNG TY CP PHÁT HÀNH SÁCH TP. HỒ CHÍ MINH - FAHASA,Phạm Minh Thuận,0304132047,"Bán lẻ sách, báo, tạp chí, văn phòng phẩm",1,"3,281,417","2,748,785",TP Hồ Chí Minh
201,CÔNG TY CỔ PHẦN TẬP ĐOÀN NOVA CONSUMER,Tôn Thất Đề,0301447257,Nông nghiệp,1,,,TP Hồ Chí Minh
202,CÔNG TY CP LEC GROUP,Trần Đức Tuân,3502380495,Hoạt động khác hỗ trợ cho vận tải,1,,,Bà Rịa - Vũng Tàu
203,CÔNG TY CP CHỨNG KHOÁN KỸ THƯƠNG,Nguyễn Thị Thu Hiền,0102935813,Chứng khoán,1,,,Hà Nội
204,CÔNG TY CP THƯƠNG MẠI HIỆP HƯƠNG,Trương Công Hiệp,0100953567,"Khai thác, chế biến, kinh doanh quặng kim loại và hoạt động hỗ trợ",1,,,Hà Nội
205,CÔNG TY CP VẬT TƯ HẬU GIANG,Lê Hoàng Nam,1800506679,"Sản xuất, kinh doanh vật liệu xây dựng",1,"3,218,928","3,087,570",Cần Thơ
206,CÔNG TY TNHH THƯƠNG MẠI VÀ SẢN XUẤT TƯỜNG VIỆT,Dương Tấn Trước,0302853607,"Sản xuất, kinh doanh thiết bị điện",1,,,TP Hồ Chí Minh
207,CÔNG TY CP FECON,Nguyễn Văn Thanh,0101502599,Hoạt động xây dựng khác,1,"3,154,194","3,484,219",Hà Nội
208,CÔNG TY CP CÔNG NGHỆ ELITE,Trần Hoài Phương Chi,0303853575,Hoạt động thông tin khác,1,,,TP Hồ Chí Minh
209,TỔNG CÔNG TY CP ĐẦU TƯ PHÁT TRIỂN XÂY DỰNG,Ông Hoàng Văn Tăng,3500101107,Kinh doanh bất động sản,1,"2,487,174","2,568,689",Bà Rịa - Vũng Tàu
210,CÔNG TY CP THÉP ASEAN,Hồ Văn Phương,6000746180,"Sản xuất, gia công kim loại, sắt thép, kim khí…",1,,,Đắk Lắk
211,CÔNG TY CP UNIBEN,Vũ Tiến Dũng,0301442989,"Sản xuất, chế biến và kinh doanh thực phẩm đóng gói, ăn liền, đồ hộp",1,,,Bình Dương
212,CÔNG TY TNHH THƯƠNG MẠI TỔNG HỢP TUẤN VIỆT,Lê Thị Nữ,3100261120,"Sản xuất, chế biến và kinh doanh đường",1,,,Quảng Bình
213,CÔNG TY CP NƯỚC - MÔI TRƯỜNG BÌNH DƯƠNG,Trần Chiến Công,3700145694,Hoạt động xây dựng khác,1,"3,025,337","3,118,867",Bình Dương
214,CÔNG TY TNHH PHÂN PHỐI TIÊN TIẾN,Trương Quốc Chí,0303549039,"Sản xuất, kinh doanh đồ dùng gia đình",1,,,TP Hồ Chí Minh
215,CÔNG TY TNHH PHÁT TÀI,Lê Phát Long,1400105785,"Sản xuất, chế biến và kinh doanh gạo, ngũ cốc, sản phẩm nghiền, đồ khô",1,,,Đồng Tháp
216,CÔNG TY CP DỊCH VỤ TRỰC TUYẾN CỘNG ĐỒNG VIỆT,Ngô Trung Lĩnh,0305458683,Ngân hàng,1,,,TP Hồ Chí Minh
217,CÔNG TY CP TẬP ĐOÀN ĐẤT XANH,Bùi Ngọc Đức,0303104343,Kinh doanh bất động sản,1,"2,890,654","10,089,385",TP Hồ Chí Minh
218,CÔNG TY CP THAIHOLDINGS,Nguyễn Văn Dũng,0105202998,"Thăm dò, khai thác dầu mỏ và hoạt động hỗ trợ",1,"1,820,617","8,242,532",Hà Nội
219,CÔNG TY TNHH MTV THỰC PHẨM VÀ ĐẦU TƯ FOCOCEV,Đào Quý Chung,0400101588,"Sản xuất, chế biến và kinh doanh gạo, ngũ cốc, sản phẩm nghiền, đồ khô",1,,,TP Hồ Chí Minh
220,CÔNG TY CP TẬP ĐOÀN ĐỨC TƯỜNG,Nguyễn Đức Tường,1701884951,"Sản xuất, kinh doanh thiết bị điện",1,,,Kiên Giang
221,CÔNG TY CP ĐẦU TƯ PHÁT TRIỂN CÔNG NGHIỆP VÀ VẬN TẢI,Bùi Thiện Phương Đông,0300482393,Xây dựng,1,"2,852,633","3,111,846",TP Hồ Chí Minh
222,CÔNG TY CP ĐẦU TƯ NAM LONG,Trần Xuân Ngọc,0301438936,Kinh doanh bất động sản,1,"2,216,719","5,205,519",TP Hồ Chí Minh
223,CÔNG TY CP KẾT CẤU THÉP ATAD,Nguyễn Lê Anh Tuấn,1100641143,Xây dựng,1,,,Long An
224,CÔNG TY CP DINH DƯỠNG HỒNG HÀ,Đỗ Đức Tiến,0700220547,"Sản xuất, kinh doanh thức ăn chăn nuôi",1,,,Hà Nam
225,CÔNG TY CP XÂY DỰNG AN PHONG,Nguyễn Khắc Phong,0304621513,Xây dựng,1,,,TP Hồ Chí Minh
226,CÔNG TY CP CƠ KHÍ XÂY DỰNG AMECC,Ngô Quốc Thịnh,0200786983,"Sản xuất, kinh doanh máy móc, sản phẩm cơ khí khác",1,"2,982,563","2,677,988",Hải Phòng
227,CÔNG TY CP SẢN XUẤT VÀ THƯƠNG MẠI P.P,Phan Thị Thu Hương,0101437981,Hoạt động công nghiệp khác,1,,,Hà Nội
228,CÔNG TY CP VINACAFÉ BIÊN HÒA,Đoàn Quốc Hưng,3600261626,"Sản xuất, chế biến và kinh doanh đường",1,"2,901,293","2,216,910",Đồng Nai
229,CÔNG TY CP ĐẦU TƯ & PHÁT TRIỂN CÔNG NGHỆ QUỐC GIA ADG,Đặng Vũ Toàn,0102023052,"Sản xuất, kinh doanh thiết bị điện tử, điện lạnh, công nghệ thông tin, viễn thông…",1,,,Hà Nội
230,CÔNG TY CP XUẤT NHẬP KHẨU THIÊN Á,Phan Thanh Tùng,0101726782,"Sản xuất, kinh doanh máy móc, sản phẩm cơ khí khác",1,,,Hà Nội
231,CÔNG TY CP TẬP ĐOÀN SEMEC,Lê Sơn Long,2900608267,"Kinh doanh kim loại, sắt thép, kim khí…",1,,,Nghệ An
232,CÔNG TY CP VẬT TƯ XĂNG DẦU (COMECO),Lê Tấn Thương,0300450673,Kinh doanh xăng dầu và các sản phẩm liên quan,1,"2,899,292","2,659,682",Điện Biên
233,CÔNG TY CP HƯNG THỊNH LAND,Lê Trọng Khương,0302588518,Kinh doanh bất động sản,1,,,TP Hồ Chí Minh
234,CÔNG TY CP ĐÔNG HẢI BẾN TRE,Lê Bá Phương,1300358260,"Sản xuất, kinh doanh giấy và các sản phẩm từ giấy",1,"2,887,571","4,164,331",Bến Tre
235,CÔNG TY CP THƯƠNG MẠI DẦU KHÍ CỬU LONG,Lê Trung Nguyên Khôi,1500498480,Kinh doanh xăng dầu và các sản phẩm liên quan,1,,,Vĩnh Long
236,CÔNG TY CP TẬP ĐOÀN DẦU KHÍ AN PHA,Trần Minh Loan,0303224471,Kinh doanh xăng dầu và các sản phẩm liên quan,1,"2,723,450","3,391,420",TP Hồ Chí Minh
237,CÔNG TY CP CÔNG NGHIỆP VĨNH TƯỜNG,Trần Đức Huy,0304075529,"Sản xuất, kinh doanh vật liệu xây dựng",1,,,TP Hồ Chí Minh
238,CÔNG TY CP TẬP ĐOÀN ĐIỆN LẠNH ĐIỆN MÁY VIỆT ÚC,Nguyễn Thành Phương,0101360104,"Sản xuất, kinh doanh thiết bị điện tử, điện lạnh, công nghệ thông tin, viễn thông…",1,,,Hà Nội
239,CÔNG TY CP GIỐNG BÒ SỮA MỘC CHÂU,Trần Công Chiến,5500154060,"Sản xuất, chế biến và kinh doanh sữa, sản phẩm từ sữa",1,"2,822,948","2,925,664",Sơn La
240,CÔNG TY CP EUROWINDOW,Nguyễn Cảnh Hồng,2500217526,"Sản xuất, kinh doanh vật liệu xây dựng",1,,,Hà Nội
241,TỔNG CÔNG TY CÔNG NGHIỆP DẦU THỰC VẬT VIỆT NAM - CTCP,Nguyễn Thị Xuân Liễu,0300585984,"Sản xuất, chế biến và kinh doanh dầu ăn, mỡ động thực vật",1,"2,597,678","1,495,931",TP Hồ Chí Minh
242,TỔNG CÔNG TY VẬT LIỆU XÂY DỰNG SỐ 1 - CTCP,Nguyễn Quang Trung,0300402493,"Sản xuất, kinh doanh vật liệu xây dựng",1,"2,715,540","1,460,847",TP Hồ Chí Minh
243,CÔNG TY TNHH VĨNH HIỆP,Thái Như Hiệp,5900315114,"Sản xuất, chế biến và kinh doanh thực phẩm tươi sống, đông lạnh",1,,,Gia Lai
244,CÔNG TY CP TẬP ĐOÀN THIÊN LONG,Trần Phương Nga,0301464830,Hoạt động công nghiệp khác,1,"2,684,552","2,668,275",TP Hồ Chí Minh
245,CÔNG TY CP THỦY SẢN SẠCH VIỆT NAM,Võ Văn Phục,2200325351,"Sản xuất, chế biến và kinh doanh thực phẩm đóng gói, ăn liền, đồ hộp",1,,,Sóc Trăng
246,CÔNG TY CP RẠNG ĐÔNG HOLDING,Hồ Đức Lam,0300384357,"Sản xuất, kinh doanh nhựa và sản phẩm từ nhựa",1,"2,744,311","2,711,376",TP Hồ Chí Minh
247,CÔNG TY CP TẬP ĐOÀN HOÀNG LONG,Nguyễn Quốc Đạo,1100414052,Xây dựng,1,"2,653,763","2,527,103",Long An
248,CÔNG TY CP TẬP ĐOÀN BAMBOO CAPITAL,Nguyễn Thế Tài,0311315789,Dịch vụ khác,1,"1,854,945","2,589,459",TP Hồ Chí Minh
249,CÔNG TY CP GEMADEPT,Nguyễn Thanh Bình,0301116791,Vận tải đường biển,1,"2,605,666","3,206,290",TP Hồ Chí Minh
250,CÔNG TY CP SÀI GÒN FOOD,Nguyễn Quang Tường,0302994301,"Sản xuất, chế biến và kinh doanh thực phẩm đóng gói, ăn liền, đồ hộp",1,,,TP Hồ Chí Minh
251,NGÂN HÀNG TMCP XĂNG DẦU PETROLIMEX,Nguyễn Quang Định,1400116233,Ngân hàng,1,,,Hà Nội
252,CÔNG TY CP XÂY DỰNG HỢP LỰC,Trần Ngọc Tân,0103711478,Xây dựng,1,,,Hà Nội
253,CÔNG TY CP VẬT TƯ NÔNG SẢN,Nguyễn Tiến Dũng,0100104066,"Sản xuất, kinh doanh phân bón, thuốc trừ sâu",1,,,Hà Nội
254,CÔNG TY TNHH ĐẦU TƯ ĐỊA ỐC THÀNH PHỐ,Bùi Mạnh Hưng,0302980690,Kinh doanh bất động sản,1,,,TP Hồ Chí Minh
255,CÔNG TY TNHH CƠ KHÍ XÂY DỰNG DST VIỆT NAM,Nguyễn Mạnh Hùng,0106462325,"Sản xuất, gia công kim loại, sắt thép, kim khí…",1,,,Hà Nội
256,CÔNG TY TNHH THƯƠNG MẠI VÀ CÔNG NGHIỆP MỸ VIỆT,Nguyễn Minh Tuấn,0900239753,"Sản xuất, kinh doanh máy móc, sản phẩm cơ khí khác",1,,,Hưng Yên
257,TỔNG CÔNG TY CP BẢO HIỂM QUÂN ĐỘI,Ông Uông Đông Hưng- chủ tịch,0102385623,Bảo hiểm,1,"2,402,481","2,655,713",Hà Nội
258,CÔNG TY CP ĐẦU TƯ VÀ XÂY DỰNG XUÂN MAI,Nguyễn Cao Thắng,0500443916,Xây dựng,1,"2,140,454","1,612,653",Hà Nội
259,CÔNG TY TNHH MTV BÒ SỮA VIỆT NAM,Trịnh Quốc Dũng,5000268824,Chăn nuôi,1,,,TP Hồ Chí Minh
260,CÔNG TY CP THÉP VÀ VẬT TƯ XÂY DỰNG,Vũ Thị Năm,0101967587,"Kinh doanh kim loại, sắt thép, kim khí…",1,,,Hà Nội
261,CÔNG TY TNHH MTV THỨC ĂN THỦY SẢN MEKONG,Đặng Hoàng Phương,1401934305,"Sản xuất, kinh doanh thức ăn chăn nuôi",1,,,Đồng Tháp
262,CÔNG TY CP KỸ THUẬT SIGMA,Nguyễn Quang Ngọc,0101600518,Hoạt động xây dựng khác,1,,,Hà Nội
263,CÔNG TY CP CƠ ĐIỆN TRẦN PHÚ,Đặng Quốc Chính,0100106063,"Sản xuất, kinh doanh thiết bị điện",1,,,Hà Nội
264,CÔNG TY CP VINAFREIGHT,Nguyễn Huy Diệu,0302511219,Hoạt động khác hỗ trợ cho vận tải,1,"2,468,752","4,895,878",TP Hồ Chí Minh
265,CÔNG TY CP NHỰA HƯNG YÊN,Nguyễn Minh Tân,0900108380,"Sản xuất, kinh doanh nhựa và sản phẩm từ nhựa",1,,,Hưng Yên
266,CÔNG TY CP ỐNG ĐỒNG TOÀN PHÁT,Bùi Hồng Phúc,0900246768,"Sản xuất, gia công kim loại, sắt thép, kim khí…",1,,,Hưng Yên
267,CÔNG TY CP TƯ VẤN VÀ XÂY DỰNG PHÚ XUÂN,Nguyễn Quốc Mến,0101185572,Xây dựng,1,,,Hà Nội
268,TỔNG CÔNG TY THIẾT BỊ ĐIỆN ĐÔNG ANH - CTCP,Nguyễn Vũ Cường,0100101322,"Sản xuất, kinh doanh thiết bị điện",1,"2,422,137","2,116,604",Hà Nội
269,CÔNG TY CP TẬP ĐOÀN TOJI,Hồ Minh Tiến,0101261431,"Sản xuất, kinh doanh thiết bị điện",1,,,Hà Nội
270,CÔNG TY TNHH XÂY DỰNG TỰ LẬP,Nguyễn Văn Thỏa,2600251062,Xây dựng,1,,,Phú Thọ
271,CÔNG TY TNHH XUẤT NHẬP KHẨU VI NA ĐẠI VIỆT,Trần Vũ Quỳnh Như,3602576702,"Sản xuất, chế biến và kinh doanh thực phẩm tươi sống, đông lạnh",1,,,Đồng Nai
272,CÔNG TY CP MEGRAM,Đỗ Thành Trung,0105284398,"Sản xuất, kinh doanh thiết bị điện",1,,,Hà Nội
273,CÔNG TY TNHH THIẾT BỊ ĐIỆN LIOA,Nguyễn Chí Linh,0900246535,"Sản xuất, kinh doanh thiết bị điện",1,,,Hưng Yên
274,CÔNG TY CP LICOGI 13,Phạm Văn Thăng,0100106426,Xây dựng,1,"2,338,314","2,439,778",Hà Nội
275,CÔNG TY TNHH XUẤT NHẬP KHẨU - THƯƠNG MẠI - CÔNG NGHỆ - DỊCH VỤ HÙNG DUY,Lê Minh Trúc,3900212443,"Sản xuất, chế biến và kinh doanh gạo, ngũ cốc, sản phẩm nghiền, đồ khô",1,,,Tây Ninh
276,CÔNG TY CP THƯƠNG MẠI CITICOM,Lê Phụng Thắng,0101370014,"Kinh doanh kim loại, sắt thép, kim khí…",1,,,Hà Nội
277,CÔNG TY CP ĐẦU TƯ THƯƠNG MẠI XNK VIỆT PHÁT,Nguyễn Xuân Trường,0200826844,"Khai thác, chế biến, kinh doanh quặng kim loại và hoạt động hỗ trợ",1,"2,331,465","3,863,572",Hải Phòng
278,TỔNG CÔNG TY 36,Nguyễn Đăng Giáp,0105454762,Xây dựng,1,"2,308,851","1,161,553",Hà Nội
279,TỔNG CÔNG TY LICOGI- CTCP,Vũ Tiến Giao,0100106440,Xây dựng,1,"2,187,968","1,988,415",Hà Nội
280,CÔNG TY CP HAWEE CƠ ĐIỆN,Nguyễn Thị Hải Yến,0101466566,Hoạt động xây dựng khác,1,,,Hà Nội
281,CÔNG TY CP THỰC PHẨM CHOLIMEX,Diệp Nam Hải,0304475742,"Sản xuất, chế biến và kinh doanh thực phẩm khác",1,"2,263,329","2,508,601",TP Hồ Chí Minh
282,TỔNG CÔNG TY CỔ PHẦN BẢO HIỂM SÀI GÒN - HÀ NỘI,Nguyễn Văn Trưởng,0103085460,Bảo hiểm,1,,,Hà Nội
283,CÔNG TY CP ĐẦU TƯ VĂN PHÚ - INVEST,Triệu Hữu Đại,0102702590,Kinh doanh bất động sản,1,"2,164,999","2,610,596",Hà Nội
284,CÔNG TY CP ĐẦU TƯ VÀ PHÁT TRIỂN BẤT ĐỘNG SẢN AN GIA,Nguyễn Bá Sáng,0311500196,Kinh doanh bất động sản,1,"1,753,643","1,808,365",TP Hồ Chí Minh
285,CÔNG TY CP XÂY DỰNG PHƯỚC THÀNH,Phạm Thị Thanh Hằng,0303615482,Xây dựng,1,,,TP Hồ Chí Minh
286,CÔNG TY CP ECOBA VIỆT NAM,Võ Tiến Đạt,0104415496,Xây dựng,1,,,Hà Nội
287,CÔNG TY CP CHỨNG KHOÁN TP. HỒ CHÍ MINH,Johan Nyvene,0302910950,Chứng khoán,1,"2,247,906","4,460,113",TP Hồ Chí Minh
288,CÔNG TY TNHH THƯƠNG MẠI XÂY DỰNG VẬN TẢI THANH LONG,Hồ Kiến Phong,0304133227,"Sản xuất, kinh doanh vật liệu xây dựng",1,,,TP Hồ Chí Minh
289,CÔNG TY CP ĐÓNG TÀU VÀ VẬN TẢI BIỂN NAM PHÁT,Phạm Đắc Nam,5701483604,Công nghiệp đóng tàu và thuyền,1,,,Quảng Ninh
290,TỔNG CÔNG TY HÓA CHẤT VÀ DỊCH VỤ DẦU KHÍ - CTCP,Phan Công Thành,0100150873,"Thăm dò, khai thác dầu mỏ và hoạt động hỗ trợ",1,"2,178,705","2,760,260",Hà Nội
291,CÔNG TY CP TẬP ĐOÀN VINACAM,Vũ Duy Hải,0303800051,"Sản xuất, kinh doanh phân bón, thuốc trừ sâu",1,,,TP Hồ Chí Minh
292,CÔNG TY CP ĐẦU TƯ DU LỊCH VÀ PHÁT TRIỂN THỦY SẢN,Ông Lê Văn Lâm,1600895650,Hoạt động xây dựng khác,1,,,Đồng Tháp
293,CÔNG TY CP BẤT ĐỘNG SẢN THẾ KỶ,Nguyễn Trung Vũ,0101160306,Kinh doanh bất động sản,1,"2,117,495","5,597,582",Hà Nội
294,CÔNG TY CP NHỰA BẢO VÂN,Nguyễn Quốc Bảo,3700257662,"Sản xuất, kinh doanh nhựa và sản phẩm từ nhựa",1,,,Bình Dương
295,CÔNG TY CP TẬP ĐOÀN CIENCO4,Nguyễn Tuấn Huỳnh,2900324850,Xây dựng,1,"2,089,845","1,885,076",Hà Nội
296,CÔNG TY CP MÁY TÍNH VĨNH XUÂN,Ngô Thị Kim Ngân,0100516045,"Sản xuất, kinh doanh thiết bị điện tử, điện lạnh, công nghệ thông tin, viễn thông…",1,,,Hà Nội
297,CÔNG TY CP KỸ NGHỆ THỰC PHẨM VIỆT NAM (VIFON),Lê Thị Ánh Phương,0300627384,"Sản xuất, chế biến và kinh doanh thực phẩm đóng gói, ăn liền, đồ hộp",1,,,TP Hồ Chí Minh
298,CÔNG TY CP TẬP ĐOÀN ĐẠT PHƯƠNG,Trần Anh Tuấn,0101218757,Xây dựng,1,"2,118,336","2,545,456",Hà Nội
299,CÔNG TY CP CHỨNG KHOÁN VNDIRECT,Nguyễn Vũ Long,0102065366,Chứng khoán,1,"2,134,529","6,039,233",Hà Nội
300,TỔNG CÔNG TY CP PHONG PHÚ,Phạm Xuân Trình,0301446006,"Sản xuất, kinh doanh sợi, sản phẩm dệt",1,"2,099,133","1,652,139",TP Hồ Chí Minh
301,CÔNG TY CP ĐỒNG TÂM,Nguyễn Văn Hùng,1100548578,Kinh doanh bất động sản,1,,,Long An
302,CÔNG TY CP ĐẦU TƯ LBM,Nguyễn Mạnh Bảo,0308783233,"Sản xuất, kinh doanh máy móc, sản phẩm cơ khí khác",1,,,TP Hồ Chí Minh
303,CÔNG TY CP THỰC PHẨM AN LONG,Huỳnh Tuân Phương Mai,1100814572,"Sản xuất, chế biến và kinh doanh dầu ăn, mỡ động thực vật",1,,,Long An
304,CÔNG TY TNHH HÙNG CÁ,Trần Văn Hùng,1400528082,"Sản xuất, chế biến và kinh doanh thực phẩm đóng gói, ăn liền, đồ hộp",1,,,Đồng Tháp
305,CÔNG TY CP SAM HOLDINGS,Trần Việt Anh,3600253537,"Sản xuất, kinh doanh thiết bị điện",1,"1,919,269","1,888,697",TP Hồ Chí Minh
306,CÔNG TY CP GAVI,Lê Thị Hoàng Trinh,1601645981,"Sản xuất, chế biến và kinh doanh gạo, ngũ cốc, sản phẩm nghiền, đồ khô",1,,,An Giang
307,CÔNG TY CP ĐẦU TƯ APAX HOLDINGS,Vũ Cẩm La Hương,0105824156,Dịch vụ khác,1,"1,951,190","1,733,836",Hà Nội
308,CÔNG TY CP XĂNG DẦU TÍN NGHĨA,Trần Thanh Tùng,3601038204,Kinh doanh xăng dầu và các sản phẩm liên quan,1,,,Đồng Nai
309,CÔNG TY CP KHO VẬN MIỀN NAM,Trần Tuấn Anh,0300645369,"Kho bãi, bốc xếp hàng hóa",1,"737,107","686,821",TP Hồ Chí Minh
310,CÔNG TY CP KỸ THƯƠNG THIÊN HOÀNG,Phạm Bách Tùng,0101272578,"Sản xuất, kinh doanh vật liệu xây dựng",1,,,Hà Nội
311,CÔNG TY CP BM WINDOWS,Trần Văn Tiến,0313919539,Xây dựng,1,,,TP Hồ Chí Minh
312,CÔNG TY CP ỐNG THÉP THUẬN PHÁT,Trần Văn Thắng,0800902222,"Sản xuất, gia công kim loại, sắt thép, kim khí…",1,,,Hải Dương
313,CÔNG TY CP DƯỢC PHẨM HÀ TÂY,Lê Xuân Thắng,0500391400,"Sản xuất dược phẩm, thiết bị y tế",1,"2,006,475","1,609,364",Hà Nội
314,CÔNG TY CP XÂY DỰNG FLC FAROS,Nguyễn Thiện Phú,0105167581,Xây dựng,1,,,Hà Nội
315,CÔNG TY CP TẬP ĐOÀN TRANG KHANH,Đoàn Thanh Duy,0201725327,"Kinh doanh kim loại, sắt thép, kim khí…",1,,,Hải Phòng
316,CÔNG TY CP TẬP ĐOÀN TONMAT,Trần Văn Sơn,2300238060,"Sản xuất, gia công kim loại, sắt thép, kim khí…",1,,,Bắc Ninh
317,CÔNG TY CP ĐẠI THIÊN LỘC,Nguyễn Thanh Loan,3700381282,"Sản xuất, kinh doanh máy móc, sản phẩm cơ khí khác",1,"1,982,112","1,380,751",Bình Dương
318,CÔNG TY CP XÂY DỰNG SỐ 1,Lê Đăng Vinh,0300408745,Xây dựng,1,,,TP Hồ Chí Minh
319,CÔNG TY TNHH THƯƠNG MẠI VÀ SẢN XUẤT NAM PHÁT,Nguyễn Lương Ngọc,0101806244,"Sản xuất, kinh doanh máy móc, sản phẩm cơ khí khác",1,,,Hà Nội
320,CÔNG TY CP TRAPHACO,Trần Túc Mã,0100108656,"Sản xuất dược phẩm, thiết bị y tế",1,"1,908,870","2,160,840",Hà Nội
321,CÔNG TY CP PHÂN BÓN HÓA CHẤT DẦU KHÍ MIỀN TRUNG,Trần Tuấn Nam,4100733174,"Sản xuất, kinh doanh phân bón, thuốc trừ sâu",1,"1,863,265","3,036,619",Bình Định
322,CÔNG TY TNHH HÒA BÌNH,Nguyễn Hữu Đường,0100276146,"Bán lẻ hàng tiêu dùng nhanh trong siêu thị, cửa hàng tiện lợi, chợ truyền thông",1,,,Hà Nội
323,CÔNG TY CP ĐỊA ỐC SÀI GÒN THƯƠNG TÍN,Vũ Quốc Thái,0303315400,Kinh doanh bất động sản,1,"918,155","1,683,184",TP Hồ Chí Minh
324,CÔNG TY CP TRUNG ĐÔNG,Trương Quang Thọ,3600669165,"Sản xuất, kinh doanh nhựa và sản phẩm từ nhựa",1,,,Đồng Nai
325,CÔNG TY CP B.C.H,Nguyễn Văn Tuấn,0800286887,"Kinh doanh kim loại, sắt thép, kim khí…",1,,,Hải Dương
326,CÔNG TY TNHH THÉP NHẬT QUANG,Nguyễn Nhật Thăng,0900234699,"Sản xuất, gia công kim loại, sắt thép, kim khí…",1,,,Hưng Yên
327,CÔNG TY CP MÍA ĐƯỜNG LAM SƠN,Lê Văn Tân,2800463346,"Sản xuất, chế biến và kinh doanh đường",1,"1,846,471","2,041,296",Thanh Hoá
328,CÔNG TY CP LOUIS HOLDINGS,Nguyễn Mai Long,1101573295,Dịch vụ tài chính khác,1,,,TP Hồ Chí Minh
329,"CÔNG TY CP ĐẦU TƯ, THƯƠNG MẠI VÀ DỊCH VỤ - VINACOMIN",Thiều Quang Thảo,0200170658,"Khai thác, kinh doanh than và hoạt động hỗ trợ",1,"1,807,798","1,460,351",Hà Nội
330,CÔNG TY TNHH BÊ TÔNG VÀ XÂY DỰNG MINH ĐỨC,Tạ Quyết Thắng,0200611969,"Sản xuất, kinh doanh vật liệu xây dựng",1,,,Hải Phòng
331,CÔNG TY CP DƯỢC PHẨM ECO,Ngô Chí Dũng,0102637020,"Kinh doanh, phân phối dược phẩm, thiết bị y tế",1,,,Hà Nội
332,CÔNG TY CP CHỨNG KHOÁN SÀI GÒN - HÀ NỘI,Vũ Đức Tiến,0102524651,Chứng khoán,1,"685,729","-64,305",Hà Nội
333,CÔNG TY CP ĐẦU TƯ XÂY DỰNG VÀ THƯƠNG MẠI QUỐC TẾ - ICT,Tạ Thanh Xuân,0100828742,Công nghiệp khác,1,,,Hà Nội
334,CÔNG TY CP TẬP ĐOÀN GIỐNG CÂY TRỒNG VIỆT NAM,Trần Kim Liên,0101449271,Hoạt động nông nghiệp khác,1,"1,634,552","1,928,606",Hà Nội
335,CÔNG TY CP ĐẦU TƯ VÀ KINH DOANH THÉP NHÂN LUẬT,Phan Châu Luật,0400102616,"Kinh doanh kim loại, sắt thép, kim khí…",1,,,Đà Nẵng
336,CÔNG TY CP BẢO HIỂM VIỄN ĐÔNG,Đặng Diệp Đại Khoa,0303099446,Bảo hiểm,1,,,TP Hồ Chí Minh
337,CÔNG TY CP SẢN XUẤT VÀ CÔNG NGHỆ NHỰA PHA LÊ,Mai Thanh Phương - Chủ tịch HĐQT,0103018538,"Sản xuất, kinh doanh nhựa và sản phẩm từ nhựa",1,"1,786,074","2,412,715",Hải Phòng
338,CÔNG TY CP ĐẦU TƯ VÀ XÂY DỰNG TIỀN GIANG,Trần Hoàng Huân,1200526842,Xây dựng,1,"1,782,150","1,318,964",Tiền Giang
339,BMB STEEL,Trần Lê Quốc Thái,3700778489,Xây dựng,1,,,Bình Dương
340,CÔNG TY CP TẬP ĐOÀN AUSTDOOR,Dương Quốc Tuấn,0101306139,"Sản xuất, kinh doanh vật liệu xây dựng",1,,,Hà Nội
341,CÔNG TY TNHH SAO MAI SUPER FEED,Lê Thị Phượng,1401976866,"Sản xuất, kinh doanh thức ăn chăn nuôi",1,,,Đồng Tháp
342,CÔNG TY CP SADICO CẦN THƠ,Nguyễn Văn Cường,1800155452,"Sản xuất, kinh doanh trang phục",1,"1,661,527","1,353,508",Cần Thơ
343,NGÂN HÀNG TMCP SÀI GÒN CÔNG THƯƠNG,Dương Xuân Minh,0300610408,Ngân hàng,1,"590,669","589,171",Thái Bình
344,CÔNG TY CP TẬP ĐOÀN NHỰA ĐÔNG Á,Nguyễn Bá Hùng,0101099228,"Sản xuất, kinh doanh nhựa và sản phẩm từ nhựa",1,"1,756,946","1,953,961",Hà Nội
345,CÔNG TY TNHH THƯƠNG MẠI THÉP TOÀN THẮNG,Đoàn Danh Tuấn,0301424404,"Kinh doanh kim loại, sắt thép, kim khí…",1,,,TP Hồ Chí Minh
346,CÔNG TY TÀI CHÍNH CP ĐIỆN LỰC,Lương Hải Sinh,0102806367,Ngân hàng,1,"713,211","786,127",Hà Nội
347,CÔNG TY CP CHỨNG KHOÁN BẢN VIỆT,Tô Hải,0305299779,Chứng khoán,1,"1,729,592","3,707,069",TP Hồ Chí Minh
348,CÔNG TY CP VẬN TẢI DẦU KHÍ THÁI BÌNH DƯƠNG,Lê Mạnh Tuấn,0305475110,Vận tải đường biển,1,"1,611,043","1,244,003",TP Hồ Chí Minh
349,CÔNG TY CP DỆT 10/10,Dương Văn Bình,0100100590,"Sản xuất, kinh doanh trang phục",1,,,Hà Nội
350,CÔNG TY CP THƯƠNG MẠI XUẤT NHẬP KHẨU DẦU KHÍ MINH ĐỨC,Trần Đức Dũng,0313094165,Kinh doanh xăng dầu và các sản phẩm liên quan,1,,,TP Hồ Chí Minh
351,TỔNG CÔNG TY XÂY DỰNG BẠCH ĐẰNG,Nguyễn Trọng Khải,0200157840,Xây dựng,1,,,Hải Phòng
352,TỔNG CÔNG TY ĐỨC GIANG - CTCP,Hoàng Vệ Dũng,0100101403,"Sản xuất, kinh doanh trang phục",1,"1,630,273","1,915,407",Hà Nội
353,CÔNG TY CP SCI,Nguyễn Văn Phúc,0101405355,Xây dựng,1,"1,608,549","6,451,445",Hà Nội
354,CÔNG TY TNHH THƯƠNG MẠI DỊCH VỤ SẢN XUẤT GIẤY KHẢI HOÀN,Ung Thị Thu Mỹ,0306012059,"Sản xuất, kinh doanh giấy và các sản phẩm từ giấy",1,,,TP Hồ Chí Minh
355,CÔNG TY TNHH RITA VÕ,Võ Mậu Quốc Duy,0302802627,"Sản xuất, kinh doanh vật liệu xây dựng",1,,,Hà Nội
356,CÔNG TY CP DATVIET MEDIA,Đào Văn Kính,0304752594,Quảng cáo và nghiên cứu thị trường,1,,,TP Hồ Chí Minh
357,CÔNG TY CP VIỄN THÔNG - TIN HỌC BƯU ĐIỆN (CTIN),Hà Thanh Hải,0100683374,"Sản xuất, kinh doanh thiết bị điện tử, điện lạnh, công nghệ thông tin, viễn thông…",1,,,Hà Nội
358,CÔNG TY CP HẢI ĐĂNG,Thái Trường Giang,3900513521,Xây dựng,1,,,TP Hồ Chí Minh
359,CÔNG TY CP THIỆN PHÚ SĨ,Trần Thị Xuân Hạ,0303376241,"Sản xuất, kinh doanh nhựa và sản phẩm từ nhựa",1,,,Long An
360,CÔNG TY TNHH XÂY DỰNG TUẤN LÊ,Lê Anh Tuấn,0307859271,Xây dựng,1,,,TP Hồ Chí Minh
361,CÔNG TY CP DƯỢC - THIẾT BỊ Y TẾ ĐÀ NẴNG,Tống Viết Phải,0400101404,"Kinh doanh, phân phối dược phẩm, thiết bị y tế",1,"1,554,801","1,546,299",Đà Nẵng
362,CÔNG TY CP VẬN TẢI SẢN PHẨM KHÍ QUỐC TẾ,Đoàn Đức Trọng,0305390530,Vận tải đường biển,1,"1,547,235","1,631,605",TP Hồ Chí Minh
363,CÔNG TY CP XÂY DỰNG CDC,Trần Văn Trường,0105283073,Xây dựng,1,,,Hà Nội
364,CÔNG TY CP DẦU THỰC VẬT TÂN BÌNH,Trương Hoàng Minh,0303587122,"Sản xuất, chế biến và kinh doanh dầu ăn, mỡ động thực vật",1,,,TP Hồ Chí Minh
365,CÔNG TY CP XÂY DỰNG PHỤC HƯNG HOLDINGS,Trần Hồng Phúc,0101311315,Xây dựng,1,"419,450","289,459",Hà Nội
366,CÔNG TY TNHH TNI KING COFFEE,Lê Hoàng Diệp Thảo,0313743966,"Sản xuất, chế biến và kinh doanh đồ uống không cồn",1,,,TP Hồ Chí Minh
367,CÔNG TY CP ĐỊA ỐC PHÚ LONG,Phùng Chu Cường,0303739921,Kinh doanh bất động sản,1,,,TP Hồ Chí Minh
368,CÔNG TY CP TỔNG CÔNG TY MAY ĐỒNG NAI,Bùi Thế Kích,3600506058,"Sản xuất, kinh doanh trang phục",1,,,Đồng Nai
369,CÔNG TY CP XUẤT NHẬP KHẨU THUẬN MINH,Huỳnh Bảo Trọng,0309828977,"Sản xuất, chế biến và kinh doanh gạo, ngũ cốc, sản phẩm nghiền, đồ khô",1,,,TP Hồ Chí Minh
370,CÔNG TY CỔ PHẦN SEAREFICO,Nguyễn Thị Thanh Hường,0301825452,Hoạt động xây dựng khác,1,"1,486,297","930,440",TP Hồ Chí Minh
371,CÔNG TY TNHH THƯƠNG MẠI THÉP NAM VIỆT,Đào Minh Hiếu,0301985093,"Kinh doanh kim loại, sắt thép, kim khí…",1,,,TP Hồ Chí Minh
372,CÔNG TY TNHH CỎ MAY LAI VUNG,Phan Minh Thiện,1401598685,"Sản xuất, kinh doanh thức ăn chăn nuôi",1,,,Đồng Tháp
373,CÔNG TY TNHH THƯƠNG MẠI VÀ VẬN TẢI THÁI TÂN,Nguyễn Thanh Nga,0101188943,Bán lẻ khác,1,,,Hà Nội
374,CÔNG TY CP CHỨNG KHOÁN TÂN VIỆT,Nguyễn Tiến Thành,0102117529,Chứng khoán,1,,,Hà Nội
375,CÔNG TY CP XÂY LẮP VÀ VẬT TƯ XÂY DỰNG,Hoàng Thị Bạch Tuyết,0300588664,Xây dựng,1,,,Thái Bình
376,CÔNG TY CP ĐẦU TƯ MAI TIẾN PHÁT,Mai Văn Phục,0309930593,"Sản xuất, kinh doanh thiết bị điện",1,,,TP Hồ Chí Minh
377,CÔNG TY TNHH KIẾN VƯƠNG,Nguyễn Tuấn Cường,0304355389,"Sản xuất, kinh doanh phân bón, thuốc trừ sâu",1,,,TP Hồ Chí Minh
378,CÔNG TY CP PI CO,Trịnh Đức Tuấn,0102018260,"Bán lẻ điện tử, điện lạnh, viễn thông, công nghệ thông tin",1,,,Hà Nội
379,CÔNG TY CP TẬP ĐOÀN C.E.O,Đoàn Văn Minh,0101183550,Kinh doanh bất động sản,1,"1,323,835","901,811",Hà Nội
380,CÔNG TY CP DƯỢC PHẨM IMEXPHARM,Trần Thị Đào,1400384433,"Sản xuất dược phẩm, thiết bị y tế",1,"1,369,422","1,266,597",Đồng Tháp
381,CÔNG TY TNHH THƯƠNG MẠI DỊCH VỤ TIN HỌC AN PHÁT,Lê Thị Hương Giang,0101468933,"Sản xuất, kinh doanh thiết bị điện tử, điện lạnh, công nghệ thông tin, viễn thông…",1,,,Hà Nội
382,TỔNG CÔNG TY CP BẢO HIỂM HÀNG KHÔNG,Trần Trọng Dũng,0102737963,Bảo hiểm,1,,,Hà Nội
383,CÔNG TY CP XÂY DỰNG SCG,Lê Văn Nam,0108704763,Xây dựng,1,"1,420,346","2,857,280",Hà Nội
384,CÔNG TY CP XÂY DỰNG VÀ CÔNG NGHIỆP NSN,Thạch Hoàng Ngọc,0101428070,Hoạt động xây dựng khác,1,,,Hà Nội
385,CÔNG TY TNHH THƯƠNG MẠI VÀ SẢN XUẤT HOÀNG MAI,Nguyễn Thị Tuyết Mai,0101179473,"Sản xuất, chế biến và kinh doanh bánh kẹo",1,,,Hà Nội
386,TỔNG CÔNG TY CP BẢO HIỂM BẢO LONG,Phan Quốc Dũng,0301458065,Bảo hiểm,1,"937,643","1,092,236",Điện Biên
387,CÔNG TY CP KHOÁNG SẢN VÀ XÂY DỰNG BÌNH DƯƠNG,Trần Đình Hà,3700148825,Khai khoáng khác và kinh doanh các sản phẩm khác từ khai khoáng,1,"1,322,455","884,273",Bình Dương
388,CÔNG TY CP CAO SU SAO VÀNG,Mai Chiến Thắng,0100100625,"Sản xuất, kinh doanh cao su và sản phẩm từ cao su",1,"1,349,273","955,715",Hà Nội
389,CÔNG TY CP CÔNG NGHIỆP Á MỸ,Đinh Quốc Tuấn,2500552524,"Sản xuất, kinh doanh vật liệu xây dựng",1,,,Vĩnh Phúc
390,CÔNG TY CP THUẬN ĐỨC,Nguyễn Đức Cường,0900264799,"Sản xuất, kinh doanh nhựa và sản phẩm từ nhựa",1,,,Hưng Yên
391,CÔNG TY CP DAMSAN,Vũ Huy Đông,1000389853,"Sản xuất, kinh doanh sợi, sản phẩm dệt",1,"1,339,010","1,513,151",Thái Bình
392,CÔNG TY CP THƯƠNG MẠI THÉP INDECO,Đào Đình Đông,0313562014,"Kinh doanh kim loại, sắt thép, kim khí…",1,,,TP Hồ Chí Minh
393,CÔNG TY TNHH CHẾ BIẾN DỪA LƯƠNG QUỚI,Cù Văn Thành,1300230895,"Sản xuất, chế biến và kinh doanh thực phẩm khác",1,,,Bến Tre
394,CÔNG TY CP GIẤY VIỆT TRÌ,Nguyễn Văn Hiện,2600107284,"Sản xuất, kinh doanh giấy và các sản phẩm từ giấy",1,"1,361,978","1,989,277",Phú Thọ
395,CÔNG TY CP CMC,Nguyễn Quang Huy,2600106523,"Sản xuất, kinh doanh vật liệu xây dựng",1,,,Phú Thọ
396,CÔNG TY CP KỸ THUẬT XÂY DỰNG DINCO,Lê Trường Kỹ,0400461301,Xây dựng,1,,,Đà Nẵng
397,CÔNG TY CP KOSY,Nguyễn Việt Cường,0102681319,Kinh doanh bất động sản,1,"1,308,626","1,106,568",Hà Nội
398,CÔNG TY CP TẬP ĐOÀN F.I.T,Nguyễn Thị Minh Nguyệt,0102182140,Dịch vụ tài chính khác,1,"1,188,427","1,220,561",Hà Nội
399,CÔNG TY CP BIBICA,Nguyễn Quốc Hoàng,3600363970,"Sản xuất, chế biến và kinh doanh bánh kẹo",1,"1,218,556","1,091,174",TP Hồ Chí Minh
400,CÔNG TY TNHH VINA,Phạm Đức Ngữ,3600364780,"Sản xuất, kinh doanh thức ăn chăn nuôi",1,,,Đồng Nai
401,CÔNG TY CP DƯỢC - TRANG THIẾT BỊ Y TẾ BÌNH ĐỊNH,Phạm Thị Thanh Hương,4100259564,"Sản xuất dược phẩm, thiết bị y tế",1,"1,256,952","1,558,504",Bình Định
402,CÔNG TY TNHH THƯƠNG MẠI DƯỢC PHẨM ĐÔNG Á,Lê Minh Nguyệt,0100274124,"Kinh doanh, phân phối dược phẩm, thiết bị y tế",1,,,Hà Nội
403,CÔNG TY CP PHÂN BÓN VÀ HÓA CHẤT DẦU KHÍ MIỀN BẮC,Cao Trung Kiên,0102886450,"Sản xuất, kinh doanh phân bón, thuốc trừ sâu",1,"1,292,013","2,056,374",Hà Nội
404,CÔNG TY CP TRUYỀN THÔNG TK - L,Nguyễn Thị Trúc Mai,0300993574,Quảng cáo và nghiên cứu thị trường,1,,,TP Hồ Chí Minh
405,CÔNG TY TNHH CÔNG NGHIỆP MINH HƯNG,Lâm Đạo Minh,1201044062,"Sản xuất, kinh doanh nhựa và sản phẩm từ nhựa",1,,,Tiền Giang
406,CÔNG TY CP TƯ VẤN D.P,Trần Song Hải,0302273109,"Sản xuất, kinh doanh thiết bị điện",1,,,TP Hồ Chí Minh
407,CÔNG TY TNHH THƯƠNG MẠI KIM ĐỨC,Lê Thị Hiền Lương,0301921780,"Sản xuất, kinh doanh nhựa và sản phẩm từ nhựa",1,,,TP Hồ Chí Minh
408,CÔNG TY CP PHÁT TRIỂN ĐẦU TƯ XÂY DỰNG HT,Tôn Thất Nhật Minh,0314637978,Xây dựng,1,,,TP Hồ Chí Minh
409,CÔNG TY CP DỊCH VỤ HÀNG HẢI HÀNG KHÔNG CON CÁ HEO,Trần Đăng Nam,0305358801,Hoạt động khác hỗ trợ cho vận tải,1,,,TP Hồ Chí Minh
410,CÔNG TY CP VẬT LIỆU XÂY DỰNG VÀ TRANG TRÍ NỘI THẤT TP. HỒ CHÍ MINH,Huỳnh Văn Tư,0302495140,"Sản xuất, kinh doanh vật liệu xây dựng",1,"1,217,473","819,486",TP Hồ Chí Minh
411,CÔNG TY CP TẬP ĐOÀN NGỌC DIỆP,Trần Thị Thu Diệp,0901019782,"Sản xuất, kinh doanh vật liệu xây dựng",1,,,Hưng Yên
412,CÔNG TY CP XNK MÁY VÀ PHỤ TÙNG,Trần Viết Hưng,0100107275,"Sản xuất, kinh doanh ô tô, xe máy, xe có động cơ và phụ kiện",1,,,Hà Nội
413,CÔNG TY TNHH HOÀNG ĐẠI VƯƠNG,Nguyễn Đức Hậu,3600697236,"Sản xuất, kinh doanh giấy và các sản phẩm từ giấy",1,,,Đồng Nai
414,CÔNG TY CP XÂY DỰNG 47,Dương Minh Quang,4100258747,Xây dựng,1,"1,233,083","881,943",Bình Định
415,CÔNG TY TNHH CÁ NGỪ VIỆT NAM,Nguyễn Văn Dư,4201620427,"Sản xuất, chế biến và kinh doanh thực phẩm đóng gói, ăn liền, đồ hộp",1,,,Khánh Hòa
416,CÔNG TY CP HÓA - DƯỢC PHẨM MEKOPHAR,Huỳnh Thị Lan,0302533156,"Sản xuất dược phẩm, thiết bị y tế",1,"1,210,530","1,129,847",TP Hồ Chí Minh
417,CÔNG TY CP CÔNG NGHIỆP ĐÔNG HƯNG,Hà Duy Hưng,3700820571,"Sản xuất, kinh doanh sản phẩm da giầy",1,,,Bình Dương
418,CÔNG TY CP BAO BÌ VÀ IN NÔNG NGHIỆP,Lê Duy Toàn,0101508664,"In ấn, xuất bản",1,"1,210,062","1,536,424",Hà Nội
419,CÔNG TY CP ĐẦU TƯ HẠ TẦNG GIAO THÔNG ĐÈO CẢ,Nguyễn Xuân Hưởng,0400101965,Xây dựng,1,"1,201,343","1,861,340",Đà Nẵng
420,CÔNG TY CP VẬN TẢI VÀ XẾP DỠ HẢI AN,Tạ Mạnh Cường,0103818809,"Kho bãi, bốc xếp hàng hóa",1,"1,191,667","1,955,301",Hà Nội
421,CÔNG TY CP LOGISTICS VINALINK,Nguyễn Nam Tiến,0301776205,Hoạt động khác hỗ trợ cho vận tải,1,"1,202,207","1,464,037",TP Hồ Chí Minh
422,CÔNG TY CP ĐẦU TƯ VÀ XÂY DỰNG VINA2,Nguyễn Khắc Hải,0100105895,Xây dựng,1,"1,184,858","885,141",Hà Nội
423,CÔNG TY CP TẬP ĐOÀN SƠN HÀ XANH,Nguyễn Nam Hải,2500209363,"Sản xuất, kinh doanh máy móc, sản phẩm cơ khí khác",1,,,Vĩnh Phúc
424,CÔNG TY CP TẬP ĐOÀN ĐẠI DƯƠNG,Lò Hồng Hiệp,0102278484,Kinh doanh bất động sản,1,"903,545","409,277",Hà Nội
425,CÔNG TY CP NHÔM ĐÔ THÀNH,Lê Ánh Tuyết,0100510501,"Sản xuất, gia công kim loại, sắt thép, kim khí…",1,,,Hà Nội
426,CÔNG TY CP GẠCH MEN V.T.C,Trần Hiền Phong,3600723398,"Sản xuất, kinh doanh vật liệu xây dựng",1,,,Đồng Nai
427,CÔNG TY CP SIÊU THANH,Phạm Vĩnh Phú,0302563707,"Sản xuất, kinh doanh máy móc, sản phẩm cơ khí khác",1,"1,141,547","784,648",TP Hồ Chí Minh
428,CÔNG TY TNHH TM QUỐC TẾ THỦY LINH,Nguyễn Anh Linh,0101099475,"Sản xuất, kinh doanh thiết bị điện tử, điện lạnh, công nghệ thông tin, viễn thông…",1,,,Hà Nội
429,CÔNG TY CP DƯỢC PHẨM AN THIÊN,Trần Ngọc Dũng,0305706103,"Kinh doanh, phân phối dược phẩm, thiết bị y tế",1,,,TP Hồ Chí Minh
430,CÔNG TY TNHH THANG MÁY & THIẾT BỊ THĂNG LONG,Lê Minh Hùng,0101130774,"Sản xuất, kinh doanh vật liệu xây dựng",1,,,Hà Nội
431,CÔNG TY CP DỊCH VỤ HÀNG KHÔNG SÂN BAY TÂN SƠN NHẤT (SASCO),Đoàn Thị Mai Hương,0301123125,Bán lẻ,1,"918,203","321,078",TP Hồ Chí Minh
432,CÔNG TY TNHH CỬA SỔ VIỆT CHÂU Á ASEANWINDOW,Hà Thị Diệu Linh,0308779300,"Sản xuất, kinh doanh vật liệu xây dựng",1,,,TP Hồ Chí Minh
433,CÔNG TY CP TẬP ĐOÀN TƯ VẤN ĐẦU TƯ XÂY DỰNG KIÊN GIANG,Phạm Thị Như Phượng,1700113586,Dịch vụ khác,1,"1,114,743","1,103,225",Kiên Giang
434,CÔNG TY CP CHỨNG KHOÁN MB,Trần Hải Hà,0106393583,Chứng khoán,1,"1,115,550","2,217,763",Hà Nội
435,CÔNG TY CP ĐẠI HỮU,Đức Minh Đạo,0101206367,"Sản xuất, kinh doanh nhựa và sản phẩm từ nhựa",1,,,Hà Nội
436,CÔNG TY CP DỊCH VỤ NÔNG NGHIỆP BÌNH THUẬN,Nguyễn Nhật Huy,3400382278,"Sản xuất, kinh doanh phân bón, thuốc trừ sâu",1,"1,103,963","1,198,652",Bình Thuận
437,CÔNG TY CP TUẤN ĐẠT,Trần Thị Dung,4000378744,"Sản xuất, kinh doanh trang phục",1,,,Quảng Nam
438,CÔNG TY TÀI CHÍNH CỔ PHẦN TÍN VIỆT,Hồ Minh Tâm,0102766770,Dịch vụ tài chính khác,1,"696,110","1,201,808",Hà Nội
439,CÔNG TY CP TẬP ĐOÀN NAGAKAWA,Nguyễn Thị Huyền Thương,2500217389,"Sản xuất, kinh doanh thiết bị điện tử, điện lạnh, công nghệ thông tin, viễn thông…",1,"1,075,856","1,404,424",Vĩnh Phúc
440,CÔNG TY CP ĐẦU TƯ QUỐC TẾ VÀ XUẤT NHẬP KHẨU DHT,Nguyễn Anh Dũng,0102036100,"Sản xuất, kinh doanh gỗ, sản phẩm từ gỗ và nội thất",1,,,Hà Nội
441,CÔNG TY CP ĐẦU TƯ VCN,Nguyễn Khánh Toàn,4200644489,Kinh doanh bất động sản,1,,,Khánh Hòa
442,CÔNG TY CP DƯỢC PHẨM NAM HÀ,Hà Linh,0600206147,"Sản xuất dược phẩm, thiết bị y tế",1,,,Nam Định
443,CÔNG TY CP ĐẦU TƯ XÂY DỰNG BCONS,Lê Như Thạch,0312173537,Xây dựng,1,,,TP Hồ Chí Minh
444,CÔNG TY CP ĐÔNG GIANG,Vũ Hồng Quân,0900220897,"Sản xuất, kinh doanh thiết bị điện",1,,,Hưng Yên
445,CÔNG TY TNHH MTV THƯƠNG MẠI THÀNH PHÁT,Đặng Phú Quý,4300369451,"Sản xuất, chế biến và kinh doanh đồ uống có cồn",1,,,Quảng Ngãi
446,CÔNG TY CP VINAFCO,Phạm Thị Lan Hương,0100108504,Vận tải đường bộ,1,"1,046,266","1,245,217",TP Hồ Chí Minh
447,CÔNG TY CP ĐẦU TƯ XÂY DỰNG SOL E&C,Lê Chí Trung,0313541575,Xây dựng,1,,,TP Hồ Chí Minh
448,TỔNG CÔNG TY THƯƠNG MẠI HÀ NỘI - CTCP,Vũ Thanh Sơn,0100101273,"Bán lẻ hàng tiêu dùng nhanh trong siêu thị, cửa hàng tiện lợi, chợ truyền thông",1,"940,474","618,505",Hà Nội
449,CÔNG TY CP XÂY DỰNG AN PHÚ GIA,Hứa Đình Tuấn,0304172307,Xây dựng,1,,,TP Hồ Chí Minh
450,CÔNG TY CP XÂY LẮP THƯƠNG MẠI 2,Đinh Viết Duy,0300584155,Xây dựng,1,"1,031,090","418,594",TP Hồ Chí Minh
451,CÔNG TY CP DƯỢC MEDIPHARCO,Phan Thị Minh Tâm,3300101406,"Kinh doanh, phân phối dược phẩm, thiết bị y tế",1,,,Thừa Thiên Huế
452,CÔNG TY CP AZB,Trần Minh Nhơn,0310734321,Xây dựng,1,,,TP Hồ Chí Minh
453,CÔNG TY CP THIẾT BỊ VẬT TƯ Y TẾ THANH HOÁ,Nguyễn Văn Mong,2800588271,"Kinh doanh, phân phối dược phẩm, thiết bị y tế",1,,,Thanh Hoá
454,CÔNG TY TNHH TRUYỀN THÔNG BEE,Nguyễn Tấn Thái,0314115227,"Truyền hình, phát thanh, phim ảnh",1,,,TP Hồ Chí Minh
455,CÔNG TY TNHH DELOITTE VIỆT NAM,Phạm Văn Thinh,0100112500,Dịch vụ khác,1,,,Hà Nội
456,CÔNG TY TNHH SẢN XUẤT TẬP ĐOÀN ĐẠI VIỆT,Ngô Xuân Mạnh,1101928050,"Sản xuất, kinh doanh thiết bị điện tử, điện lạnh, công nghệ thông tin, viễn thông…",1,,,Long An
457,CÔNG TY CP BÊ TÔNG 620 CHÂU THỚI,Trần Thanh Vũ,1500419552,"Sản xuất, kinh doanh vật liệu xây dựng",1,,,Vĩnh Long
458,CÔNG TY CP CƠ ĐIỆN ĐOÀN NHẤT,Nguyễn Duy Pháp,0305289273,Hoạt động xây dựng khác,1,,,TP Hồ Chí Minh
459,CÔNG TY CP BÓNG ĐÈN ĐIỆN QUANG,Hồ Quỳnh Hưng,0300363808,"Sản xuất, kinh doanh thiết bị điện",1,"940,222","733,831",Thái Bình
460,CÔNG TY CP DƯỢC PHẨM OPC,Nguyễn Chí Linh,0302560110,"Sản xuất dược phẩm, thiết bị y tế",1,"965,591","1,123,728",TP Hồ Chí Minh
461,CÔNG TY CP KHÓA VIỆT - TIỆP,Nguyễn Văn Tuấn,0100100537,"Sản xuất, kinh doanh đồ dùng gia đình",1,,,Hà Nội
462,CÔNG TY CP GIAO DỊCH HÀNG HÓA TÂY NGUYÊN,Đỗ Văn Thắng,6001552050,"Sản xuất, chế biến và kinh doanh đồ uống không cồn",1,,,TP Hồ Chí Minh
463,CÔNG TY CP NHẬT TIẾN,Nguyễn Lê Thụy,0200919993,"Kinh doanh kim loại, sắt thép, kim khí…",1,,,Hải Phòng
464,CÔNG TY CP DÂY CÁP ĐIỆN DAPHACO,Đào Quang Huy,0302008774,"Sản xuất, kinh doanh thiết bị điện",1,,,TP Hồ Chí Minh
465,CÔNG TY TNHH THƯƠNG MẠI VÀ SẢN XUẤT DẦU THỰC VẬT MINH HUÊ,Tăng Quốc Khánh,0304391796,"Sản xuất, chế biến và kinh doanh dầu ăn, mỡ động thực vật",1,,,TP Hồ Chí Minh
466,MINH HƯNG GROUP,Phạm Tú Anh,1200748517,"Sản xuất, kinh doanh hóa chất khác",1,,,Tiền Giang
467,CÔNG TY CP TẬP ĐOÀN ĐUA FAT,Lê Duy Hưng,0104008162,Xây dựng,1,,,Hà Nội
468,CÔNG TY CP ĐẦU TƯ XÂY DỰNG HẠ TẦNG VÀ PHÁT TRIỂN NÔNG THÔN,Nguyễn Đức Hà,0101093709,"Sản xuất, kinh doanh vật liệu xây dựng",1,,,Hà Nội
469,CÔNG TY CP HỢP NHẤT QUỐC TẾ,Bùi Đức Ngoãn,0305141894,"Bưu chính, chuyển phát",1,,,Hà Nội
470,CÔNG TY CP SƠN HẢI PHÒNG,Nguyễn Văn Dũng,0200575580,"Sản xuất, kinh doanh hóa chất khác",1,,,Hải Phòng
471,TỔNG CÔNG TY CỔ PHẦN MIỀN TRUNG,Nguyễn Hữu Vinh,2800976203,Xây dựng,1,,,Thanh Hoá
472,CÔNG TY CỔ PHẦN ĐẦU TƯ CÔNG NGHỆ HACOM,Đặng Tiến Trung,0101161194,"Sản xuất, kinh doanh thiết bị điện tử, điện lạnh, công nghệ thông tin, viễn thông…",1,,,Hà Nội
473,CÔNG TY CP VILACONIC,Hoàng Văn Ngoạn,2901274715,"Sản xuất, chế biến và kinh doanh gạo, ngũ cốc, sản phẩm nghiền, đồ khô",1,,,Nghệ An
474,CÔNG TY CP BÊ TÔNG LY TÂM THỦ ĐỨC 1,Nguyễn Ngọc Hùng,3700912751,"Sản xuất, kinh doanh vật liệu xây dựng",1,,,Bình Dương
475,CÔNG TY CP TIẾN HƯNG,Desmond Nguyen,2300223949,"Sản xuất, chế biến và kinh doanh gạo, ngũ cốc, sản phẩm nghiền, đồ khô",1,,,Bắc Ninh
476,CÔNG TY CP SAO THÁI DUONG,Nguyễn Hữu Thắng,0101252356,"Sản xuất dược phẩm, thiết bị y tế",1,,,Hà Nội
477,CÔNG TY CP XÂY DỰNG CBC,Đỗ Văn Cường,0313717010,Xây dựng,1,,,TP Hồ Chí Minh
478,CÔNG TY CP CÔNG NÔNG NGHIỆP TIẾN NÔNG,Nguyễn Hồng Phong,2800142141,"Sản xuất, kinh doanh phân bón, thuốc trừ sâu",1,,,Thanh Hoá
479,CÔNG TY CP MAY VIỆT THỊNH,Nguyễn Đình Chương,0303614739,"Sản xuất, kinh doanh trang phục",1,,,TP Hồ Chí Minh
480,CÔNG TY TNHH FSI VIỆT NAM,Trần Hoàng Giang,0103812250,"Sản xuất, kinh doanh hóa chất khác",1,,,Hà Nội
481,CÔNG TY CP DỊCH VỤ CÔNG NGHỆ TIN HỌC HPT,Đinh Hà Duy Linh,0301447426,Hoạt động thông tin khác,1,,,TP Hồ Chí Minh
482,CÔNG TY CP DẦU KHÍ THÁI DƯƠNG,Lê Minh Hiếu,2400345718,Kinh doanh xăng dầu và các sản phẩm liên quan,1,"802,594","1,458,002",Bắc Giang
483,CÔNG TY CP MIZA,Nguyễn Tuấn Minh,0105028958,"Sản xuất, kinh doanh giấy và các sản phẩm từ giấy",1,,,Hà Nội
484,CÔNG TY CP VẬN TẢI 1 TRACO,Đỗ Minh Tuấn,0200380768,Hoạt động khác hỗ trợ cho vận tải,1,,,Hải Phòng
485,CÔNG TY CP NỘI THẤT 190,Ngô Duy Hưng,0200656938,"Sản xuất, kinh doanh gỗ, sản phẩm từ gỗ và nội thất",1,,,Hải Phòng
486,CÔNG TY TNHH XÂY DỰNG LÊ PHAN,Phan Xuân Lộc,0301125316,"Sản xuất, kinh doanh vật liệu xây dựng",1,,,TP Hồ Chí Minh
487,CÔNG TY CP THƯƠNG MẠI DỊCH VỤ THIÊN NAM HOÀ,Nguyễn Trần Thảo Nguyên,0302429934,"Sản xuất, kinh doanh thiết bị điện",1,,,TP Hồ Chí Minh
488,CÔNG TY TNHH XE ĐIỆN XE MÁY DETECH,Đinh Văn Bắc,0900189171,"Sản xuất, kinh doanh ô tô, xe máy, xe có động cơ và phụ kiện",1,,,Hưng Yên
489,CÔNG TY CỔ PHẦN ĐẦU TƯ EVERLAND,Nguyễn Thúc Cẩn,0104228175,Kinh doanh bất động sản,1,"768,476","968,373",Hà Nội
490,CÔNG TY TNHH NHỰA LONG THÀNH,Phạm Văn Mười,0301275199,"Sản xuất, kinh doanh nhựa và sản phẩm từ nhựa",1,,,TP Hồ Chí Minh
491,CÔNG TY TNHH DINH DƯỠNG QUỐC TẾ VIỆT ĐỨC,Phạm Trần Sum,0102075540,"Sản xuất, kinh doanh thức ăn chăn nuôi",1,,,Hà Nội
492,CÔNG TY CP TỔNG CÔNG TY XÂY DỰNG THĂNG LONG,Nguyễn Đức Kiên,0100105020,Xây dựng,1,"729,618","1,262,499",Hà Nội
493,CÔNG TY TNHH BẢO TÍN MINH CHÂU,Vũ Minh Châu,0100683952,"Bán lẻ vàng, bạc và kim loại quý khác",1,,,Hà Nội
494,CÔNG TY TNHH THƯƠNG MẠI THÉP ĐẠI TOÀN THẮNG,Đoàn Danh Hồng,0301893928,"Kinh doanh kim loại, sắt thép, kim khí…",1,,,TP Hồ Chí Minh
495,CÔNG TY CP TÔ THÀNH PHÁT,Lý Nguyệt Anh,0301521415,"Sản xuất, kinh doanh vật liệu xây dựng",1,,,TP Hồ Chí Minh
496,CÔNG TY CP THIẾT KẾ VÀ XÂY DỰNG GIZA VIỆT NAM,Ngô Hữu Tiệp,0106300187,Xây dựng,1,,,Hà Nội
497,CÔNG TY CP SẢN XUẤT THƯƠNG MẠI SÀI GÒN,Nguyễn Thành Vinh,0302776127,"Sản xuất, kinh doanh vật liệu xây dựng",1,,,TP Hồ Chí Minh
498,CÔNG TY CP IN VÀ BAO BÌ MỸ CHÂU,Trịnh Hữu Minh,0301671386,Hoạt động công nghiệp khác,1,"688,443","431,298",TP Hồ Chí Minh
499,CÔNG TY CỔ PHẦN MẠC TÍCH,Dương Quốc Bảo,0301096513,"Sản xuất, kinh doanh máy móc, sản phẩm cơ khí khác",1,,,Đồng Nai
500,CÔNG TY TNHH XÂY DỰNG CÔNG TRÌNH HÙNG VƯƠNG,Nguyễn Anh Tài,0301115156,"Sản xuất, kinh doanh vật liệu xây dựng",1,,,TP Hồ Chí Minh
501,CÔNG TY TNHH ONPOINT,Trần Vũ Quang,0314709816,Bán lẻ khác,1,,,TP Hồ Chí Minh
502,CÔNG TY TNHH SAMSUNG ELECTRONICS VIỆT NAM THÁI NGUYÊN,Kim Dongwook,4601124536,"Sản xuất, kinh doanh thiết bị điện tử, điện lạnh, công nghệ thông tin, viễn thông…",2,,,Thái Nguyên
503,TẬP ĐOÀN ĐIỆN LỰC VIỆT NAM,Trần Đình Nhân,0100100079,"Sản xuất, truyền tải, phân phối điện",2,,,Hà Nội
504,TẬP ĐOÀN DẦU KHÍ VIỆT NAM,Lê Mạnh Hùng,0100681592,"Thăm dò, khai thác dầu mỏ và hoạt động hỗ trợ",2,,,Hà Nội
505,TẬP ĐOÀN CÔNG NGHIỆP - VIỄN THÔNG QUÂN ĐỘI,Tào Đức Thắng,0100109106,Viễn thông,2,,,Hà Nộis
506,NGÂN HÀNG NÔNG NGHIỆP VÀ PHÁT TRIỂN NÔNG THÔN VIỆT NAM,Tiết Văn Thành,0100686174,Ngân hàng,2,,,Hà Nội
507,TẬP ĐOÀN XĂNG DẦU VIỆT NAM,Phạm Đức Thắng,0100107370,Kinh doanh xăng dầu và các sản phẩm liên quan,2,"123,918,650","169,008,605",Hà Nội
508,NGÂN HÀNG TMCP ĐẦU TƯ VÀ PHÁT TRIỂN VIỆT NAM,Lê Ngọc Lâm,0100150619,Ngân hàng,2,,,Hà Nội
509,TẬP ĐOÀN CÔNG NGHIỆP THAN - KHOÁNG SẢN VIỆT NAM,Đặng Thanh Hải,5700100256,"Khai thác, kinh doanh than và hoạt động hỗ trợ",2,,,Hà Nội
510,NGÂN HÀNG TMCP CÔNG THƯƠNG VIỆT NAM,Trần Minh Bình,0100111948,Ngân hàng,2,"35,580,829","41,788,465",Hà Nội
511,NGÂN HÀNG TMCP NGOẠI THƯƠNG VIỆT NAM,Phạm Quang Dũng,0100112437,Ngân hàng,2,"36,285,475","42,399,617",Hà Nội
512,CÔNG TY CP CHĂN NUÔI C.P. VIỆT NAM,Montri Suwanposri,3600224423,"Sản xuất, kinh doanh thức ăn chăn nuôi",2,,,Đồng Nai
513,TỔNG CÔNG TY KHÍ VIỆT NAM - CTCP,Hoàng Văn Quang,3500102710,"Thăm dò, khai thác dầu mỏ và hoạt động hỗ trợ",2,"64,134,965","78,992,156",TP Hồ Chí Minh
514,TẬP ĐOÀN BƯU CHÍNH VIỄN THÔNG VIỆT NAM,Huỳnh Quang Liêm,0100684378,Viễn thông,2,,,Hà Nội
515,NGÂN HÀNG TMCP QUÂN ĐỘI,Lưu Trung Thái,0100283873,Ngân hàng,2,"20,277,795","26,199,554",Hà Nội
516,TẬP ĐOÀN BẢO VIỆT,Nguyễn Quang Phi,0100111761,Bảo hiểm,2,"34,524,044","36,827,962",Hà Nội
517,TỔNG CÔNG TY HÀNG KHÔNG VIỆT NAM - CTCP,Lê Hồng Hà,0100107518,Vận tải hàng không,2,"40,538,339","27,911,340",Hà Nội
518,TỔNG CÔNG TY DỊCH VỤ VIỄN THÔNG,Nguyễn Trường Giang,0106869738,Viễn thông,2,,,Hà Nội
519,TỔNG CÔNG TY PHÁT ĐIỆN 3 - CTCP,Lê Văn Danh,3502208399,"Sản xuất, truyền tải, phân phối điện",2,"40,367,208","37,757,424",TP Hồ Chí Minh
520,TỔNG CÔNG TY PHÁT ĐIỆN 1,Nguyễn Khắc Sơn,5701662152,"Sản xuất, truyền tải, phân phối điện",2,,,Hà Nội
521,CÔNG TY TNHH INTEL PRODUCTS VIỆT NAM,Ooi Kim Huat,0304295429,"Sản xuất, kinh doanh thiết bị điện tử, điện lạnh, công nghệ thông tin, viễn thông…",2,,,TP Hồ Chí Minh
522,TỔNG CÔNG TY BẢO VIỆT NHÂN THỌ,Phạm Ngọc Sơn,0102641429,Bảo hiểm,2,,,Hà Nội
523,CÔNG TY TNHH BẢO HIỂM NHÂN THỌ PRUDENTIAL VIỆT NAM,Phương Tiến Minh,0301840443,Bảo hiểm,2,,,TP Hồ Chí Minh
524,LIÊN HIỆP HỢP TÁC XÃ THƯƠNG MẠI TP. HỒ CHÍ MINH (CO.OP MART),Nguyễn Anh Đức,0301175691,"Bán lẻ hàng tiêu dùng nhanh trong siêu thị, cửa hàng tiện lợi, chợ truyền thông",2,,,TP Hồ Chí Minh
525,CÔNG TY TNHH QUỐC TẾ UNILEVER VIỆT NAM,JV Raman,0300762150,"Sản xuất, kinh doanh hóa mỹ phẩm",2,,,TP Hồ Chí Minh
526,TỔNG CÔNG TY VIỄN THÔNG MOBIFONE,Tô Mạnh Cường,0100686209,Viễn thông,2,,,Hà Nội
527,TỔNG CÔNG TY THÉP VIỆT NAM - CTCP,Nguyễn Đình Phúc,0100100047,"Kinh doanh kim loại, sắt thép, kim khí…",2,"31,291,145","40,572,198",Hà Nội
528,TỔNG CÔNG TY ĐIỆN LỰC DẦU KHÍ VIỆT NAM - CTCP,Nguyễn Xuân Hòa,0102276173,"Sản xuất, truyền tải, phân phối điện",2,"29,731,734","24,560,949",Hà Nội
529,TỔNG CÔNG TY CP BIA RƯỢU NƯỚC GIẢI KHÁT SÀI GÒN,Neo Gim Siong Bennett,0300583659,"Sản xuất, chế biến và kinh doanh đồ uống có cồn",2,"27,961,324","26,373,746",TP Hồ Chí Minh
530,TỔNG CÔNG TY XI MĂNG VIỆT NAM,Bùi Hồng Minh,0100106320,"Sản xuất, kinh doanh vật liệu xây dựng",2,,,Hà Nội
531,TỔNG CÔNG TY PHÁT ĐIỆN 2 - CTCP,Ngô Việt Hải,1800590430,"Sản xuất, truyền tải, phân phối điện",2,"26,001,102","9,940,645",Cần Thơ
532,LIÊN DOANH VIỆT - NGA VIETSOVPETRO,Nguyễn Quỳnh Lâm,3500102414,"Thăm dò, khai thác dầu mỏ và hoạt động hỗ trợ",2,,,Bà Rịa - Vũng Tàu
533,TẬP ĐOÀN CÔNG NGHIỆP CAO SU VIỆT NAM - CTCP,Huỳnh Văn Bảo,0301266564,"Sản xuất, kinh doanh cao su và sản phẩm từ cao su",2,"4,893,496","5,558,860",TP Hồ Chí Minh
534,CÔNG TY TNHH MTV VÀNG BẠC ĐÁ QUÝ SÀI GÒN - SJC,Lê Thúy Hằng,0301045759,"Bán lẻ vàng, bạc và kim loại quý khác",2,,,TP Hồ Chí Minh
535,CÔNG TY TNHH MTV TỔNG CÔNG TY TÂN CẢNG SÀI GÒN,Ngô Minh Thuấn,0300514849,"Kho bãi, bốc xếp hàng hóa",2,,,Điện Biên
536,TỔNG CÔNG TY BƯU ĐIỆN VIỆT NAM,Chu Quang Hào,0102595740,"Bưu chính, chuyển phát",2,,,Hà Nội
537,CÔNG TY TNHH ZUELLIG PHARMA VIỆT NAM,Charles Antoine Gloor,0100915699,"Kinh doanh, phân phối dược phẩm, thiết bị y tế",2,,,Hà Nội
538,TỔNG CÔNG TY CP DỊCH VỤ KỸ THUẬT DẦU KHÍ VIỆT NAM,Lê Mạnh Cường,0100150577,"Thăm dò, khai thác dầu mỏ và hoạt động hỗ trợ",2,"3,769,373","3,811,176",TP Hồ Chí Minh
539,TỔNG CÔNG TY CP ĐẦU TƯ QUỐC TẾ VIETTEL,Nguyễn Duy Thọ,0102409426,Viễn thông,2,"5,436,579","5,850,500",Hà Nội
540,CÔNG TY TNHH NƯỚC GIẢI KHÁT SUNTORY PEPSICO VIỆT NAM,Uday Shankar Sinha,0300816663,"Sản xuất, chế biến và kinh doanh đồ uống không cồn",2,,,TP Hồ Chí Minh
541,TỔNG CÔNG TY THUỐC LÁ VIỆT NAM,Trần Sơn Châu,0101216069,"Sản xuất, chế biến và kinh doanh thuốc lá",2,,,Hà Nội
542,TỔNG CÔNG TY ĐÔNG BẮC,Phạm Ngọc Tuyển,5700101468,"Khai thác, kinh doanh than và hoạt động hỗ trợ",2,,,Quảng Ninh
543,TỔNG CÔNG TY TRUYỀN TẢI ĐIỆN QUỐC GIA,Nguyễn Mạnh Hùng,0102743068,"Sản xuất, truyền tải, phân phối điện",2,,,Hà Nội
544,"CENTRAL RETAIL (GO! BIG C, TOP MARKET)",Olivier Langlet,0105696842,"Bán lẻ hàng tiêu dùng nhanh trong siêu thị, cửa hàng tiện lợi, chợ truyền thông",2,,,TP Hồ Chí Minh
545,CÔNG TY TNHH OLAM VIỆT NAM,Amit Verma,6000346337,Hoạt động nông nghiệp khác,2,,,Đắk Nông
546,TỔNG CÔNG TY CP BƯU CHÍNH VIETTEL,Hoàng Trung Thành,0104093672,"Bưu chính, chuyển phát",2,"17,234,282","21,452,032",Hà Nội
547,CÔNG TY TNHH BẢO HIỂM NHÂN THỌ DAI-ICHI VIỆT NAM,Trần Đình Quân,0301851276,Bảo hiểm,2,,,TP Hồ Chí Minh
548,CÔNG TY TNHH CALOFIC,Vũ Văn Phú,5700101362,"Sản xuất, chế biến và kinh doanh dầu ăn, mỡ động thực vật",2,,,Quảng Ninh
549,CÔNG TY TNHH CJ VINA AGRI,Nam Ki Don,1100439762,"Sản xuất, kinh doanh thức ăn chăn nuôi",2,,,Long An
550,CÔNG TY TNHH BẢO HIỂM NHÂN THỌ AIA (VIỆT NAM),Wayne Besant,0301930337,Bảo hiểm,2,,,TP Hồ Chí Minh
551,CÔNG TY TNHH CARGILL VIỆT NAM,Fering Thomas John,3600233178,"Sản xuất, kinh doanh thức ăn chăn nuôi",2,,,Đồng Nai
552,TỔNG CÔNG TY LƯƠNG THỰC MIỀN BẮC,Bùi Thị Thanh Tâm,0100102608,"Sản xuất, chế biến và kinh doanh gạo, ngũ cốc, sản phẩm nghiền, đồ khô",2,,,Hà Nội
553,CÔNG TY TNHH YAMAHA MOTOR VIỆT NAM,Masaki Asano,0100774342,"Sản xuất, kinh doanh ô tô, xe máy, xe có động cơ và phụ kiện",2,,,Hà Nội
554,TẬP ĐOÀN DỆT MAY VIỆT NAM,Lê Tiến Trường,0100100008,"Sản xuất, kinh doanh sợi, sản phẩm dệt",2,"13,908,982","16,002,865",Hà Nội
555,CÔNG TY TNHH DE HEUS,Gabor Fluit,3701091716,"Sản xuất, kinh doanh thức ăn chăn nuôi",2,,,Vĩnh Long
556,CÔNG TY TNHH MM MEGA MARKET (VIỆT NAM),Bruno Jousselin,0302249586,"Bán lẻ hàng tiêu dùng nhanh trong siêu thị, cửa hàng tiện lợi, chợ truyền thông",2,,,TP Hồ Chí Minh
557,CÔNG TY TNHH JAPFA COMFEED VIỆT NAM,Arif Widjaja,2500175548,"Sản xuất, kinh doanh thức ăn chăn nuôi",2,,,Vĩnh Phúc
558,TỔNG CÔNG TY VẬT TƯ NÔNG NGHIỆP,Nguyễn Tất Thắng,0100104468,"Sản xuất, kinh doanh phân bón, thuốc trừ sâu",2,,,Hà Nội
559,NGÂN HÀNG TMCP ĐẠI CHÚNG VIỆT NAM,Nguyễn Hoàng Nam,0101057919,Ngân hàng,2,,,Hà Nội
560,CÔNG TY TNHH ĐIỆN LỰC AES MÔNG DƯƠNG,David Stone,5701384498,"Sản xuất, truyền tải, phân phối điện",2,,,Quảng Ninh
561,CÔNG TY CP ACECOOK VIỆT NAM,Kajiwara Junichi,0300808687,"Sản xuất, chế biến và kinh doanh thực phẩm đóng gói, ăn liền, đồ hộp",2,,,TP Hồ Chí Minh
562,TỔNG CÔNG TY BẢO HIỂM BẢO VIỆT,Nguyễn Xuân Việt,0101527385,Bảo hiểm,2,,,Hà Nội
563,CÔNG TY TNHH NHÀ NƯỚC MTV THƯƠNG MẠI VÀ XUẤT NHẬP KHẨU VIETTEL,Phạm Văn Hùng,0104831030,"Bán lẻ điện tử, điện lạnh, viễn thông, công nghệ thông tin",2,,,Hà Nội
564,CÔNG TY CP VIỆT - PHÁP SẢN XUẤT THỨC ĂN GIA SÚC (PROCONCO),Nguyễn Thị Lệ Hồng,3600234534,"Sản xuất, kinh doanh thức ăn chăn nuôi",2,,,Đồng Nai
565,TỔNG CÔNG TY HÀNG HẢI VIỆT NAM - CTCP,Nguyễn Cảnh Tĩnh,0100104595,Vận tải đường biển,2,,,Hà Nội
566,CÔNG TY TNHH UNI-PRESIDENT VIỆT NAM,Chen I Shen,3700306630,"Sản xuất, kinh doanh thức ăn chăn nuôi",2,,,Bình Dương
567,CÔNG TY CP GREENFEED VIỆT NAM,Đỗ Cao Bằng,1100598642,"Sản xuất, kinh doanh thức ăn chăn nuôi",2,,,Long An
568,TỔNG CÔNG TY THƯƠNG MẠI XUẤT NHẬP KHẨU THANH LỄ - CTCP,Đoàn Minh Quang,3700146458,Kinh doanh xăng dầu và các sản phẩm liên quan,2,"10,669,958","11,901,762",Bình Dương
569,TỔNG CÔNG TY THƯƠNG MẠI SÀI GÒN - TNHH MTV,Lê Minh Trang,0300100037,"Bán lẻ hàng tiêu dùng nhanh trong siêu thị, cửa hàng tiện lợi, chợ truyền thông",2,,,TP Hồ Chí Minh
570,TỔNG CÔNG TY CẢNG HÀNG KHÔNG VIỆT NAM - CTCP,Vũ Thế Phiệt,0311638525,Hoạt động khác hỗ trợ cho vận tải,2,"7,767,469","4,752,036",TP Hồ Chí Minh
571,CÔNG TY CP THỰC PHẨM SỮA TH,Rami Hamad,0103414411,"Sản xuất, chế biến và kinh doanh sữa, sản phẩm từ sữa",2,,,TP Hồ Chí Minh
572,CÔNG TY CP GANG THÉP THÁI NGUYÊN,Nguyễn Minh Hạnh,4600100155,"Sản xuất, gia công kim loại, sắt thép, kim khí…",2,"9,566,187","12,857,295",Thái Nguyên
573,CÔNG TY CP DAIKIN AIR CONDITIONING (VIETNAM),Lý Thị Phương Trang,0301450108,"Sản xuất, kinh doanh thiết bị điện",2,,,TP Hồ Chí Minh
574,CÔNG TY CP DỆT RENZE,Zhou Bo Qin,3600852146,"Sản xuất, kinh doanh sợi, sản phẩm dệt",2,,,Đồng Nai
575,CÔNG TY TNHH MTV DỊCH VỤ CƠ KHÍ HÀNG HẢI PTSC,Đồng Xuân Thắng,3500790168,Công nghiệp đóng tàu và thuyền,2,,,Bà Rịa - Vũng Tàu
576,CÔNG TY CP XI MĂNG VICEM HÀ TIÊN,Lưu Đình Cường,0301446422,"Sản xuất, kinh doanh vật liệu xây dựng",2,"7,962,629","7,064,342",TP Hồ Chí Minh
577,TỔNG CÔNG TY PHÂN BÓN VÀ HÓA CHẤT DẦU KHÍ - CTCP,Lê Cự Tân,0303165480,"Sản xuất, kinh doanh phân bón, thuốc trừ sâu",2,"7,761,819","12,786,141",TP Hồ Chí Minh
578,CÔNG TY TNHH DENSO VIỆT NAM,Mitsuo Ota,0101210878,"Sản xuất, kinh doanh ô tô, xe máy, xe có động cơ và phụ kiện",2,,,Hà Nội
579,TỔNG CÔNG TY CP BIA - RƯỢU - NƯỚC GIẢI KHÁT HÀ NỘI,Ngô Quế Lâm,0101376672,"Sản xuất, chế biến và kinh doanh đồ uống có cồn",2,"7,452,592","6,950,539",Hà Nội
580,TỔNG CÔNG TY ĐẦU TƯ VÀ KINH DOANH VỐN NHÀ NƯỚC-CÔNG TY TNHH,Nguyễn Chí Thành,0101992921,Dịch vụ tài chính khác,2,,,Hà Nội
581,NGÂN HÀNG TNHH MTV SHINHAN VIỆT NAM,Kang Gew Won,0309103635,Ngân hàng,2,,,TP Hồ Chí Minh
582,CÔNG TY CP PHÂN BÓN DẦU KHÍ CÀ MAU,Văn Tiến Thanh,2001012298,"Sản xuất, kinh doanh phân bón, thuốc trừ sâu",2,"7,561,275","9,869,763",Cà Mau
583,TỔNG CÔNG TY CP VẬN TẢI DẦU KHÍ,Nguyễn Duyên Hiếu,0302743192,Vận tải đường biển,2,"7,382,694","7,460,234",TP Hồ Chí Minh
584,CÔNG TY CP PHÂN PHỐI KHÍ THẤP ÁP DẦU KHÍ VIỆT NAM,Trần Thanh Nam,0304998686,Kinh doanh xăng dầu và các sản phẩm liên quan,2,"7,526,764","8,996,080",TP Hồ Chí Minh
585,CÔNG TY CP HỮU HẠN VEDAN VIỆT NAM,Yang Kun Hsiang,3600239719,"Sản xuất, chế biến và kinh doanh thực phẩm khác",2,,,Đồng Nai
586,CÔNG TY TNHH AEON VIỆT NAM,Yasuo Nishitohge,0311241512,"Bán lẻ hàng tiêu dùng nhanh trong siêu thị, cửa hàng tiện lợi, chợ truyền thông",2,,,TP Hồ Chí Minh
587,CÔNG TY CP GIAO HÀNG TIẾT KIỆM,Phạm Hồng Quân,0106181807,"Bưu chính, chuyển phát",2,,,Hà Nội
588,CÔNG TY TNHH FRIESLANDCAMPINA VIỆT NAM,Berend van Wel,3700229344,"Sản xuất, chế biến và kinh doanh sữa, sản phẩm từ sữa",2,,,Bình Dương
589,TỔNG CÔNG TY KHÁNH VIỆT,Lê Tiến Anh,4200486169,"Sản xuất, chế biến và kinh doanh thuốc lá",2,,,Khánh Hòa
590,TỔNG CÔNG TY ĐẦU TƯ VÀ PHÁT TRIỂN CÔNG NGHIỆP - CTCP,Phạm Ngọc Thuận,3700145020,Kinh doanh bất động sản,2,"6,504,738","6,989,749",Bình Dương
591,CÔNG TY TNHH KIMBERLY CLARK VIỆT NAM,Kate Good Man,0100114522,"Sản xuất, kinh doanh giấy và các sản phẩm từ giấy",2,,,Bình Dương
592,CÔNG TY TNHH FURUKAWA AUTOMOTIVE PARTS (VIETNAM),Morishima Takao,0300797153,"Sản xuất, kinh doanh thiết bị điện",2,,,TP Hồ Chí Minh
593,TỔNG CÔNG TY ĐẦU TƯ PHÁT TRIỂN NHÀ VÀ ĐÔ THỊ (HUD),Nguyễn Đức Hùng,0100106144,Kinh doanh bất động sản,2,,,Hà Nội
594,TỔNG CÔNG TY CP CÔNG TRÌNH VIETTEL,Phạm Đình Trường,0104753865,Hoạt động xây dựng khác,2,"6,359,187","7,446,888",Hà Nội
595,TỔNG CÔNG TY SÔNG ĐÀ - CTCP,Hồ Văn Dũng,0100105870,Xây dựng,2,"883,327","1,559,852",Hà Nội
596,CÔNG TY TNHH EXPEDITORS VIỆT NAM,Michael Joseph Mooney,0312545104,Vận tải đường biển,2,,,TP Hồ Chí Minh
597,CÔNG TY CP TETRA PAK VIỆT NAM,Fehmi Nejat Caliskan,0302803331,"Sản xuất, kinh doanh máy móc, sản phẩm cơ khí khác",2,,,TP Hồ Chí Minh
598,TỔNG CÔNG TY LẮP MÁY VIỆT NAM-CÔNG TY TNHH MTV,Lê Văn Tuấn,0100106313,Xây dựng,2,"6,060,290","3,826,142",Hà Nội
599,CÔNG TY CP KIM LOẠI MÀU VÀ NHỰA ĐỒNG VIỆT,Chinawat Assavapokee,0309174756,"Sản xuất, gia công kim loại, sắt thép, kim khí…",2,,,TP Hồ Chí Minh
600,CÔNG TY CP ĐIỆN LỰC DẦU KHÍ NHƠN TRẠCH 2,Ngô Đức Nhân,3600897316,"Sản xuất, truyền tải, phân phối điện",2,"6,082,248","6,149,584",Đồng Nai
601,TỔNG CÔNG TY CẤP NƯỚC SÀI GÒN - TNHH MTV,Hồ Văn Lâm,0301129367,"Cung cấp, kinh doanh nước",2,,,TP Hồ Chí Minh
602,CÔNG TY TNHH THỰC PHẨM ORION VINA,Kang Weon Kee,3700667933,"Sản xuất, chế biến và kinh doanh bánh kẹo",2,,,Bình Dương
603,CÔNG TY CP THƯƠNG MẠI KIÊN GIANG,Phạm Văn Hoàng,1700523208,Kinh doanh xăng dầu và các sản phẩm liên quan,2,"5,717,954","5,675,011",Kiên Giang
604,TỔNG CÔNG TY CƠ KHÍ GIAO THÔNG VẬN TẢI SÀI GÒN - TNHH MTV,Trần Quốc Toản,0300481551,"Sản xuất, kinh doanh ô tô, xe máy, xe có động cơ và phụ kiện",2,,,TP Hồ Chí Minh
605,TỔNG CÔNG TY HÓA DẦU PETROLIMEX - CTCP,Lê Quang Tuấn,0101463614,Kinh doanh xăng dầu và các sản phẩm liên quan,2,"5,608,435","6,868,374",Hà Nội
606,CÔNG TY LIÊN DOANH SẢN XUẤT THÉP VINAUSTEEL,Trần Tuấn Anh,0200108811,"Sản xuất, gia công kim loại, sắt thép, kim khí…",2,,,Hải Phòng
607,CÔNG TY TNHH THƯƠNG MẠI KHATOCO,Nguyễn Đình Thạch,4200485207,"Sản xuất, chế biến và kinh doanh thuốc lá",2,,,Khánh Hòa
608,CÔNG TY CP PHÂN BÓN BÌNH ĐIỀN,Ngô Văn Đông,0302975517,"Sản xuất, kinh doanh phân bón, thuốc trừ sâu",2,"5,418,393","7,742,796",TP Hồ Chí Minh
609,TỔNG CÔNG TY CP KHOAN VÀ DỊCH VỤ KHOAN DẦU KHÍ,Nguyễn Xuân Cường,0302495126,"Thăm dò, khai thác dầu mỏ và hoạt động hỗ trợ",2,"5,228,639","3,995,472",TP Hồ Chí Minh
610,CÔNG TY TNHH SIAM CITY CEMENT (VIETNAM) (INSEE),Philippe Bernard Richart,0300608568,"Sản xuất, kinh doanh vật liệu xây dựng",2,,,TP Hồ Chí Minh
611,TỔNG CÔNG TY DƯỢC VIỆT NAM - CTCP,Đinh Xuân Hấn,0100109385,"Kinh doanh, phân phối dược phẩm, thiết bị y tế",2,"5,311,210","4,873,577",Hà Nội
612,CÔNG TY TNHH URC VIỆT NAM,Mr.Jean-Pierre “Jai” Gamboa,3700549827,"Sản xuất, chế biến và kinh doanh bánh kẹo",2,,,Bình Dương
613,CÔNG TY TNHH MTV HERBALIFE VIỆT NAM,Vũ Văn Thắng,0309069208,"Sản xuất, chế biến và kinh doanh thực phẩm khác",2,,,TP Hồ Chí Minh
614,TỔNG CÔNG TY CP PHÁT TRIỂN KHU CÔNG NGHIỆP,Trần Thanh Hải,3600335363,Kinh doanh bất động sản,2,"4,974,919","5,187,424",Đồng Nai
615,CÔNG TY CP VIỆT NAM KỸ NGHỆ SÚC SẢN (VISSAN),Nguyễn Ngọc An,0300105356,"Sản xuất, chế biến và kinh doanh thực phẩm tươi sống, đông lạnh",2,"5,143,547","4,292,766",TP Hồ Chí Minh
616,NGÂN HÀNG TNHH MTV HSBC (VIỆT NAM),Sumit Dutta,0301232798,Ngân hàng,2,,,TP Hồ Chí Minh
617,CÔNG TY CP GIAO NHẬN TOÀN CẦU DHL (VIỆT NAM),Clément Marie Blanc,0305707643,Hoạt động khác hỗ trợ cho vận tải,2,,,TP Hồ Chí Minh
618,CÔNG TY TNHH LE LONG VIỆT NAM,Lee Jui Chun,1100102656,"Sản xuất, kinh doanh thiết bị điện",2,,,Long An
619,TỔNG CÔNG TY CÔNG NGHIỆP MỎ VIỆT BẮC TKV - CTCP,Bùi Trần Đông,0100100015,"Khai thác, kinh doanh than và hoạt động hỗ trợ",2,,,Hà Nội
620,CÔNG TY TÔN PHƯƠNG NAM,Lê Việt,3600236891,"Sản xuất, kinh doanh máy móc, sản phẩm cơ khí khác",2,,,Đồng Nai
621,CÔNG TY CP CÔNG NGHIỆP CAO SU MIỀN NAM,Phạm Hồng Phú,0300419930,"Sản xuất, kinh doanh cao su và sản phẩm từ cao su",2,"4,692,034","4,839,508",TP Hồ Chí Minh
622,CÔNG TY TNHH BẢO HIỂM NHÂN THỌ CHUBB VIỆT NAM,Nguyễn Hồng Sơn,0303845969,Bảo hiểm,2,,,TP Hồ Chí Minh
623,CÔNG TY TNHH MTV XI MĂNG VICEM HOÀNG THẠCH,Lê Xuân Khôi,0800004797,"Sản xuất, kinh doanh vật liệu xây dựng",2,,,Hải Dương
624,TỔNG CÔNG TY IDICO - CTCP,Đặng Chính Trung,0302177966,Xây dựng,2,"4,541,856","4,301,236",TP Hồ Chí Minh
625,CÔNG TY CP CÁP ĐIỆN THỊNH PHÁT,Kosit Pugasab,0315767095,"Sản xuất, kinh doanh thiết bị điện",2,,,TP Hồ Chí Minh
626,CÔNG TY TNHH GROBEST INDUSTRIAL (VIỆT NAM),Shen Yen Ling,3600456424,"Sản xuất, kinh doanh thức ăn chăn nuôi",2,,,Đồng Nai
627,CÔNG TY CP MONDELEZ KINH ĐÔ VIỆT NAM,Hemant Kumar Rupani,3700599641,"Sản xuất, chế biến và kinh doanh bánh kẹo",2,,,Bình Dương
628,TỔNG CÔNG TY MÁY ĐỘNG LỰC VÀ MÁY NÔNG NGHIỆP VIỆT NAM - CTCP,Trần Ngọc Hà,0100103866,"Sản xuất, kinh doanh máy móc, sản phẩm cơ khí khác",2,"3,666,912","4,019,247",Hà Nội
629,CÔNG TY CP DINH DƯỠNG NÔNG NGHIỆP QUỐC TẾ,Phạm Trung Lâm,3600618918,"Sản xuất, kinh doanh thức ăn chăn nuôi",2,,,Đồng Nai
630,CÔNG TY CP ĐIỆN LỰC KHÁNH HÒA,Nguyễn Cao Ký,4200601069,"Sản xuất, truyền tải, phân phối điện",2,"4,572,888","4,361,399",Khánh Hòa
631,CÔNG TY TNHH THƯƠNG MẠI CARLSBERG VIỆT NAM,Nathaniel Meredith Moxom,0102314245,"Sản xuất, chế biến và kinh doanh đồ uống có cồn",2,,,Thừa Thiên Huế
632,CÔNG TY TÀI CHÍNH TNHH HD SAISON,Nguyễn Hữu Nhân,0304990133,Dịch vụ tài chính khác,2,,,TP Hồ Chí Minh
633,TỔNG CÔNG TY CÔNG NGHIỆP SÀI GÒN - TNHH MTV,Nguyễn Phương Đông,0300713668,"Sản xuất, chế biến và kinh doanh thuốc lá",2,,,TP Hồ Chí Minh
634,CÔNG TY CP DƯỢC HẬU GIANG,Đoàn Đình Duy Khương,1800156801,"Sản xuất dược phẩm, thiết bị y tế",2,"3,755,619","4,003,170",Cần Thơ
635,CÔNG TY TNHH NHÀ NƯỚC MTV XỔ SỐ KIẾN THIẾT CẦN THƠ,Đỗ Thanh Bình,1800157562,"Dịch vụ vui chơi, giải trí",2,,,Cần Thơ
636,CÔNG TY TNHH TOTO VIỆT NAM,Yamasaki Masao,0101225306,"Sản xuất, kinh doanh vật liệu xây dựng",2,,,Hà Nội
637,CÔNG TY CP CÁN THÉP THÁI TRUNG,Trần Tuấn,4600451322,"Sản xuất, gia công kim loại, sắt thép, kim khí…",2,"4,311,771","6,066,999",Thái Nguyên
638,CÔNG TY TNHH NHỰA VÀ HÓA CHẤT TPC VINA,Piyapong Jriasetapong,3600248368,"Sản xuất, kinh doanh nhựa và sản phẩm từ nhựa",2,,,Đồng Nai
639,CÔNG TY CP TẬP ĐOÀN MAVIN,Đào Mạnh Lương,0900841823,"Sản xuất, kinh doanh thức ăn chăn nuôi",2,,,Hưng Yên
640,CÔNG TY TNHH MTV TỔNG CÔNG TY 28,Đỗ Tuấn Anh,0300516772,"Sản xuất, kinh doanh sợi, sản phẩm dệt",2,,,TP Hồ Chí Minh
641,NGÂN HÀNG TNHH MTV STANDARD CHARTERED (VIỆT NAM),Louis Taylor,0103617147,Ngân hàng,2,,,Hà Nội
642,CÔNG TY TNHH PHÁT TRIỂN PHÚ MỸ HƯNG,Tseng Fan Chih,0300604002,Kinh doanh bất động sản,2,,,TP Hồ Chí Minh
643,CÔNG TY TNHH BẢO HIỂM HANWHA LIFE VIỆT NAM,Hwang Jun Hwan,0305774706,Bảo hiểm,2,,,TP Hồ Chí Minh
644,NGÂN HÀNG TNHH INDOVINA,Liu Chun Hao,0300733752,Ngân hàng,2,,,TP Hồ Chí Minh
645,CÔNG TY TNHH CÔNG NGHIỆP CHÍNH XÁC VIỆT NAM 1,Chao Wen Hsiang,2500213190,"Sản xuất, kinh doanh ô tô, xe máy, xe có động cơ và phụ kiện",2,,,Vĩnh Phúc
646,CÔNG TY TNHH LOUIS DREYFUS COMMODITIES VIỆT NAM,Eric Gerard Leleu,5900424466,"Sản xuất, chế biến và kinh doanh thực phẩm tươi sống, đông lạnh",2,,,Gia Lai
647,TỔNG CÔNG TY TRUYỀN THÔNG (VNPT-MEDIA),Dương Thành Long,0106873188,Viễn thông,2,,,Hà Nội
648,CÔNG TY SẢN XUẤT THÉP ÚC SSE,Lâm Văn Hùng,0200373471,"Sản xuất, gia công kim loại, sắt thép, kim khí…",2,,,Hải Phòng
649,CÔNG TY TNHH MTV XUẤT NHẬP KHẨU 2/9 ĐẮK LẮK,Lê Tiến Hùng,6000234538,"Sản xuất, chế biến và kinh doanh đồ uống không cồn",2,,,Đắk Lắk
650,CÔNG TY TNHH MTV XỔ SỐ KIẾN THIẾT BẠC LIÊU,Nguyễn Ngọc Thuý,1900135322,"Dịch vụ vui chơi, giải trí",2,,,Bạc Liêu
651,CÔNG TY CP THANH TOÁN ĐIỆN TỬ VNPT,Kim Je Hee,0102713659,Hoạt động thông tin khác,2,,,Hà Nội
652,CÔNG TY TNHH BẢO HIỂM NHÂN THỌ MB AGEAS,Vũ Hồng Phú,0107520795,Bảo hiểm,2,,,Hà Nội
653,CÔNG TY CP PIN ẮC QUY MIỀN NAM,Trần Thanh Văn,0300405462,"Sản xuất, kinh doanh thiết bị điện",2,"965,945","907,737",TP Hồ Chí Minh
654,CÔNG TY TNHH MTV XỔ SỐ KIẾN THIẾT SÓC TRĂNG,Lê Văn Khanh,2200108572,"Dịch vụ vui chơi, giải trí",2,,,Sóc Trăng
655,CÔNG TY CP TƯ VẤN XÂY DỰNG ĐIỆN 2,Nguyễn Chơn Hùng,0300420157,Dịch vụ khác,2,"3,346,395","3,629,141",TP Hồ Chí Minh
656,CÔNG TY TNHH SẢN XUẤT BỘT MỲ VIMAFLOUR,Lim Pang Boon,5700101210,"Sản xuất, chế biến và kinh doanh gạo, ngũ cốc, sản phẩm nghiền, đồ khô",2,,,Quảng Ninh
657,CÔNG TY TNHH THÉP KYOEI VIỆT NAM,Fukunishi Hidekazu,2700631318,"Sản xuất, gia công kim loại, sắt thép, kim khí…",2,,,Ninh Bình
658,TỔNG CÔNG TY CP DỆT MAY HOÀ THỌ,Nguyễn Đức Trị,0400101556,"Sản xuất, kinh doanh trang phục",2,"3,256,264","3,863,510",Đà Nẵng
659,CÔNG TY CP VẬT TƯ - TKV,Tạ Quang Tuấn,5700100707,"Sản xuất, kinh doanh máy móc, sản phẩm cơ khí khác",2,,,Quảng Ninh
660,CÔNG TY TNHH GANG THÉP TUYÊN QUANG,"Zhang, Qun (Trương Quần)",5000230718,"Sản xuất, gia công kim loại, sắt thép, kim khí…",2,,,Tuyên Quang
661,CÔNG TY TNHH NHÀ NƯỚC MTV YẾN SÀO KHÁNH HÒA,Nguyễn Anh Hùng,4200338918,"Sản xuất, chế biến và kinh doanh thực phẩm khác",2,,,Khánh Hòa
662,CÔNG TY TNHH MTV TỔNG CÔNG TY THÁI SƠN,Phạm Gặp,0300533471,Kinh doanh bất động sản,2,,,TP Hồ Chí Minh
663,CÔNG TY TNHH DINH DƯỠNG Á CHÂU (VN),Su Meng Chih,3600233805,"Sản xuất, kinh doanh thức ăn chăn nuôi",2,,,Đồng Nai
664,CÔNG TY CP BỘT GIẶT LIX,Lâm Văn Kiệt,0301444263,"Sản xuất, kinh doanh hóa mỹ phẩm",2,"2,902,193","2,613,003",TP Hồ Chí Minh
665,TỔNG CÔNG TY CP BẢO HIỂM PETROLIMEX,Đào Nam Hải,0100110768,Bảo hiểm,2,"2,920,924","3,037,019",Hà Nội
666,CÔNG TY CP DƯỢC PHẨM TRUNG ƯƠNG CODUPHA,Bùi Hữu Hiền,0300483319,"Kinh doanh, phân phối dược phẩm, thiết bị y tế",2,"2,957,141","2,450,389",TP Hồ Chí Minh
667,TỔNG CÔNG TY GAS PETROLIMEX - CTCP,Vũ Hồng Khánh,0101447725,Kinh doanh xăng dầu và các sản phẩm liên quan,2,"2,824,679","3,362,912",Hà Nội
668,TỔNG CÔNG TY CHĂN NUÔI VIỆT NAM - CTCP,Trịnh Quốc Dũng,0100104443,Chăn nuôi,2,"2,825,788","2,928,252",Hà Nội
669,TỔNG CÔNG TY 319,Nguyễn Minh Khiêm,0100108984,Xây dựng,2,,,Hà Nội
670,CÔNG TY TNHH MTV APATIT VIỆT NAM,Nguyễn Tiến Cường,5300100276,Khai khoáng khác và kinh doanh các sản phẩm khác từ khai khoáng,2,,,Lào Cai
671,CÔNG TY TNHH MTV DƯỢC SÀI GÒN,Lê Việt Hùng,0300523385,"Kinh doanh, phân phối dược phẩm, thiết bị y tế",2,,,TP Hồ Chí Minh
672,CÔNG TY TNHH LIÊN DOANH ỐNG THÉP SENDO,Trương Văn Minh,3502280821,"Sản xuất, kinh doanh máy móc, sản phẩm cơ khí khác",2,,,Bà Rịa - Vũng Tàu
673,CÔNG TY CP CAO SU PHƯỚC HÒA,Nguyễn Văn Tược,3700147532,Trồng trọt,2,"1,631,648","1,945,435",Bình Dương
674,TỔNG CTCP THƯƠNG MẠI XÂY DỰNG,Võ Nhật Thăng,0100203476,Kinh doanh bất động sản,2,,,Hà Nội
675,CÔNG TY THƯƠNG MẠI DỊCH VỤ TRÀNG THI,Vũ Trọng Tuấn,0100107437,"Sản xuất, kinh doanh thiết bị điện",2,,,Hà Nội
676,CÔNG TY TNHH TRUYỀN HÌNH CÁP SAIGONTOURIST,Trần Văn Úy,0301463315,"Truyền hình, phát thanh, phim ảnh",2,,,TP Hồ Chí Minh
677,CÔNG TY TNHH THƯƠNG MẠI - DỊCH VỤ HAI SÁU SÁU,Nguyễn Thị Hồng Hạnh,0303781761,"Sản xuất, kinh doanh thiết bị điện tử, điện lạnh, công nghệ thông tin, viễn thông…",2,,,TP Hồ Chí Minh
678,CÔNG TY TNHH QUỐC TẾ LIÊN DOANH VINACONEX - TAISEI (VINATA),Seiichiro Kuwabara,0100113494,Xây dựng,2,,,Hà Nội
679,TỔNG CÔNG TY ĐẦU TƯ PHÁT TRIỂN HẠ TẦNG ĐÔ THỊ UDIC - CÔNG TY TNHH MTV,Nguyễn Minh Quang,0100106232,Xây dựng,2,,,Hà Nội
680,TỔNG CÔNG TY VẬN TẢI HÀ NỘI,Nguyễn Thanh Nam,0101148154,Vận tải đường bộ,2,,,Hà Nội
681,CÔNG TY TNHH HEWLETT - PACKARD VIỆT NAM,Trần Thị Minh Thuận,0300539709,"Sản xuất, kinh doanh thiết bị điện tử, điện lạnh, công nghệ thông tin, viễn thông…",2,,,TP Hồ Chí Minh
682,CÔNG TY TNHH MIWON VIỆT NAM,Shin Sangho,2600109933,"Sản xuất, chế biến và kinh doanh thực phẩm khác",2,,,Phú Thọ
683,CÔNG TY CP THÉP TOP PRO,"Hong, Chung-Cheng",1100798176,"Sản xuất, kinh doanh máy móc, sản phẩm cơ khí khác",2,,,Long An
684,CÔNG TY TNHH KINH DOANH LỐP XE BRIDGESTONE VIỆT NAM,Hiroyuki Saito,0309875328,"Sản xuất, kinh doanh ô tô, xe máy, xe có động cơ và phụ kiện",2,,,TP Hồ Chí Minh
685,CÔNG TY CP LUYỆN KIM TÂN NGUYÊN HẢI DƯƠNG VIỆT NAM,Hồ Dư Khang (Hu YuKang),0800740412,"Sản xuất, gia công kim loại, sắt thép, kim khí…",2,,,Hải Dương
686,TỔNG CÔNG TY XÂY DỰNG HÀ NỘI,Đậu Văn Diện,0100106338,Xây dựng,2,"1,991,733","2,413,517",Hà Nội
687,CÔNG TY CP CẢNG HẢI PHÒNG,Nguyễn Tường Anh,0200236845,"Kho bãi, bốc xếp hàng hóa",2,"2,030,663","2,284,630",Hải Phòng
688,CÔNG TY CP PHÁT TRIỂN HẠ TẦNG KỸ THUẬT,Đỗ Quang Ngôn,3700805566,Kinh doanh bất động sản,2,"2,141,296","2,601,723",Bình Dương
689,TỔNG CÔNG TY CP BẢO HIỂM NGÂN HÀNG ĐẦU TƯ VÀ PHÁT TRIỂN VIỆT NAM,Trần Hoài An,0100931299,Bảo hiểm,2,"1,887,816","2,155,107",Hà Nội
690,CÔNG TY TNHH ROCHDALE SPEARS,Hoàng Yến,3700370643,"Sản xuất, kinh doanh gỗ, sản phẩm từ gỗ và nội thất",2,,,Bình Dương
691,CÔNG TY TNHH BACONCO,"Siquet, Pierre Louis Bernard",3500101065,"Sản xuất, kinh doanh phân bón, thuốc trừ sâu",2,,,Bà Rịa - Vũng Tàu
692,CÔNG TY CP CÔNG NGHIỆP NHỰA PHÚ LÂM,Huang Cheng Hung,0200109445,"Sản xuất, kinh doanh nhựa và sản phẩm từ nhựa",2,,,Hải Phòng
693,CÔNG TY TNHH LIÊN DOANH SẢN XUẤT ÔTÔ NGÔI SAO,Ryujiro Kobashi,3700229030,"Sản xuất, kinh doanh ô tô, xe máy, xe có động cơ và phụ kiện",2,,,Bình Dương
694,TỔNG CÔNG TY GIẤY VIỆT NAM,.,2600357502,"Sản xuất, kinh doanh giấy và các sản phẩm từ giấy",2,,,Hà Nội
695,CÔNG TY CP HANACANS,Hidetaka Makabe,2300372796,"Sản xuất, kinh doanh máy móc, sản phẩm cơ khí khác",2,,,Bắc Ninh
