Mã số thuế,Mã chứng khoán,Ten cong ty,CEO,Nganh nghe,Doanh thu 2020,Doanh thu 2021,Tinh
0100686174,Chưa niêm yết,NGÂN HÀNG NÔNG NGHIỆP VÀ PHÁT TRIỂN NÔNG THÔN VIỆT NAM,Tiết Văn Thành,Ngân hàng,,,Hà Nội
0101245486,VIC,TẬP ĐOÀN VINGROUP - CTCP,Nguyễn Việt Quang,Kinh doanh bất động sản,"110,490,033","125,687,870",Hà Nội
0100109106,Chưa niêm yết,TẬP ĐOÀN CÔNG NGHIỆP - VIỄN THÔNG QUÂN ĐỘI,Tào Đức Thắng,Viễn thông,"113,026","136,096",Hà Nội
0100150619,BID,NGÂN HÀNG TMCP ĐẦU TƯ VÀ PHÁT TRIỂN VIỆT NAM,Lê Ngọc Lâm,Ngân hàng,"117,452,648","120,523,066",Hà Nội
0100107370,PLX,TẬP ĐOÀN XĂNG DẦU VIỆT NAM,Phạm Đức Thắng,Kinh doanh xăng dầu và các sản phẩm liên quan,"123,918,650","169,008,605",Hà Nội
0100100079,Chưa niêm yết,TẬP ĐOÀN ĐIỆN LỰC VIỆT NAM,Trần Đình Nhân,"Sản xuất, truyền tải, phân phối điện",,,Hà Nội
0100681592,Chưa niêm yết,TẬP ĐOÀN DẦU KHÍ VIỆT NAM,Lê Mạnh Hùng,"Thăm dò, khai thác dầu mỏ và hoạt động hỗ trợ",,,Hà Nội
4601124536,Chưa niêm yết,CÔNG TY TNHH SAMSUNG ELECTRONICS VIỆT NAM THÁI NGUYÊN,Kim Dongwook,"Sản xuất, kinh doanh thiết bị điện tử, điện lạnh, công nghệ thông tin, viễn thông…",,,Thái Nguyên
0900189284,HPG,CÔNG TY CP TẬP ĐOÀN HÒA PHÁT,Nguyễn Việt Thắng,"Sản xuất, gia công kim loại, sắt thép, kim khí…","90,118,503","149,679,790",Hưng Yên
0100112437,VCB,NGÂN HÀNG TMCP NGOẠI THƯƠNG VIỆT NAM,Phạm Quang Dũng,Ngân hàng,"36,285,475","42,399,617",Hà Nội
0100365621,Chưa niêm yết,CÔNG TY CP TẬP ĐOÀN VÀNG BẠC ĐÁ QUÝ DOJI,Đỗ Minh Đức,"Bán lẻ vàng, bạc và kim loại quý khác",,,Hà Nội
0100111948,CTG,NGÂN HÀNG TMCP CÔNG THƯƠNG VIỆT NAM,Trần Minh Bình,Ngân hàng,"35,580,829","41,788,465",Hà Nội
0306731335,MWG,CÔNG TY CP ĐẦU TƯ THẾ GIỚI DI ĐỘNG,Trần Kinh Doanh,"Bán lẻ điện tử, điện lạnh, viễn thông, công nghệ thông tin","108,546,020","122,958,106",TP Hồ Chí Minh
0303576603,MSN,CÔNG TY CP TẬP ĐOÀN MASAN,Danny Lê,Dịch vụ khác,"78,868,319","89,791,619",TP Hồ Chí Minh
3600224423,Chưa niêm yết,CÔNG TY CP CHĂN NUÔI C.P. VIỆT NAM,Montri Suwanposri,"Sản xuất, kinh doanh thức ăn chăn nuôi",,,Đồng Nai
5700100256,Chưa niêm yết,TẬP ĐOÀN CÔNG NGHIỆP THAN - KHOÁNG SẢN VIỆT NAM,Đặng Thanh Hải,"Khai thác, kinh doanh than và hoạt động hỗ trợ",,,Hà Nội
0100684378,Chưa niêm yết,TẬP ĐOÀN BƯU CHÍNH VIỄN THÔNG VIỆT NAM,Huỳnh Quang Liêm,Viễn thông,,,Hà Nội
0100111761,BVH,TẬP ĐOÀN BẢO VIỆT,Nguyễn Quang Phi,Bảo hiểm,"34,524,044","36,827,962",Hà Nội
3500102710,GAS,TỔNG CÔNG TY KHÍ VIỆT NAM - CTCP,Hoàng Văn Quang,"Thăm dò, khai thác dầu mỏ và hoạt động hỗ trợ","64,134,965","78,992,156",TP Hồ Chí Minh
3600252847,THA,CÔNG TY CP ÔTÔ TRƯỜNG HẢI,Nguyễn Hùng Minh,"Sản xuất, kinh doanh ô tô, xe máy, xe có động cơ và phụ kiện",,,TP Hồ Chí Minh
0100233583,VPB,NGÂN HÀNG TMCP VIỆT NAM THỊNH VƯỢNG,Nguyễn Đức Vinh,Ngân hàng,"32,345,823","34,348,829",Hà Nội
0300588569,VNM,CÔNG TY CP SỮA VIỆT NAM,Mai Kiều Liên,"Sản xuất, chế biến và kinh doanh sữa, sản phẩm từ sữa","59,636,286","60,919,165",TP Hồ Chí Minh
0311449990,SCB,NGÂN HÀNG TMCP SÀI GÒN,Hoàng Minh Hoàn,Ngân hàng,"47,208,016",,TP Hồ Chí Minh
0106869738,Chưa niêm yết,TỔNG CÔNG TY DỊCH VỤ VIỄN THÔNG,Nguyễn Trường Giang,Viễn thông,,,Hà Nội
0100831174,Chưa niêm yết,CÔNG TY CP TẬP ĐOÀN THÀNH CÔNG,Nguyễn Anh Tuấn,"Sản xuất, kinh doanh ô tô, xe máy, xe có động cơ và phụ kiện",,,Hà Nội
0301103908,STB,NGÂN HÀNG TMCP SÀI GÒN THƯƠNG TÍN,Nguyễn Đức Thạch Diễm,Ngân hàng,"11,526,554","11,964,487",TP Hồ Chí Minh
0100230800,TCB,NGÂN HÀNG TMCP KỸ THƯƠNG VIỆT NAM,Jens Lottner,Ngân hàng,"18,751,209","26,698,613",Hà Nội
0100107518,HVN,TỔNG CÔNG TY HÀNG KHÔNG VIỆT NAM - CTCP,Lê Hồng Hà,Vận tải hàng không,"40,538,339","27,911,340",Hà Nội
0100283873,MBB,NGÂN HÀNG TMCP QUÂN ĐỘI,Lưu Trung Thái,Ngân hàng,"20,277,795","26,199,554",Hà Nội
3502208399,PGV,TỔNG CÔNG TY PHÁT ĐIỆN 3 - CTCP,Lê Văn Danh,"Sản xuất, truyền tải, phân phối điện","40,367,208","37,757,424",TP Hồ Chí Minh
5701662152,Chưa niêm yết,TỔNG CÔNG TY PHÁT ĐIỆN 1,Nguyễn Khắc Sơn,"Sản xuất, truyền tải, phân phối điện",,,Hà Nội
0304421306,Chưa niêm yết,CÔNG TY CP TẬP ĐOÀN INTIMEX,Đỗ Hà Nam,"Sản xuất, chế biến và kinh doanh thực phẩm khác",,,TP Hồ Chí Minh
0304295429,Chưa niêm yết,CÔNG TY TNHH INTEL PRODUCTS VIỆT NAM,Ooi Kim Huat,"Sản xuất, kinh doanh thiết bị điện tử, điện lạnh, công nghệ thông tin, viễn thông…",,,TP Hồ Chí Minh
0102641429,Chưa niêm yết,TỔNG CÔNG TY BẢO VIỆT NHÂN THỌ,Phạm Ngọc Sơn,Bảo hiểm,,,Hà Nội
0301452948,ACB,NGÂN HÀNG TMCP Á CHÂU,Đỗ Minh Toàn,Ngân hàng,"14,582,123","18,944,792",TP Hồ Chí Minh
0301840443,Chưa niêm yết,CÔNG TY TNHH BẢO HIỂM NHÂN THỌ PRUDENTIAL VIỆT NAM,Phương Tiến Minh,Bảo hiểm,,,TP Hồ Chí Minh
0301175691,Chưa niêm yết,LIÊN HIỆP HỢP TÁC XÃ THƯƠNG MẠI TP. HỒ CHÍ MINH (CO.OP MART),Nguyễn Anh Đức,"Bán lẻ hàng tiêu dùng nhanh trong siêu thị, cửa hàng tiện lợi, chợ truyền thông",,,TP Hồ Chí Minh
0300762150,Chưa niêm yết,CÔNG TY TNHH QUỐC TẾ UNILEVER VIỆT NAM,JV Raman,"Sản xuất, kinh doanh hóa mỹ phẩm",,,TP Hồ Chí Minh
1800278630,SHB,NGÂN HÀNG TMCP SÀI GÒN - HÀ NỘI,Ngô Thu Hà,Ngân hàng,"9,933,199","15,570,349",Hà Nội
0300583659,SAB,TỔNG CÔNG TY CP BIA RƯỢU NƯỚC GIẢI KHÁT SÀI GÒN,Neo Gim Siong Bennett,"Sản xuất, chế biến và kinh doanh đồ uống có cồn","27,961,324","26,373,746",TP Hồ Chí Minh
0101248141,FPT,CÔNG TY CP FPT,Nguyễn Văn Khoa,Hoạt động thông tin khác,"29,830,401","35,657,263",Hà Nội
0100686209,Chưa niêm yết,TỔNG CÔNG TY VIỄN THÔNG MOBIFONE,Tô Mạnh Cường,Viễn thông,,,Hà Nội
0100106320,Chưa niêm yết,TỔNG CÔNG TY XI MĂNG VIỆT NAM,Bùi Hồng Minh,"Sản xuất, kinh doanh vật liệu xây dựng",,,Hà Nội
0100100047,Chưa niêm yết,TỔNG CÔNG TY THÉP VIỆT NAM - CTCP,Nguyễn Đình Phúc,"Kinh doanh kim loại, sắt thép, kim khí…","31,291,145","40,572,198",Hà Nội
3500102414,Chưa niêm yết,LIÊN DOANH VIỆT - NGA VIETSOVPETRO,Nguyễn Quỳnh Lâm,"Thăm dò, khai thác dầu mỏ và hoạt động hỗ trợ",,,Bà Rịa - Vũng Tàu
0300608092,HDB,NGÂN HÀNG TMCP PHÁT TRIỂN TP. HỒ CHÍ MINH,Phạm Quốc Thanh,Ngân hàng,"11,897,705","13,890,777",TP Hồ Chí Minh
3700381324,HSG,CÔNG TY CP TẬP ĐOÀN HOA SEN,Trần Quốc Trí,"Sản xuất, gia công kim loại, sắt thép, kim khí…","27,530,750","48,726,522",TP Hồ Chí Minh
0301045759,Chưa niêm yết,CÔNG TY TNHH MTV VÀNG BẠC ĐÁ QUÝ SÀI GÒN - SJC,Lê Thúy Hằng,"Bán lẻ vàng, bạc và kim loại quý khác",,,TP Hồ Chí Minh
0102276173,POW,TỔNG CÔNG TY ĐIỆN LỰC DẦU KHÍ VIỆT NAM - CTCP,Nguyễn Xuân Hòa,"Sản xuất, truyền tải, phân phối điện","29,731,734","24,560,949",Hà Nội
1800590430,GE2,TỔNG CÔNG TY PHÁT ĐIỆN 2 - CTCP,Ngô Việt Hải,"Sản xuất, truyền tải, phân phối điện","26,001,102","9,940,645",Cần Thơ
0302017440,MCH,CÔNG TY CP HÀNG TIÊU DÙNG MASAN (MASAN CONSUMER),Trương Công Thắng,"Sản xuất, chế biến và kinh doanh thực phẩm khác","23,342,734","27,773,635",TP Hồ Chí Minh
0301266564,GVR,TẬP ĐOÀN CÔNG NGHIỆP CAO SU VIỆT NAM - CTCP,Huỳnh Văn Bảo,"Sản xuất, kinh doanh cao su và sản phẩm từ cao su","4,893,496","5,558,860",TP Hồ Chí Minh
0300514849,Chưa niêm yết,CÔNG TY TNHH MTV TỔNG CÔNG TY TÂN CẢNG SÀI GÒN,Ngô Minh Thuấn,"Kho bãi, bốc xếp hàng hóa",,,TP Hồ Chí Minh
0102409426,VGI,TỔNG CÔNG TY CP ĐẦU TƯ QUỐC TẾ VIETTEL,Nguyễn Duy Thọ,Viễn thông,"5,436,579","5,850,500",Hà Nội
0100598873,Chưa niêm yết,CÔNG TY TNHH ỐNG THÉP HÒA PHÁT,Nguyễn Mạnh Tuấn,"Sản xuất, gia công kim loại, sắt thép, kim khí…",,,Hà Nội
0100915699,Chưa niêm yết,CÔNG TY TNHH ZUELLIG PHARMA VIỆT NAM,Charles Antoine Gloor,"Kinh doanh, phân phối dược phẩm, thiết bị y tế",,,Hà Nội
0102325399,VJC,CÔNG TY CP HÀNG KHÔNG VIETJET,Nguyễn Thị Phương Thảo,Vận tải hàng không,"18,220,293","12,874,920",Hà Nội
0100150577,PVS,TỔNG CÔNG TY CP DỊCH VỤ KỸ THUẬT DẦU KHÍ VIỆT NAM,Lê Mạnh Cường,"Thăm dò, khai thác dầu mỏ và hoạt động hỗ trợ","3,769,373","3,811,176",TP Hồ Chí Minh
0102595740,Chưa niêm yết,TỔNG CÔNG TY BƯU ĐIỆN VIỆT NAM,Chu Quang Hào,"Bưu chính, chuyển phát",,,Hà Nội
0100233488,VIB,NGÂN HÀNG TMCP QUỐC TẾ VIỆT NAM,Hàn Ngọc Vũ,Ngân hàng,"3,515,891","3,699,595",TP Hồ Chí Minh
5200896375,Chưa niêm yết,CÔNG TY CP TẬP ĐOÀN HÒA BÌNH MINH,Bùi Minh Lực,"Sản xuất, kinh doanh ô tô, xe máy, xe có động cơ và phụ kiện",,,Yên Bái
0300816663,Chưa niêm yết,CÔNG TY TNHH NƯỚC GIẢI KHÁT SUNTORY PEPSICO VIỆT NAM,Uday Shankar Sinha,"Sản xuất, chế biến và kinh doanh đồ uống không cồn",,,TP Hồ Chí Minh
0101216069,Chưa niêm yết,TỔNG CÔNG TY THUỐC LÁ VIỆT NAM,Trần Sơn Châu,"Sản xuất, chế biến và kinh doanh thuốc lá",,,Hà Nội
6300048638,LPB,NGÂN HÀNG TMCP BƯU ĐIỆN LIÊN VIỆT,Phạm Doãn Sơn,Ngân hàng,"6,720,171","9,017,159",Hà Nội
0104160054,Chưa niêm yết,CÔNG TY CP STAVIAN HÓA CHẤT,Nguyễn Minh Tú,"Sản xuất, kinh doanh nhựa và sản phẩm từ nhựa",,,Hà Nội
0102743068,Chưa niêm yết,TỔNG CÔNG TY TRUYỀN TẢI ĐIỆN QUỐC GIA,Nguyễn Mạnh Hùng,"Sản xuất, truyền tải, phân phối điện",,,Hà Nội
0102683813,FLC,CÔNG TY CP TẬP ĐOÀN FLC,Hương Trần Kiều Dung,Kinh doanh bất động sản,"13,488,401","6,771,892",Hà Nội
0100100512,GEX,CÔNG TY CP TẬP ĐOÀN GELEX,Nguyễn Văn Tuấn,"Sản xuất, kinh doanh thiết bị điện","17,948,713","28,578,399",Hà Nội
0102180545,Chưa niêm yết,CÔNG TY TÀI CHÍNH TNHH NGÂN HÀNG VIỆT NAM THỊNH VƯỢNG SMBC,Kalidas Ghose,Dịch vụ tài chính khác,,,TP Hồ Chí Minh
0102744865,TPB,NGÂN HÀNG TMCP TIÊN PHONG,Nguyễn Hưng,Ngân hàng,"7,619,057","9,946,049",Hà Nội
5700101468,Chưa niêm yết,TỔNG CÔNG TY ĐÔNG BẮC,Phạm Ngọc Tuyển,"Khai thác, kinh doanh than và hoạt động hỗ trợ",,,Quảng Ninh
0105696842,Chưa niêm yết,"CENTRAL RETAIL (GO! BIG C, TOP MARKET)",Olivier Langlet,"Bán lẻ hàng tiêu dùng nhanh trong siêu thị, cửa hàng tiện lợi, chợ truyền thông",,,TP Hồ Chí Minh
0300521758,PNJ,CÔNG TY CP VÀNG BẠC ĐÁ QUÝ PHÚ NHUẬN,Lê Trí Thông,"Bán lẻ vàng, bạc và kim loại quý khác","17,510,789","19,547,058",TP Hồ Chí Minh
0311224517,Chưa niêm yết,CÔNG TY CP MASAN MEATLIFE,Phạm Trung Lâm,Dịch vụ khác,"16,119,005","18,890,888",TP Hồ Chí Minh
6000346337,Chưa niêm yết,CÔNG TY TNHH OLAM VIỆT NAM,Amit Verma,Hoạt động nông nghiệp khác,,,Đắk Nông
0301851276,Chưa niêm yết,CÔNG TY TNHH BẢO HIỂM NHÂN THỌ DAI-ICHI VIỆT NAM,Trần Đình Quân,Bảo hiểm,,,TP Hồ Chí Minh
0104093672,VTP,TỔNG CÔNG TY CP BƯU CHÍNH VIETTEL,Hoàng Trung Thành,"Bưu chính, chuyển phát","17,234,282","21,452,032",Hà Nội
1101359647,Chưa niêm yết,CÔNG TY CP TẬP ĐOÀN THÉP NGUYỄN MINH,Nguyễn Minh Huy,"Sản xuất, gia công kim loại, sắt thép, kim khí…",,,Long An
2801115888,Chưa niêm yết,CÔNG TY CP TẬP ĐOÀN VAS NGHI SƠN,Nguyễn Bảo Giang,"Sản xuất, gia công kim loại, sắt thép, kim khí…",,,Thanh Hoá
5700101362,Chưa niêm yết,CÔNG TY TNHH CALOFIC,Vũ Văn Phú,"Sản xuất, chế biến và kinh doanh dầu ăn, mỡ động thực vật",,,Quảng Ninh
0301154821,SVC,CÔNG TY CP DỊCH VỤ TỔNG HỢP SÀI GÒN,Phan Dương Cửu Long,Kinh doanh bất động sản,"16,084,549","14,192,876",TP Hồ Chí Minh
3600233178,Chưa niêm yết,CÔNG TY TNHH CARGILL VIỆT NAM,Fering Thomas John,"Sản xuất, kinh doanh thức ăn chăn nuôi",,,TP Hồ Chí Minh
1100439762,Chưa niêm yết,CÔNG TY TNHH CJ VINA AGRI,Nam Ki Don,"Sản xuất, kinh doanh thức ăn chăn nuôi",,,Long An
0102182292,Chưa niêm yết,CÔNG TY CP GIẢI PHÁP THANH TOÁN VIỆT NAM,Lê Tánh,Viễn thông,,,Hà Nội
0301930337,Chưa niêm yết,CÔNG TY TNHH BẢO HIỂM NHÂN THỌ AIA (VIỆT NAM),Wayne Besant,Bảo hiểm,,,TP Hồ Chí Minh
0303522206,SMC,CÔNG TY CP ĐẦU TƯ THƯƠNG MẠI SMC,Nguyễn Thị Ngọc Loan,"Kinh doanh kim loại, sắt thép, kim khí…","15,734,958","21,315,015",TP Hồ Chí Minh
0302597576,Chưa niêm yết,CÔNG TY CP DƯỢC LIỆU TRUNG ƯƠNG 2,Nguyễn Công Chiến,"Kinh doanh, phân phối dược phẩm, thiết bị y tế",,,TP Hồ Chí Minh
3900244389,SBT,CÔNG TY CP THÀNH THÀNH CÔNG - BIÊN HÒA,Ông Nguyễn Thanh Ngữ,"Sản xuất, chế biến và kinh doanh đường","14,924,868","18,325,361",Tây Ninh
0100102608,Chưa niêm yết,TỔNG CÔNG TY LƯƠNG THỰC MIỀN BẮC,Bùi Thị Thanh Tâm,"Sản xuất, chế biến và kinh doanh gạo, ngũ cốc, sản phẩm nghiền, đồ khô",,,Hà Nội
0100774342,Chưa niêm yết,CÔNG TY TNHH YAMAHA MOTOR VIỆT NAM,Masaki Asano,"Sản xuất, kinh doanh ô tô, xe máy, xe có động cơ và phụ kiện",,,Hà Nội
0311609355,FRT,CÔNG TY CP BÁN LẺ KỸ THUẬT SỐ FPT,Hoàng Trung Kiên,"Bán lẻ điện tử, điện lạnh, viễn thông, công nghệ thông tin","14,661,417","22,494,961",TP Hồ Chí Minh
2600261303,Chưa niêm yết,CÔNG TY TNHH HẢI LINH,Lê Văn Tám,Kinh doanh xăng dầu và các sản phẩm liên quan,,,Phú Thọ
0300852005,Chưa niêm yết,NGÂN HÀNG TMCP PHƯƠNG ĐÔNG,Nguyễn Đình Tùng,Ngân hàng,"1,670,025","1,701,758",TP Hồ Chí Minh
2700668614,Chưa niêm yết,CÔNG TY CP HYUNDAI THÀNH CÔNG VIỆT NAM,Trần Hữu Phú,"Sản xuất, kinh doanh ô tô, xe máy, xe có động cơ và phụ kiện",,,Hà Nội
2000393273,MPC,CÔNG TY CP TẬP ĐOÀN THỦY SẢN MINH PHÚ,Lê Văn Quang,"Sản xuất, chế biến và kinh doanh thực phẩm tươi sống, đông lạnh","14,329,350","13,577,505",Cà Mau
3701091716,Chưa niêm yết,CÔNG TY TNHH DE HEUS,Gabor Fluit,"Sản xuất, kinh doanh thức ăn chăn nuôi",,,Vĩnh Long
2500175548,Chưa niêm yết,CÔNG TY TNHH JAPFA COMFEED VIỆT NAM,Arif Widjaja,"Sản xuất, kinh doanh thức ăn chăn nuôi",,,Vĩnh Phúc
0300452060,PET,TỔNG CÔNG TY CP DỊCH VỤ TỔNG HỢP DẦU KHÍ,Vũ Tiến Dương,"Bán lẻ điện tử, điện lạnh, viễn thông, công nghệ thông tin","13,453,249","17,598,238",TP Hồ Chí Minh
0302249586,Chưa niêm yết,CÔNG TY TNHH MM MEGA MARKET (VIỆT NAM),Bruno Jousselin,"Bán lẻ hàng tiêu dùng nhanh trong siêu thị, cửa hàng tiện lợi, chợ truyền thông",,,TP Hồ Chí Minh
0303443233,CTD,CÔNG TY CP XÂY DỰNG COTECCONS,N.A,Xây dựng,"14,558,086","9,077,915",TP Hồ Chí Minh
0100104468,Chưa niêm yết,TỔNG CÔNG TY VẬT TƯ NÔNG NGHIỆP,Nguyễn Tất Thắng,"Sản xuất, kinh doanh phân bón, thuốc trừ sâu",,,Hà Nội
0302861742,DWG,CÔNG TY CP THẾ GIỚI SỐ,Đoàn Hồng Việt,"Sản xuất, kinh doanh thiết bị điện tử, điện lạnh, công nghệ thông tin, viễn thông…","12,535,638","20,922,813",TP Hồ Chí Minh
0200124891,MSB,NGÂN HÀNG TMCP HÀNG HẢI VIỆT NAM,Nguyễn Hoàng Linh,Ngân hàng,"4,822,389","6,216,244",Hà Nội
0100100008,Chưa niêm yết,TẬP ĐOÀN DỆT MAY VIỆT NAM,Lê Tiến Trường,"Sản xuất, kinh doanh sợi, sản phẩm dệt","13,908,982","16,002,865",Hà Nội
1600169024,Chưa niêm yết,CÔNG TY CP TẬP ĐOÀN SAO MAI,Lê Thanh Thuấn,Kinh doanh bất động sản,"12,524,614","11,397,926",An Giang
0101057919,PVF,NGÂN HÀNG TMCP ĐẠI CHÚNG VIỆT NAM,Nguyễn Hoàng Nam,Ngân hàng,"7,791,833","7,672,658",Hà Nội
0200253985,SSB,NGÂN HÀNG TMCP ĐÔNG NAM Á,Lê Văn Tần,Ngân hàng,"3,061,716","5,186,093",Hà Nội
4600310787,Chưa niêm yết,CÔNG TY CP THƯƠNG MẠI THÁI HƯNG,Nguyễn Thị Vinh,"Khai thác, chế biến, kinh doanh quặng kim loại và hoạt động hỗ trợ",,,Thái Nguyên
5701384498,Chưa niêm yết,CÔNG TY TNHH ĐIỆN LỰC AES MÔNG DƯƠNG,David Stone,"Sản xuất, truyền tải, phân phối điện",,,Quảng Ninh
0310631333,Chưa niêm yết,CÔNG TY TNHH THƯƠNG MẠI VÀ DƯỢC PHẨM SANG,Lê Quỳnh Liên,"Kinh doanh, phân phối dược phẩm, thiết bị y tế",,,TP Hồ Chí Minh
0301179079,EIB,NGÂN HÀNG TMCP XUẤT NHẬP KHẨU VIỆT NAM,Nguyễn Quốc Hương,Ngân hàng,"3,313,736","3,524,302",TP Hồ Chí Minh
3700255880,Chưa niêm yết,CÔNG TY CP TÔN ĐÔNG Á,Nguyễn Thanh Trung,"Sản xuất, kinh doanh máy móc, sản phẩm cơ khí khác",,,Bình Dương
0101778163,FOX,CÔNG TY CP VIỄN THÔNG FPT,Hoàng Việt Anh,Viễn thông,"11,466,154","12,686,416",Hà Nội
0300808687,Chưa niêm yết,CÔNG TY CP ACECOOK VIỆT NAM,Kajiwara Junichi,"Sản xuất, chế biến và kinh doanh thực phẩm đóng gói, ăn liền, đồ hộp",,,TP Hồ Chí Minh
0101527385,Chưa niêm yết,TỔNG CÔNG TY BẢO HIỂM BẢO VIỆT,Nguyễn Xuân Việt,Bảo hiểm,,,Hà Nội
3600234534,Chưa niêm yết,CÔNG TY CP VIỆT - PHÁP SẢN XUẤT THỨC ĂN GIA SÚC (PROCONCO),Nguyễn Thị Lệ Hồng,"Sản xuất, kinh doanh thức ăn chăn nuôi",,,Đồng Nai
0100104595,MVN,TỔNG CÔNG TY HÀNG HẢI VIỆT NAM - CTCP,Nguyễn Cảnh Tĩnh,Vận tải đường biển,"9,983,942","13,269,462",Hà Nội
0104831030,Chưa niêm yết,CÔNG TY TNHH NHÀ NƯỚC MTV THƯƠNG MẠI VÀ XUẤT NHẬP KHẨU VIETTEL,Phạm Văn Hùng,"Bán lẻ điện tử, điện lạnh, viễn thông, công nghệ thông tin",,,Hà Nội
3700306630,Chưa niêm yết,CÔNG TY TNHH UNI-PRESIDENT VIỆT NAM,Chen I Shen,"Sản xuất, kinh doanh thức ăn chăn nuôi",,,Bình Dương
0302158498,HBC,CÔNG TY CP TẬP ĐOÀN XÂY DỰNG HÒA BÌNH,Lê Viết Hiếu,Xây dựng,"11,224,653","11,355,969",TP Hồ Chí Minh
0301444753,NVL,CÔNG TY CP TẬP ĐOÀN ĐẦU TƯ ĐỊA ỐC NO VA,Nguyễn ngọc Huyên,Kinh doanh bất động sản,"5,026,358","14,902,760",TP Hồ Chí Minh
0300381564,CAV (HOSE),CÔNG TY CP DÂY CÁP ĐIỆN VIỆT NAM,Lê Quang Định,"Sản xuất, kinh doanh thiết bị điện","10,578,973","10,479,096",TP Hồ Chí Minh
3700477019,NKG,CÔNG TY CP THÉP NAM KIM,Võ Hoàng Vũ,"Sản xuất, gia công kim loại, sắt thép, kim khí…","11,559,675","28,173,402",Bình Dương
1100598642,Chưa niêm yết,CÔNG TY CP GREENFEED VIỆT NAM,Đỗ Cao Bằng,"Sản xuất, kinh doanh thức ăn chăn nuôi",,,Long An
3700321364,POM,CÔNG TY CP THÉP POMINA,Đỗ Văn Khánh,"Sản xuất, gia công kim loại, sắt thép, kim khí…","9,819,652","14,000,250",Bình Dương
0100233223,Chưa niêm yết,CÔNG TY CP TẬP ĐOÀN T&T,Đỗ Quang Hiển,Dịch vụ tài chính khác,,,Hà Nội
0311638525,ACV,TỔNG CÔNG TY CẢNG HÀNG KHÔNG VIỆT NAM - CTCP,Vũ Thế Phiệt,Hoạt động khác hỗ trợ cho vận tải,"7,767,469","4,752,036",TP Hồ Chí Minh
3700146458,Chưa niêm yết,TỔNG CÔNG TY THƯƠNG MẠI XUẤT NHẬP KHẨU THANH LỄ - CTCP,Đoàn Minh Quang,Kinh doanh xăng dầu và các sản phẩm liên quan,"10,669,958","11,901,762",Bình Dương
2900325526,BAB,NGÂN HÀNG TMCP BẮC Á,Thái Hương,Ngân hàng,"2,031,071","2,117,228",Nghệ An
0300100037,Chưa niêm yết,TỔNG CÔNG TY THƯƠNG MẠI SÀI GÒN - TNHH MTV,Lê Minh Trang,"Bán lẻ hàng tiêu dùng nhanh trong siêu thị, cửa hàng tiện lợi, chợ truyền thông",,,TP Hồ Chí Minh
2300105790,DBC,CÔNG TY CP TẬP ĐOÀN DABACO VIỆT NAM,Nguyễn Khắc Thảo,"Sản xuất, kinh doanh thức ăn chăn nuôi","10,021,584","10,812,795",Bắc Ninh
0100151161,PVI,CÔNG TY CP PVI,Bùi Vạn Thuận,Bảo hiểm,"1,480,551","1,581,149",Hà Nội
0103414411,Chưa niêm yết,CÔNG TY CP THỰC PHẨM SỮA TH,Rami Hamad,"Sản xuất, chế biến và kinh doanh sữa, sản phẩm từ sữa",,,Hà Nội
4600100155,Chưa niêm yết,CÔNG TY CP GANG THÉP THÁI NGUYÊN,Nguyễn Minh Hạnh,"Sản xuất, gia công kim loại, sắt thép, kim khí…","9,566,187","12,857,295",Thái Nguyên
0302336158,VGP,CÔNG TY CP CẢNG RAU QUẢ,Đặng Như Bình,"Kho bãi, bốc xếp hàng hóa","9,238,488","10,319,544",TP Hồ Chí Minh
0100108173,VGC,TỔNG CÔNG TY VIGLACERA - CTCP,Nguyễn Anh Tuấn,"Sản xuất, kinh doanh vật liệu xây dựng","9,433,049","11,194,313",Hà Nội
0300872315,Chưa niêm yết,NGÂN HÀNG TMCP NAM Á,Trần Ngọc Tâm,Ngân hàng,"2,603,945","4,283,189",TP Hồ Chí Minh
5701942544,Chưa niêm yết,CÔNG TY TNHH TẬP ĐOÀN BIM,Đoàn Quốc Huy,Kinh doanh bất động sản,,,Quảng Ninh
1100549268,Chưa niêm yết,CÔNG TY CP SẢN XUẤT THÉP VINA ONE,Huỳnh Nghĩa Thiện,"Sản xuất, gia công kim loại, sắt thép, kim khí…",,,Long An
0301450108,Chưa niêm yết,CÔNG TY CP DAIKIN AIR CONDITIONING (VIETNAM),Lý Thị Phương Trang,"Sản xuất, kinh doanh thiết bị điện",,,TP Hồ Chí Minh
0301049150,Chưa niêm yết,CÔNG TY TNHH THƯƠNG MẠI VÀ DỊCH VỤ PHÁT TIẾN,Hồ Minh Trí,"Sản xuất, kinh doanh ô tô, xe máy, xe có động cơ và phụ kiện",,,TP Hồ Chí Minh
0105402531,Chưa niêm yết,TỔNG CÔNG TY BẢO HIỂM PVI,Phạm Anh Đức,Bảo hiểm,,,Hà Nội
0309966889,MSR,CÔNG TY CP MASAN HIGH-TECH MATERIALS,Craig Richard Bradshaw,Dịch vụ khác,"7,291,181","13,564,290",TP Hồ Chí Minh
1100598716,Chưa niêm yết,CÔNG TY CP THÉP TVP,Ninh Thị Bích Thùy,"Sản xuất, gia công kim loại, sắt thép, kim khí…",,,Long An
0301472704,PAN,CÔNG TY CP TẬP ĐOÀN PAN,Nguyễn Trà My,Hoạt động nông nghiệp khác,"8,329,251","9,248,572",Hà Nội
3600852146,Chưa niêm yết,CÔNG TY CP DỆT RENZE,Zhou Bo Qin,"Sản xuất, kinh doanh sợi, sản phẩm dệt",,,Đồng Nai
0801210129,APH,CÔNG TY CP TẬP ĐOÀN AN PHÁT HOLDINGS,Đinh Xuân Cường,Dịch vụ tài chính khác,"8,484,891","14,793,871",Hải Dương
0301446422,HT1,CÔNG TY CP XI MĂNG VICEM HÀ TIÊN,Lưu Đình Cường,"Sản xuất, kinh doanh vật liệu xây dựng","7,962,629","7,064,342",TP Hồ Chí Minh
0100105616,VCG,TỔNG CÔNG TY CP XUẤT NHẬP KHẨU VÀ XÂY DỰNG VIỆT NAM,Nguyễn Xuân Đông,Xây dựng,"5,551,436","5,749,000",Hà Nội
0302705302,KDC,CÔNG TY CP TẬP ĐOÀN KIDO,Trần Lệ Nguyên,"Sản xuất, chế biến và kinh doanh đường","8,323,616","10,496,864",TP Hồ Chí Minh
0301952517,Chưa niêm yết,CÔNG TY TNHH HÀO HƯNG,Thang Văn Hóa,Hoạt động công nghiệp khác,,,TP Hồ Chí Minh
0105850244,VRE,CÔNG TY CP VINCOM RETAIL,Trần Mai Hoa,Kinh doanh bất động sản,"8,328,918","5,891,141",Hà Nội
3500790168,Chưa niêm yết,CÔNG TY TNHH MTV DỊCH VỤ CƠ KHÍ HÀNG HẢI PTSC,Đồng Xuân Thắng,Công nghiệp đóng tàu và thuyền,,,Bà Rịa - Vũng Tàu
0102516308,Chưa niêm yết,CÔNG TY CP MEDIAMART VIỆT NAM,Lê Quang Vũ,"Bán lẻ điện tử, điện lạnh, viễn thông, công nghệ thông tin",,,Hà Nội
0100514947,Chưa niêm yết,TẬP ĐOÀN GELEXIMCO - CTCP,Vũ Văn Tiền,Kinh doanh bất động sản,,,Hà Nội
3700148737,Chưa niêm yết,CÔNG TY CP ĐẦU TƯ THÁI BÌNH,Nguyễn Đức Thuấn,"Sản xuất, kinh doanh sản phẩm da giầy",,,Bình Dương
0101210878,Chưa niêm yết,CÔNG TY TNHH DENSO VIỆT NAM,Mitsuo Ota,"Sản xuất, kinh doanh ô tô, xe máy, xe có động cơ và phụ kiện",,,Hà Nội
0303165480,DPM,TỔNG CÔNG TY PHÂN BÓN VÀ HÓA CHẤT DẦU KHÍ - CTCP,Lê Cự Tân,"Sản xuất, kinh doanh phân bón, thuốc trừ sâu","7,761,819","12,786,141",TP Hồ Chí Minh
0301412222,Chưa niêm yết,NGÂN HÀNG TMCP AN BÌNH,Lê Hải,Ngân hàng,"2,381,546","3,064,563",TP Hồ Chí Minh
0101376672,BHN,TỔNG CÔNG TY CP BIA - RƯỢU - NƯỚC GIẢI KHÁT HÀ NỘI,Ngô Quế Lâm,"Sản xuất, chế biến và kinh doanh đồ uống có cồn","7,452,592","6,950,539",Hà Nội
0305482862,PSD,CÔNG TY CP DỊCH VỤ PHÂN PHỐI TỔNG HỢP DẦU KHÍ,Vũ Tiến Dương,"Sản xuất, kinh doanh thiết bị điện tử, điện lạnh, công nghệ thông tin, viễn thông…","8,237,757","8,595,396",TP Hồ Chí Minh
0100520429,Chưa niêm yết,CÔNG TY TNHH DỊCH VỤ VÀ THƯƠNG MẠI MESA,Lưu Tuyết Mai,"Sản xuất, kinh doanh đồ dùng gia đình",,,Hà Nội
0303527596,Chưa niêm yết,CÔNG TY CP ĐẦU TƯ XÂY DỰNG RICONS,Trần Quang Quân,Xây dựng,,,TP Hồ Chí Minh
0101992921,Chưa niêm yết,TỔNG CÔNG TY ĐẦU TƯ VÀ KINH DOANH VỐN NHÀ NƯỚC-CÔNG TY TNHH,Nguyễn Chí Thành,Dịch vụ tài chính khác,,,Hà Nội
0309103635,Chưa niêm yết,NGÂN HÀNG TNHH MTV SHINHAN VIỆT NAM,Kang Gew Won,Ngân hàng,,,TP Hồ Chí Minh
2001012298,DCM,CÔNG TY CP PHÂN BÓN DẦU KHÍ CÀ MAU,Văn Tiến Thanh,"Sản xuất, kinh doanh phân bón, thuốc trừ sâu","7,561,275","9,869,763",Cà Mau
1600192619,LTG,CÔNG TY CP TẬP ĐOÀN LỘC TRỜI,Nguyễn Duy Thuận,Hoạt động nông nghiệp khác,"7,505,793","10,224,140",An Giang
0302743192,PVT,TỔNG CÔNG TY CP VẬN TẢI DẦU KHÍ,Nguyễn Duyên Hiếu,Vận tải đường biển,"7,382,694","7,460,234",TP Hồ Chí Minh
3600283394,TID,CÔNG TY CP TỔNG CÔNG TY TÍN NGHĨA,Trần Trung Tuấn,Kinh doanh bất động sản,"7,416,931","7,056,020",Đồng Nai
0304998686,PGD,CÔNG TY CP PHÂN PHỐI KHÍ THẤP ÁP DẦU KHÍ VIỆT NAM,Trần Thanh Nam,Kinh doanh xăng dầu và các sản phẩm liên quan,"7,526,764","8,996,080",TP Hồ Chí Minh
0800373586,AAA,CÔNG TY CP NHỰA AN PHÁT XANH,Đinh Xuân Cường,"Sản xuất, kinh doanh nhựa và sản phẩm từ nhựa","7,428,557","13,143,110",Hải Dương
0106181807,Chưa niêm yết,CÔNG TY CP GIAO HÀNG TIẾT KIỆM,Phạm Hồng Quân,"Bưu chính, chuyển phát",,,Hà Nội
3600239719,Chưa niêm yết,CÔNG TY CP HỮU HẠN VEDAN VIỆT NAM,Yang Kun Hsiang,"Sản xuất, chế biến và kinh doanh thực phẩm khác",,,Đồng Nai
1400112623,VHC,CÔNG TY CP VĨNH HOÀN,Nguyễn Ngô Vi Tâm,"Sản xuất, chế biến và kinh doanh thực phẩm đóng gói, ăn liền, đồ hộp","7,037,180","9,054,249",Đồng Tháp
3700229344,Chưa niêm yết,CÔNG TY TNHH FRIESLANDCAMPINA VIỆT NAM,Berend van Wel,"Sản xuất, chế biến và kinh doanh sữa, sản phẩm từ sữa",,,Bình Dương
0301429113,CC1,TỔNG CÔNG TY XÂY DỰNG SỐ 1 - CTCP,Lê Hữu Việt Đức,Xây dựng,"6,845,439","5,664,069",TP Hồ Chí Minh
0300401524,Chưa niêm yết,TỔNG CÔNG TY CP MAY VIỆT TIẾN,Bùi Văn Tiến,"Sản xuất, kinh doanh trang phục","7,120,959","6,008,314",TP Hồ Chí Minh
0301437499,Chưa niêm yết,CÔNG TY CP HIM LAM,Dương Công Hùng,Kinh doanh bất động sản,,,TP Hồ Chí Minh
0311241512,Chưa niêm yết,CÔNG TY TNHH AEON VIỆT NAM,Yasuo Nishitohge,"Bán lẻ hàng tiêu dùng nhanh trong siêu thị, cửa hàng tiện lợi, chợ truyền thông",,,TP Hồ Chí Minh
4200486169,Chưa niêm yết,TỔNG CÔNG TY KHÁNH VIỆT,Lê Tiến Anh,"Sản xuất, chế biến và kinh doanh thuốc lá",,,Khánh Hòa
2200108445,Chưa niêm yết,CÔNG TY CP THỦY SẢN SÓC TRĂNG,Trần Văn Phẩm,"Sản xuất, chế biến và kinh doanh thực phẩm đóng gói, ăn liền, đồ hộp",,,Sóc Trăng
0302483177,CII,CÔNG TY CP ĐẦU TƯ HẠ TẦNG KỸ THUẬT TP. HỒ CHÍ MINH,Lê Quốc Bình,Xây dựng,"5,374,092","2,860,034",TP Hồ Chí Minh
0303283290,Chưa niêm yết,CÔNG TY TNHH ĐẦU TƯ SẢN XUẤT THƯƠNG MẠI DỊCH VỤ PHAN MINH,Phan Hùng Minh,"Sản xuất, chế biến và kinh doanh gạo, ngũ cốc, sản phẩm nghiền, đồ khô",,,TP Hồ Chí Minh
3700145020,BCM,TỔNG CÔNG TY ĐẦU TƯ VÀ PHÁT TRIỂN CÔNG NGHIỆP - CTCP,Phạm Ngọc Thuận,Kinh doanh bất động sản,"6,504,738","6,989,749",Bình Dương
4300205943,QNS,CÔNG TY CP ĐƯỜNG QUẢNG NGÃI,Võ Thành Đàng,"Sản xuất, chế biến và kinh doanh đường","6,213,489","7,335,294",Quảng Ngãi
2500267703,VGS,CÔNG TY CP ỐNG THÉP VIỆT - ĐỨC VG PIPE,Nguyễn Hữu Thể,"Sản xuất, gia công kim loại, sắt thép, kim khí…","2,506,408","1,688,167",Vĩnh Phúc
0100100745,PC1,CÔNG TY CP TẬP ĐOÀN PC1,Trịnh Văn Tuấn,Hoạt động xây dựng khác,"6,678,601","9,828,463",Hà Nội
0300797153,Chưa niêm yết,CÔNG TY TNHH FURUKAWA AUTOMOTIVE PARTS (VIETNAM),Morishima Takao,"Sản xuất, kinh doanh thiết bị điện",,,TP Hồ Chí Minh
0100114522,Chưa niêm yết,CÔNG TY TNHH KIMBERLY CLARK VIỆT NAM,Kate Good Man,"Sản xuất, kinh doanh giấy và các sản phẩm từ giấy",,,Bình Dương
0100106144,Chưa niêm yết,TỔNG CÔNG TY ĐẦU TƯ PHÁT TRIỂN NHÀ VÀ ĐÔ THỊ (HUD),Nguyễn Đức Hùng,Kinh doanh bất động sản,,,Hà Nội
0100105870,SJG,TỔNG CÔNG TY SÔNG ĐÀ - CTCP,Hồ Văn Dũng,Xây dựng,"883,327","1,559,852",Hà Nội
1700169765,NVB,NGÂN HÀNG TMCP QUỐC DÂN,Phạm Thế Hiệp,Ngân hàng,"1,433,742","1,259,219",Hà Nội
0104753865,CTR,TỔNG CÔNG TY CP CÔNG TRÌNH VIETTEL,Phạm Đình Trường,Hoạt động xây dựng khác,"6,359,187","7,446,888",Hà Nội
0302963695,VAB,NGÂN HÀNG TMCP VIỆT Á,Nguyễn Văn Trọng,Ngân hàng,"1,310,780","1,551,307",Hà Nội
0303141296,IDI,CÔNG TY CP ĐẦU TƯ VÀ PHÁT TRIỂN ĐA QUỐC GIA I.D.I,Lê Văn Chung,"Sản xuất, chế biến và kinh doanh thực phẩm đóng gói, ăn liền, đồ hộp","6,366,756","5,718,848",Đồng Tháp
0312545104,Chưa niêm yết,CÔNG TY TNHH EXPEDITORS VIỆT NAM,Michael Joseph Mooney,Vận tải đường biển,,,TP Hồ Chí Minh
0303490096,Chưa niêm yết,CÔNG TY CP VNG,Lê Hồng Minh,"Dịch vụ vui chơi, giải trí",,,TP Hồ Chí Minh
0302803331,Chưa niêm yết,CÔNG TY CP TETRA PAK VIỆT NAM,Fehmi Nejat Caliskan,"Sản xuất, kinh doanh máy móc, sản phẩm cơ khí khác",,,TP Hồ Chí Minh
0309174756,Chưa niêm yết,CÔNG TY CP KIM LOẠI MÀU VÀ NHỰA ĐỒNG VIỆT,Chinawat Assavapokee,"Sản xuất, gia công kim loại, sắt thép, kim khí…",,,TP Hồ Chí Minh
0100106313,Chưa niêm yết,TỔNG CÔNG TY LẮP MÁY VIỆT NAM-CÔNG TY TNHH MTV,Lê Văn Tuấn,Xây dựng,"6,060,290","3,826,142",Hà Nội
2200269805,VBB,NGÂN HÀNG TMCP VIỆT NAM THƯƠNG TÍN,Nguyễn Hữu Trung,Ngân hàng,"569,759","1,486,208",Sóc Trăng
3600897316,NT2,CÔNG TY CP ĐIỆN LỰC DẦU KHÍ NHƠN TRẠCH 2,Ngô Đức Nhân,"Sản xuất, truyền tải, phân phối điện","6,082,248","6,149,584",Đồng Nai
0105690657,Chưa niêm yết,CÔNG TY TNHH THƯƠNG MẠI VHC (SIÊU THỊ ĐIỆN MÁY HC),Nguyễn Hoàng Hải,"Bán lẻ điện tử, điện lạnh, viễn thông, công nghệ thông tin",,,Hà Nội
3700667933,Chưa niêm yết,CÔNG TY TNHH THỰC PHẨM ORION VINA,Kang Weon Kee,"Sản xuất, chế biến và kinh doanh bánh kẹo",,,Bình Dương
0301129367,Chưa niêm yết,TỔNG CÔNG TY CẤP NƯỚC SÀI GÒN - TNHH MTV,Hồ Văn Lâm,"Cung cấp, kinh doanh nước",,,TP Hồ Chí Minh
0301466073,Chưa niêm yết,CÔNG TY CP ĐẦU TƯ THÀNH THÀNH CÔNG,Huỳnh Bích Ngọc,"Sản xuất, chế biến và kinh doanh đường",,,TP Hồ Chí Minh
0700576529,Chưa niêm yết,CÔNG TY CP XI MĂNG XUÂN THÀNH,Nguyễn Xuân Thủy,"Sản xuất, kinh doanh vật liệu xây dựng",,,Hà Nam
0305268812,Chưa niêm yết,CÔNG TY CP ĐẦU TƯ SÀI GÒN VRG,Trần Mạnh Hùng,Xây dựng,"5,082,583","5,577,559",TP Hồ Chí Minh
0300741143,REE,CÔNG TY CP CƠ ĐIỆN LẠNH,Huỳnh Thanh Hải,Hoạt động xây dựng khác,"5,639,753","5,809,811",TP Hồ Chí Minh
0307979603,CTF,CÔNG TY CP CITY AUTO,Nguyễn Hoàng Minh Tiến,"Sản xuất, kinh doanh ô tô, xe máy, xe có động cơ và phụ kiện","5,644,019","4,508,688",TP Hồ Chí Minh
1700523208,KTC,CÔNG TY CP THƯƠNG MẠI KIÊN GIANG,Phạm Văn Hoàng,Kinh doanh xăng dầu và các sản phẩm liên quan,"5,717,954","5,675,011",Kiên Giang
0500469512,VCS,CÔNG TY CP VICOSTONE,Phạm Anh Tuấn,"Sản xuất, kinh doanh vật liệu xây dựng","5,659,595","7,070,129",Hà Nội
0101463614,PLC,TỔNG CÔNG TY HÓA DẦU PETROLIMEX - CTCP,Lê Quang Tuấn,Kinh doanh xăng dầu và các sản phẩm liên quan,"5,608,435","6,868,374",Hà Nội
0300481551,Chưa niêm yết,TỔNG CÔNG TY CƠ KHÍ GIAO THÔNG VẬN TẢI SÀI GÒN - TNHH MTV,Trần Quốc Toản,"Sản xuất, kinh doanh ô tô, xe máy, xe có động cơ và phụ kiện",,,TP Hồ Chí Minh
0200108811,Chưa niêm yết,CÔNG TY LIÊN DOANH SẢN XUẤT THÉP VINAUSTEEL,Trần Tuấn Anh,"Sản xuất, gia công kim loại, sắt thép, kim khí…",,,Hải Phòng
4100259236,PTB,CÔNG TY CP PHÚ TÀI,Lê Văn Thảo,"Sản xuất, kinh doanh vật liệu xây dựng","5,601,237","6,491,949",Bình Định
0302505776,Chưa niêm yết,CÔNG TY CP ĐẠI TÂN VIỆT,Didier Lachize,"Sản xuất, chế biến và kinh doanh thực phẩm khác",,,TP Hồ Chí Minh
0101436307,Chưa niêm yết,CÔNG TY CP HÓA DẦU QUÂN ĐỘI (MIPEC),Dư Cao Sơn,Kinh doanh xăng dầu và các sản phẩm liên quan,,,Hà Nội
4200485207,Chưa niêm yết,CÔNG TY TNHH THƯƠNG MẠI KHATOCO,Nguyễn Đình Thạch,"Sản xuất, chế biến và kinh doanh thuốc lá",,,Khánh Hòa
0304472276,Chưa niêm yết,CÔNG TY TNHH ĐẦU TƯ XÂY DỰNG UNICONS,Võ Hoàng Lâm,Xây dựng,,,TP Hồ Chí Minh
0100776445,SHI,CÔNG TY CP QUỐC TẾ SƠN HÀ,Lê Hoàng Hà,"Sản xuất, kinh doanh máy móc, sản phẩm cơ khí khác","5,360,118","7,074,613",Hà Nội
0100109385,DVN,TỔNG CÔNG TY DƯỢC VIỆT NAM - CTCP,Đinh Xuân Hấn,"Kinh doanh, phân phối dược phẩm, thiết bị y tế","5,311,210","4,873,577",Hà Nội
0302495126,PVD,TỔNG CÔNG TY CP KHOAN VÀ DỊCH VỤ KHOAN DẦU KHÍ,Nguyễn Xuân Cường,"Thăm dò, khai thác dầu mỏ và hoạt động hỗ trợ","5,228,639","3,995,472",TP Hồ Chí Minh
0302975517,Chưa niêm yết,CÔNG TY CP PHÂN BÓN BÌNH ĐIỀN,Ngô Văn Đông,"Sản xuất, kinh doanh phân bón, thuốc trừ sâu","5,418,393","7,742,796",TP Hồ Chí Minh
0302000126,HAX,CÔNG TY CP DỊCH VỤ Ô TÔ HÀNG XANH,Nguyễn Thị Ngọc Bích,"Sản xuất, kinh doanh ô tô, xe máy, xe có động cơ và phụ kiện","5,569,552","5,551,485",TP Hồ Chí Minh
0303498754,TAC,CÔNG TY CP DẦU THỰC VẬT TƯỜNG AN,Bùi Thanh Tùng,"Sản xuất, chế biến và kinh doanh dầu ăn, mỡ động thực vật","5,338,646","6,347,022",TP Hồ Chí Minh
0300608568,Chưa niêm yết,CÔNG TY TNHH SIAM CITY CEMENT (VIETNAM) (INSEE),Philippe Bernard Richart,"Sản xuất, kinh doanh vật liệu xây dựng",,,TP Hồ Chí Minh
3600335363,SNZ,TỔNG CÔNG TY CP PHÁT TRIỂN KHU CÔNG NGHIỆP,Trần Thanh Hải,Kinh doanh bất động sản,"4,974,919","5,187,424",Đồng Nai
0101395308,Chưa niêm yết,CÔNG TY CP TẬP ĐOÀN ECOPARK,Trần Quốc Việt,Kinh doanh bất động sản,,,Hưng Yên
0301172041,TNA,CÔNG TY CP THƯƠNG MẠI XUẤT NHẬP KHẨU THIÊN NAM,Vương Quang Diệu,"Kinh doanh kim loại, sắt thép, kim khí…","5,231,863","5,446,937",TP Hồ Chí Minh
3700549827,Chưa niêm yết,CÔNG TY TNHH URC VIỆT NAM,Mr.Jean-Pierre “Jai” Gamboa,"Sản xuất, chế biến và kinh doanh bánh kẹo",,,Bình Dương
0100244112,CMG,CÔNG TY CP TẬP ĐOÀN CÔNG NGHỆ CMC,Nguyễn Trung Chính,Hoạt động thông tin khác,"5,181,109","6,290,385",Hà Nội
0301909173,Chưa niêm yết,CÔNG TY CP GIAO NHẬN VÀ VẬN CHUYỂN IN DO TRẦN,Trần Tuấn Anh,Hoạt động khác hỗ trợ cho vận tải,,,TP Hồ Chí Minh
0309069208,Chưa niêm yết,CÔNG TY TNHH MTV HERBALIFE VIỆT NAM,Vũ Văn Thắng,"Sản xuất, chế biến và kinh doanh thực phẩm khác",,,TP Hồ Chí Minh
0300105356,Chưa niêm yết,CÔNG TY CP VIỆT NAM KỸ NGHỆ SÚC SẢN (VISSAN),Nguyễn Ngọc An,"Sản xuất, chế biến và kinh doanh thực phẩm tươi sống, đông lạnh","5,143,547","4,292,766",TP Hồ Chí Minh
0101013887,Chưa niêm yết,CÔNG TY TNHH XUẤT NHẬP KHẨU CÀ PHÊ MINH TIẾN,Nguyễn Thị Hồng Minh,"Sản xuất, chế biến và kinh doanh thực phẩm khác",,,Hà Nội
0306151768,Chưa niêm yết,CÔNG TY CP SẢN XUẤT NHỰA DUY TÂN,Trần Duy Hy,"Sản xuất, kinh doanh nhựa và sản phẩm từ nhựa",,,TP Hồ Chí Minh
0303738780,Chưa niêm yết,CÔNG TY CP TẬP ĐOÀN KIM TÍN,Nguyễn Tiến Hải,Hoạt động công nghiệp khác,,,TP Hồ Chí Minh
5400363141,Chưa niêm yết,CÔNG TY CP THÉP VÀ THƯƠNG MẠI HÀ NỘI,Đào Quang Tiến,"Kinh doanh kim loại, sắt thép, kim khí…",,,Hòa Bình
0305097236,PGS,CÔNG TY CP KINH DOANH KHÍ MIỀN NAM,Nguyễn Ngọc Luận,Kinh doanh xăng dầu và các sản phẩm liên quan,"4,800,561","5,614,656",TP Hồ Chí Minh
0301232798,Chưa niêm yết,NGÂN HÀNG TNHH MTV HSBC (VIỆT NAM),Sumit Dutta,Ngân hàng,,,TP Hồ Chí Minh
0314476689,Chưa niêm yết,CÔNG TY CP XÂY DỰNG CENTRAL,Trần Quang Tuấn,Xây dựng,,,TP Hồ Chí Minh
0305707643,Chưa niêm yết,CÔNG TY CP GIAO NHẬN TOÀN CẦU DHL (VIỆT NAM),Clément Marie Blanc,Hoạt động khác hỗ trợ cho vận tải,,,TP Hồ Chí Minh
0100283802,HDG,CÔNG TY CP TẬP ĐOÀN HÀ ĐÔ,Nguyễn Trọng Thông,Kinh doanh bất động sản,"4,998,578","3,777,436",Hà Nội
0106025519,Chưa niêm yết,CÔNG TY CP XUẤT NHẬP KHẨU NHẤT THÀNH,Nguyễn Thọ Anh,"Sản xuất, chế biến và kinh doanh gạo, ngũ cốc, sản phẩm nghiền, đồ khô",,,Hà Nội
0100512717,Chưa niêm yết,CÔNG TY TNHH TẬP ĐOÀN XÂY DỰNG DELTA,Trần Thành Vinh,Xây dựng,,,Hà Nội
1100102656,Chưa niêm yết,CÔNG TY TNHH LE LONG VIỆT NAM,Lee Jui Chun,"Sản xuất, kinh doanh thiết bị điện",,,Long An
0101526991,RAL,CÔNG TY CP BÓNG ĐÈN PHÍCH NƯỚC RẠNG ĐÔNG,Nguyễn Đoàn Thăng,"Sản xuất, kinh doanh thiết bị điện","4,922,447","5,709,068",Hà Nội
4300321643,Chưa niêm yết,CÔNG TY CP NÔNG SẢN THỰC PHẨM QUẢNG NGÃI,Võ Văn Danh,"Sản xuất, chế biến và kinh doanh gạo, ngũ cốc, sản phẩm nghiền, đồ khô","4,963,112","5,445,043",Quảng Ngãi
3600236891,Chưa niêm yết,CÔNG TY TÔN PHƯƠNG NAM,Lê Việt,"Sản xuất, kinh doanh máy móc, sản phẩm cơ khí khác",,,Đồng Nai
0100774631,PTI,TỔNG CÔNG TY CP BẢO HIỂM BƯU ĐIỆN,Bùi Xuân Thu,Bảo hiểm,"4,734,129","4,963,702",Hà Nội
0100100015,MVB,TỔNG CÔNG TY CÔNG NGHIỆP MỎ VIỆT BẮC TKV - CTCP,Bùi Trần Đông,"Khai thác, kinh doanh than và hoạt động hỗ trợ","4,861,159","4,926,878",Hà Nội
3700594361,Chưa niêm yết,CÔNG TY CP THƯƠNG MẠI THÀNH THÀNH CÔNG,Phan Vũ Hùng,"Sản xuất, chế biến và kinh doanh đường",,,Bình Dương
0104128565,Chưa niêm yết,CÔNG TY TNHH HỆ THỐNG THÔNG TIN FPT (FPT IS),Nguyễn Hoàng Minh,Hoạt động thông tin khác,,,Hà Nội
0300419930,CSM,CÔNG TY CP CÔNG NGHIỆP CAO SU MIỀN NAM,Phạm Hồng Phú,"Sản xuất, kinh doanh cao su và sản phẩm từ cao su","4,692,034","4,839,508",TP Hồ Chí Minh
0301932246,Chưa niêm yết,CÔNG TY CP CƠ KHÍ XÂY DỰNG THƯƠNG MẠI ĐẠI DŨNG,Trịnh Tiến Dũng,Dịch vụ khác,,,TP Hồ Chí Minh
0301464823,BMP,CÔNG TY CP NHỰA BÌNH MINH,Nguyễn Hoàng Ngân,"Sản xuất, kinh doanh nhựa và sản phẩm từ nhựa","4,685,640","4,552,757",TP Hồ Chí Minh
4600201989,Chưa niêm yết,CÔNG TY TNHH TRUNG THÀNH THÁI NGUYÊN,Nguyễn Văn Tốt,Bán lẻ khác,,,Thái Nguyên
0303845969,Chưa niêm yết,CÔNG TY TNHH BẢO HIỂM NHÂN THỌ CHUBB VIỆT NAM,Nguyễn Hồng Sơn,Bảo hiểm,,,TP Hồ Chí Minh
0304324655,Chưa niêm yết,TẬP ĐOÀN TRUNG NGUYÊN LEGEND,Đặng Lê Nguyên Vũ,"Sản xuất, chế biến và kinh doanh đồ uống không cồn",,,TP Hồ Chí Minh
0302177966,IDC,TỔNG CÔNG TY IDICO - CTCP,Đặng Chính Trung,Xây dựng,"4,541,856","4,301,236",TP Hồ Chí Minh
0800004797,Chưa niêm yết,CÔNG TY TNHH MTV XI MĂNG VICEM HOÀNG THẠCH,Lê Xuân Khôi,"Sản xuất, kinh doanh vật liệu xây dựng",,,Hải Dương
0315767095,Chưa niêm yết,CÔNG TY CP CÁP ĐIỆN THỊNH PHÁT,Kosit Pugasab,"Sản xuất, kinh doanh thiết bị điện",,,TP Hồ Chí Minh
0200117929,TCH,CÔNG TY CP ĐẦU TƯ DỊCH VỤ TÀI CHÍNH HOÀNG HUY,Trần Thị Hoàng Hà,"Sản xuất, kinh doanh ô tô, xe máy, xe có động cơ và phụ kiện","4,419,421","2,755,985",Hải Phòng
0303103212,Chưa niêm yết,CÔNG TY CP ĐẦU TƯ XÂY DỰNG NEWTECONS,Trần Kim Long,Xây dựng,,,TP Hồ Chí Minh
3700599641,Chưa niêm yết,CÔNG TY CP MONDELEZ KINH ĐÔ VIỆT NAM,Hemant Kumar Rupani,"Sản xuất, chế biến và kinh doanh bánh kẹo",,,TP Hồ Chí Minh
3600456424,Chưa niêm yết,CÔNG TY TNHH GROBEST INDUSTRIAL (VIỆT NAM),Shen Yen Ling,"Sản xuất, kinh doanh thức ăn chăn nuôi",,,Đồng Nai
0200167782,NTP,CÔNG TY CP NHỰA THIẾU NIÊN TIỀN PHONG,Chu Văn Phương,"Sản xuất, kinh doanh nhựa và sản phẩm từ nhựa","4,486,111","4,823,525",Hải Phòng
0302588596,KDH,CÔNG TY CP ĐẦU TƯ VÀ KINH DOANH NHÀ KHANG ĐIỀN,Vương Văn Minh,Kinh doanh bất động sản,"4,532,069","3,738,368",TP Hồ Chí Minh
0301378892,BVB,NGÂN HÀNG TMCP BẢN VIỆT,Ngô Quang Trung,Ngân hàng,"4,488,432","4,789,511",TP Hồ Chí Minh
0102721191,Chưa niêm yết,CÔNG TY CP THƯƠNG MẠI DỊCH VỤ CỔNG VÀNG,Đào Thế Vinh,Ẩm thực,,,Hà Nội
0100103866,Chưa niêm yết,TỔNG CÔNG TY MÁY ĐỘNG LỰC VÀ MÁY NÔNG NGHIỆP VIỆT NAM - CTCP,Trần Ngọc Hà,"Sản xuất, kinh doanh máy móc, sản phẩm cơ khí khác","3,666,912","4,019,247",Hà Nội
0102314245,Chưa niêm yết,CÔNG TY TNHH THƯƠNG MẠI CARLSBERG VIỆT NAM,Nathaniel Meredith Moxom,"Sản xuất, chế biến và kinh doanh đồ uống có cồn",,,Thừa Thiên Huế
3600618918,Chưa niêm yết,CÔNG TY CP DINH DƯỠNG NÔNG NGHIỆP QUỐC TẾ,Phạm Trung Lâm,"Sản xuất, kinh doanh thức ăn chăn nuôi",,,Đồng Nai
4200601069,KHP,CÔNG TY CP ĐIỆN LỰC KHÁNH HÒA,Nguyễn Cao Ký,"Sản xuất, truyền tải, phân phối điện","4,572,888","4,361,399",Khánh Hòa
0305371707,HTN,CÔNG TY CP HƯNG THỊNH INCONS,Trần Tiến Thanh,Xây dựng,"4,552,205","6,163,724",TP Hồ Chí Minh
0301955155,SSI,CÔNG TY CP CHỨNG KHOÁN SSI,Nguyễn Hồng Nam,Chứng khoán,"2,007,560","1,629,086",TP Hồ Chí Minh
0308113486,Chưa niêm yết,CÔNG TY CP Á ĐÔNG ADG,Hồ Hoàng Bảo Vinh,"Sản xuất, kinh doanh nhựa và sản phẩm từ nhựa",,,TP Hồ Chí Minh
1800156801,DHG,CÔNG TY CP DƯỢC HẬU GIANG,Đoàn Đình Duy Khương,"Sản xuất dược phẩm, thiết bị y tế","3,755,619","4,003,170",Cần Thơ
0300713668,Chưa niêm yết,TỔNG CÔNG TY CÔNG NGHIỆP SÀI GÒN - TNHH MTV,Nguyễn Phương Đông,"Sản xuất, chế biến và kinh doanh thuốc lá",,,TP Hồ Chí Minh
0304990133,Chưa niêm yết,CÔNG TY TÀI CHÍNH TNHH HD SAISON,Nguyễn Hữu Nhân,Dịch vụ tài chính khác,,,TP Hồ Chí Minh
4600305723,TNG,CÔNG TY CP ĐẦU TƯ VÀ THƯƠNG MẠI TNG,Nguyễn Văn Thời,"Sản xuất, kinh doanh trang phục","4,480,200","5,443,607",Thái Nguyên
2200208753,FMC,CÔNG TY CP THỰC PHẨM SAO TA,Phạm Hoàng Việt,"Sản xuất, chế biến và kinh doanh thực phẩm đóng gói, ăn liền, đồ hộp","4,415,217","5,199,105",Sóc Trăng
0303482440,Chưa niêm yết,CÔNG TY CP GIAO NHẬN VẬN TẢI CON ONG,Đinh Hữu Thạnh,Hoạt động khác hỗ trợ cho vận tải,,,TP Hồ Chí Minh
0100892628,Chưa niêm yết,CÔNG TY CP DÂY VÀ CÁP ĐIỆN THƯỢNG ĐÌNH,Phạm Lương Hòa,"Sản xuất, kinh doanh thiết bị điện",,,Hà Nội
0301387752,Chưa niêm yết,CÔNG TY TNHH THƯƠNG MẠI - DỊCH VỤ TÂN HIỆP PHÁT,Trần Quý Thanh,"Sản xuất, chế biến và kinh doanh đồ uống không cồn",,,Bình Dương
4600451322,TTS,CÔNG TY CP CÁN THÉP THÁI TRUNG,Trần Tuấn,"Sản xuất, gia công kim loại, sắt thép, kim khí…","4,311,771","6,066,999",Thái Nguyên
0101225306,Chưa niêm yết,CÔNG TY TNHH TOTO VIỆT NAM,Yamasaki Masao,"Sản xuất, kinh doanh vật liệu xây dựng",,,Hà Nội
0900841823,Chưa niêm yết,CÔNG TY CP TẬP ĐOÀN MAVIN,Đào Mạnh Lương,"Sản xuất, kinh doanh thức ăn chăn nuôi",,,Hà Nội
3600248368,Chưa niêm yết,CÔNG TY TNHH NHỰA VÀ HÓA CHẤT TPC VINA,Piyapong Jriasetapong,"Sản xuất, kinh doanh nhựa và sản phẩm từ nhựa",,,Đồng Nai
1800157562,Chưa niêm yết,CÔNG TY TNHH NHÀ NƯỚC MTV XỔ SỐ KIẾN THIẾT CẦN THƠ,Đỗ Thanh Bình,"Dịch vụ vui chơi, giải trí",,,Cần Thơ
2000110221,CMV,CÔNG TY CP THƯƠNG NGHIỆP CÀ MAU,Nguyễn Thị Việt Ánh,"Bán lẻ hàng tiêu dùng nhanh trong siêu thị, cửa hàng tiện lợi, chợ truyền thông","4,222,075","3,861,507",Cà Mau
0100736347,Chưa niêm yết,CÔNG TY TNHH XUÂN LỘC THỌ,Trần Thị Thu Hà,"Sản xuất, kinh doanh thiết bị điện",,,Hà Nội
0104961939,Chưa niêm yết,CÔNG TY CP TẬP ĐOÀN PHƯỢNG HOÀNG XANH A&A,Hồ Xuân Năng,"Sản xuất, kinh doanh vật liệu xây dựng",,,Hà Nội
1700197787,KLB,NGÂN HÀNG TMCP KIÊN LONG,Trần Ngọc Minh,Ngân hàng,"952,429","1,930,960",Kiên Giang
0300516772,Chưa niêm yết,CÔNG TY TNHH MTV TỔNG CÔNG TY 28,Đỗ Tuấn Anh,"Sản xuất, kinh doanh sợi, sản phẩm dệt",,,TP Hồ Chí Minh
0102055583,Chưa niêm yết,CÔNG TY CP TẬP ĐOÀN IPC,Phí Phong Hà,"Kinh doanh kim loại, sắt thép, kim khí…",,,Hà Nội
0305410561,Chưa niêm yết,CÔNG TY CP TẬP ĐOÀN HƯNG THỊNH,Nguyễn Đình Trung,Kinh doanh bất động sản,,,TP Hồ Chí Minh
3600512830,TLH,CÔNG TY CP TẬP ĐOÀN THÉP TIẾN LÊN,Phạm Thị Hồng,"Kinh doanh kim loại, sắt thép, kim khí…","4,084,531","4,644,781",Đồng Nai
0900222647,VIS,CÔNG TY CP THÉP VIỆT Ý,Nguyễn Thanh Hà,"Sản xuất, gia công kim loại, sắt thép, kim khí…","4,113,552","5,860,376",Hưng Yên
5200466372,HII,CÔNG TY CP AN TIẾN INDUSTRIES,Đặng Thị Quỳnh Phương,Hoạt động công nghiệp khác,"4,082,730","8,265,252",Yên Bái
0300398889,MNB,TỔNG CÔNG TY MAY NHÀ BÈ - CTCP,Phạm Phú Cường,"Sản xuất, kinh doanh trang phục","4,021,389","3,081,071",TP Hồ Chí Minh
0302217087,Chưa niêm yết,CÔNG TY CP ĐẦU TƯ PHAN VŨ,Phan Khắc Long,"Sản xuất, kinh doanh vật liệu xây dựng",,,TP Hồ Chí Minh
0900254448,Chưa niêm yết,CÔNG TY CP ABC VIỆT NAM,Nguyễn Thị Dịu,"Sản xuất, kinh doanh thức ăn chăn nuôi",,,Hưng Yên
0900273306,Chưa niêm yết,CÔNG TY TNHH KẾT CẤU THÉP 568,Phạm Ngọc Lan,"Kinh doanh kim loại, sắt thép, kim khí…",,,Hưng Yên
0300446973,BMI,TỔNG CÔNG TY CP BẢO MINH,Vũ Anh Tuấn,Bảo hiểm,"3,791,577","3,768,684",TP Hồ Chí Minh
0305601319,Chưa niêm yết,CÔNG TY CP THUẬN HẢI,Dương Thanh Hải,"Khai thác, kinh doanh than và hoạt động hỗ trợ",,,TP Hồ Chí Minh
2200208834,Chưa niêm yết,CÔNG TY TNHH THƯƠNG MẠI VÀ DỊCH VỤ THÀNH TÍN,Trần Thanh Nga,"Sản xuất, chế biến và kinh doanh gạo, ngũ cốc, sản phẩm nghiền, đồ khô",,,Sóc Trăng
0103617147,Chưa niêm yết,NGÂN HÀNG TNHH MTV STANDARD CHARTERED (VIỆT NAM),Louis Taylor,Ngân hàng,,,Hà Nội
0305774706,Chưa niêm yết,CÔNG TY TNHH BẢO HIỂM HANWHA LIFE VIỆT NAM,Hwang Jun Hwan,Bảo hiểm,,,TP Hồ Chí Minh
0303493756,PDR,CÔNG TY CP PHÁT TRIỂN BẤT ĐỘNG SẢN PHÁT ĐẠT,Bùi Quang Anh Vũ,Kinh doanh bất động sản,"3,911,212",,TP Hồ Chí Minh
0104979904,Chưa niêm yết,CÔNG TY CP CHỨNG KHOÁN VPS,Nguyễn Lâm Dũng,Chứng khoán,,,Hà Nội
0300604002,Chưa niêm yết,CÔNG TY TNHH PHÁT TRIỂN PHÚ MỸ HƯNG,Tseng Fan Chih,Kinh doanh bất động sản,,,TP Hồ Chí Minh
0600333307,MSH,CÔNG TY CP MAY SÔNG HỒNG,Bùi Đức Thịnh,"Sản xuất, kinh doanh trang phục","3,813,409","4,747,623",Nam Định
3700748131,ACG,CÔNG TY CP GỖ AN CƯỜNG,Lê Đức Nghĩa,"Sản xuất, kinh doanh gỗ, sản phẩm từ gỗ và nội thất","3,781,469","3,312,950",Bình Dương
0300733752,Chưa niêm yết,NGÂN HÀNG TNHH INDOVINA,Liu Chun Hao,Ngân hàng,,,TP Hồ Chí Minh
0302310209,LCG,CÔNG TY CP LIZEN,Tăng Quốc Thuộc,Xây dựng,"3,536,255","1,802,654",TP Hồ Chí Minh
0302401061,Chưa niêm yết,CÔNG TY CP PHÚC SINH,Phan MinhThông,"Sản xuất, chế biến và kinh doanh đồ uống không cồn",,,TP Hồ Chí Minh
0101976905,Chưa niêm yết,CÔNG TY CP TẬP ĐOÀN SUNHOUSE,Nguyễn Xuân Phú,"Sản xuất, kinh doanh đồ dùng gia đình",,,Hà Nội
0102287094,SHN,CÔNG TY CP ĐẦU TƯ TỔNG HỢP HÀ NỘI,Nguyễn Đại Hải,Kinh doanh bất động sản,"3,657,493","3,745,725",Hà Nội
3700149709,Chưa niêm yết,CÔNG TY TNHH THỨC ĂN GIA SÚC LÁI THIÊU,Nguyễn Thị Kim Anh,"Sản xuất, kinh doanh thức ăn chăn nuôi",,,Bình Dương
2500213190,Chưa niêm yết,CÔNG TY TNHH CÔNG NGHIỆP CHÍNH XÁC VIỆT NAM 1,Chao Wen Hsiang,"Sản xuất, kinh doanh ô tô, xe máy, xe có động cơ và phụ kiện",,,Vĩnh Phúc
3700150020,Chưa niêm yết,CÔNG TY CP THỰC PHẨM Á CHÂU,Nguyễn Mạnh Hà,"Sản xuất, chế biến và kinh doanh thực phẩm đóng gói, ăn liền, đồ hộp",,,Bình Dương
5900424466,Chưa niêm yết,CÔNG TY TNHH LOUIS DREYFUS COMMODITIES VIỆT NAM,Eric Gerard Leleu,"Sản xuất, chế biến và kinh doanh thực phẩm tươi sống, đông lạnh",,,Gia Lai
0105837941,Chưa niêm yết,CÔNG TY CP CÔNG NGHỆ VÀ DỊCH VỤ IMEDIA,Phạm Ngọc Tú,Viễn thông,,,Hà Nội
0107009894,Chưa niêm yết,CÔNG TY CP CASPER VIỆT NAM,Nguyễn Viết Chung,"Sản xuất, kinh doanh thiết bị điện",,,Hà Nội
0106873188,Chưa niêm yết,TỔNG CÔNG TY TRUYỀN THÔNG (VNPT-MEDIA),Dương Thành Long,Viễn thông,,,Hà Nội
5700103433,Chưa niêm yết,CÔNG TY TNHH TẬP ĐOÀN BIM - BIM GROUP,Đoàn Quốc Huy,Kinh doanh bất động sản,,,Quảng Ninh
2500578360,Chưa niêm yết,CÔNG TY CP TẬP ĐOÀN VITTO,Nguyễn Xuân Quang,"Sản xuất, kinh doanh vật liệu xây dựng",,,Vĩnh Phúc
0107520795,Chưa niêm yết,CÔNG TY TNHH BẢO HIỂM NHÂN THỌ MB AGEAS,Vũ Hồng Phú,Bảo hiểm,,,Hà Nội
0102713659,Chưa niêm yết,CÔNG TY CP THANH TOÁN ĐIỆN TỬ VNPT,Kim Je Hee,Hoạt động thông tin khác,,,Hà Nội
6000234538,Chưa niêm yết,CÔNG TY TNHH MTV XUẤT NHẬP KHẨU 2/9 ĐẮK LẮK,Lê Tiến Hùng,"Sản xuất, chế biến và kinh doanh đồ uống không cồn",,,Đắk Lắk
3603262480,Chưa niêm yết,CÔNG TY CP THƯƠNG MẠI DỊCH VỤ DẦU KHÍ HẢI PHÁT,Phạm Thị Thu Tâm,Kinh doanh xăng dầu và các sản phẩm liên quan,,,Đồng Nai
0200373471,Chưa niêm yết,CÔNG TY SẢN XUẤT THÉP ÚC SSE,Lâm Văn Hùng,"Sản xuất, gia công kim loại, sắt thép, kim khí…",,,Hải Phòng
1900135322,Chưa niêm yết,CÔNG TY TNHH MTV XỔ SỐ KIẾN THIẾT BẠC LIÊU,Nguyễn Ngọc Thuý,"Dịch vụ vui chơi, giải trí",,,Bạc Liêu
0900237146,Chưa niêm yết,CÔNG TY TNHH SẢN XUẤT VÀ THƯƠNG MẠI MINH NGỌC,Đồng Tuấn Vũ,"Sản xuất, kinh doanh máy móc, sản phẩm cơ khí khác",,,Hưng Yên
0315744468,Chưa niêm yết,CÔNG TY CP DATVIET VAC GROUP HOLDINGS,Đinh Bá Thành,Quảng cáo và nghiên cứu thị trường,,,TP Hồ Chí Minh
0302181666,GIL,CÔNG TY CP SẢN XUẤT KINH DOANH XUẤT NHẬP KHẨU BÌNH THẠNH,Nguyễn Gia Vinh,Hoạt động công nghiệp khác,"3,456,745","4,150,320",TP Hồ Chí Minh
3600662561,DNP,CÔNG TY CP NHỰA ĐỒNG NAI,Nguyễn Văn Hiếu,"Sản xuất, kinh doanh nhựa và sản phẩm từ nhựa","3,295,389","6,315,326",Đồng Nai
1400683063,Chưa niêm yết,CÔNG TY TNHH THƯƠNG MẠI-DỊCH VỤ-XUẤT NHẬP KHẨU TƯỜNG NGUYÊN,Lê Thị Hoa,"Sản xuất, kinh doanh phân bón, thuốc trừ sâu",,,Đồng Tháp
0100101308,M10,TỔNG CÔNG TY MAY 10 - CTCP,Thân Đức Việt,"Sản xuất, kinh doanh trang phục","3,447,303","3,467,349",Hà Nội
0300405462,PAC,CÔNG TY CP PIN ẮC QUY MIỀN NAM,Trần Thanh Văn,"Sản xuất, kinh doanh thiết bị điện","965,945","907,737",TP Hồ Chí Minh
1800241743,Chưa niêm yết,CÔNG TY CP GENTRACO,Nguyễn Trung Kiên,"Sản xuất, chế biến và kinh doanh gạo, ngũ cốc, sản phẩm nghiền, đồ khô",,,Cần Thơ
0303885305,NBB,CÔNG TY CP ĐẦU TƯ NĂM BẢY BẢY,Lưu Hải Ca,Kinh doanh bất động sản,"3,500,670","565,232",TP Hồ Chí Minh
0301446221,TCM,CÔNG TY CP DỆT MAY - ĐẦU TƯ - THƯƠNG MẠI THÀNH CÔNG,JUNG SUNG KWAN,"Sản xuất, kinh doanh trang phục","3,469,717","3,535,416",TP Hồ Chí Minh
2200108572,Chưa niêm yết,CÔNG TY TNHH MTV XỔ SỐ KIẾN THIẾT SÓC TRĂNG,Lê Văn Khanh,"Dịch vụ vui chơi, giải trí",,,Sóc Trăng
3500818790,Chưa niêm yết,"CÔNG TY CP DỊCH VỤ LẮP ĐẶT, VẬN HÀNH VÀ BẢO DƯỠNG CÔNG TRÌNH DẦU KHÍ BIỂN PTSC",Dương Hùng Văn,Dịch vụ khác,"3,402,137","2,094,113",Bà Rịa - Vũng Tàu
0302660700,Chưa niêm yết,CÔNG TY CP DỊCH VỤ & KỸ THUẬT CƠ ĐIỆN LẠNH R.E.E,Phạm Công Pháp,Hoạt động xây dựng khác,,,TP Hồ Chí Minh
0301874259,TMS,CÔNG TY CP TRANSIMEX,Lê Duy Hiệp,Hoạt động khác hỗ trợ cho vận tải,"3,418,341","6,381,266",TP Hồ Chí Minh
0100109699,Chưa niêm yết,CÔNG TY CP DƯỢC PHẨM THIẾT BỊ Y TẾ HÀ NỘI,Đinh Văn Đông,"Kinh doanh, phân phối dược phẩm, thiết bị y tế",,,Hà Nội
0101325854,Chưa niêm yết,CÔNG TY TNHH THƯƠNG MẠI XUẤT NHẬP KHẨU VIỆT HÀN,Phạm Thị Yến,"Sản xuất, kinh doanh thiết bị điện",,,Hà Nội
0700253609,Chưa niêm yết,CÔNG TY CP NHỰA CHÂU ÂU,Hoàng Quốc Huy,"Sản xuất, kinh doanh nhựa và sản phẩm từ nhựa",,,Hà Nam
0300420157,TV2,CÔNG TY CP TƯ VẤN XÂY DỰNG ĐIỆN 2,Nguyễn Chơn Hùng,Dịch vụ khác,"3,346,395","3,629,141",TP Hồ Chí Minh
0301447257,Chưa niêm yết,CÔNG TY CỔ PHẦN TẬP ĐOÀN NOVA CONSUMER,Tôn Thất Đề,Nông nghiệp,,,TP Hồ Chí Minh
0304132047,FHS,CÔNG TY CP PHÁT HÀNH SÁCH TP. HỒ CHÍ MINH - FAHASA,Phạm Minh Thuận,"Bán lẻ sách, báo, tạp chí, văn phòng phẩm","3,281,417","2,748,785",TP Hồ Chí Minh
5700101210,Chưa niêm yết,CÔNG TY TNHH SẢN XUẤT BỘT MỲ VIMAFLOUR,Lim Pang Boon,"Sản xuất, chế biến và kinh doanh gạo, ngũ cốc, sản phẩm nghiền, đồ khô",,,Quảng Ninh
2700631318,Chưa niêm yết,CÔNG TY TNHH THÉP KYOEI VIỆT NAM,Fukunishi Hidekazu,"Sản xuất, gia công kim loại, sắt thép, kim khí…",,,Ninh Bình
3502380495,Chưa niêm yết,CÔNG TY CP LEC GROUP,Trần Đức Tuân,Hoạt động khác hỗ trợ cho vận tải,,,Bà Rịa - Vũng Tàu
4200236666,Chưa niêm yết,CÔNG TY CP MASCOPEX,Ngô Xuân Nam,"Sản xuất, chế biến và kinh doanh thực phẩm tươi sống, đông lạnh",,,Khánh Hòa
0100953567,Chưa niêm yết,CÔNG TY CP THƯƠNG MẠI HIỆP HƯƠNG,Trương Công Hiệp,"Khai thác, chế biến, kinh doanh quặng kim loại và hoạt động hỗ trợ",,,Hà Nội
0102935813,Chưa niêm yết,CÔNG TY CP CHỨNG KHOÁN KỸ THƯƠNG,Nguyễn Thị Thu Hiền,Chứng khoán,,,Hà Nội
5000230718,Chưa niêm yết,CÔNG TY TNHH GANG THÉP TUYÊN QUANG,"Zhang, Qun (Trương Quần)","Sản xuất, gia công kim loại, sắt thép, kim khí…",,,Tuyên Quang
0400101556,Chưa niêm yết,TỔNG CÔNG TY CP DỆT MAY HOÀ THỌ,Nguyễn Đức Trị,"Sản xuất, kinh doanh trang phục","3,256,264","3,863,510",Đà Nẵng
5700100707,MTS,CÔNG TY CP VẬT TƯ - TKV,Tạ Quang Tuấn,"Sản xuất, kinh doanh máy móc, sản phẩm cơ khí khác","3,223,222","3,948,690",Quảng Ninh
1800506679,Chưa niêm yết,CÔNG TY CP VẬT TƯ HẬU GIANG,Lê Hoàng Nam,"Sản xuất, kinh doanh vật liệu xây dựng","3,218,928","3,087,570",Cần Thơ
0302853607,Chưa niêm yết,CÔNG TY TNHH THƯƠNG MẠI VÀ SẢN XUẤT TƯỜNG VIỆT,Dương Tấn Trước,"Sản xuất, kinh doanh thiết bị điện",,,TP Hồ Chí Minh
0101502599,FCN,CÔNG TY CP FECON,Nguyễn Văn Thanh,Hoạt động xây dựng khác,"3,154,194","3,484,219",Hà Nội
0303853575,Chưa niêm yết,CÔNG TY CP CÔNG NGHỆ ELITE,Trần Hoài Phương Chi,Hoạt động thông tin khác,,,TP Hồ Chí Minh
3500101107,DIG,TỔNG CÔNG TY CP ĐẦU TƯ PHÁT TRIỂN XÂY DỰNG,Ông Hoàng Văn Tăng,Kinh doanh bất động sản,"2,487,174","2,568,689",Bà Rịa - Vũng Tàu
0300533471,Chưa niêm yết,CÔNG TY TNHH MTV TỔNG CÔNG TY THÁI SƠN,Phạm Gặp,Kinh doanh bất động sản,,,TP Hồ Chí Minh
4200338918,Chưa niêm yết,CÔNG TY TNHH NHÀ NƯỚC MTV YẾN SÀO KHÁNH HÒA,Nguyễn Anh Hùng,"Sản xuất, chế biến và kinh doanh thực phẩm khác",,,Khánh Hòa
3100261120,Chưa niêm yết,CÔNG TY TNHH THƯƠNG MẠI TỔNG HỢP TUẤN VIỆT,Lê Thị Nữ,"Sản xuất, chế biến và kinh doanh đường",,,Quảng Bình
6000746180,Chưa niêm yết,CÔNG TY CP THÉP ASEAN,Hồ Văn Phương,"Sản xuất, gia công kim loại, sắt thép, kim khí…",,,Đắk Lắk
0301442989,Chưa niêm yết,CÔNG TY CP UNIBEN,Vũ Tiến Dũng,"Sản xuất, chế biến và kinh doanh thực phẩm đóng gói, ăn liền, đồ hộp",,,TP Hồ Chí Minh
3700145694,BWE,CÔNG TY CP NƯỚC - MÔI TRƯỜNG BÌNH DƯƠNG,Trần Chiến Công,Hoạt động xây dựng khác,"3,025,337","3,118,867",Bình Dương
0303549039,Chưa niêm yết,CÔNG TY TNHH PHÂN PHỐI TIÊN TIẾN,Trương Quốc Chí,"Sản xuất, kinh doanh đồ dùng gia đình",,,TP Hồ Chí Minh
1400105785,Chưa niêm yết,CÔNG TY TNHH PHÁT TÀI,Lê Phát Long,"Sản xuất, chế biến và kinh doanh gạo, ngũ cốc, sản phẩm nghiền, đồ khô",,,Đồng Tháp
0303104343,DXG,CÔNG TY CP TẬP ĐOÀN ĐẤT XANH,Bùi Ngọc Đức,Kinh doanh bất động sản,"2,890,654","10,089,385",TP Hồ Chí Minh
0400101588,Chưa niêm yết,CÔNG TY TNHH MTV THỰC PHẨM VÀ ĐẦU TƯ FOCOCEV,Đào Quý Chung,"Sản xuất, chế biến và kinh doanh gạo, ngũ cốc, sản phẩm nghiền, đồ khô",,,TP Hồ Chí Minh
0305458683,Chưa niêm yết,CÔNG TY CP DỊCH VỤ TRỰC TUYẾN CỘNG ĐỒNG VIỆT,Ngô Trung Lĩnh,Ngân hàng,,,TP Hồ Chí Minh
0105202998,THD,CÔNG TY CP THAIHOLDINGS,Nguyễn Văn Dũng,"Thăm dò, khai thác dầu mỏ và hoạt động hỗ trợ","1,820,617","8,242,532",Hà Nội
1701884951,Chưa niêm yết,CÔNG TY CP TẬP ĐOÀN ĐỨC TƯỜNG,Nguyễn Đức Tường,"Sản xuất, kinh doanh thiết bị điện",,,Kiên Giang
0300482393,TCD,CÔNG TY CP ĐẦU TƯ PHÁT TRIỂN CÔNG NGHIỆP VÀ VẬN TẢI,Bùi Thiện Phương Đông,Xây dựng,"2,852,633","3,111,846",TP Hồ Chí Minh
0301438936,NLG,CÔNG TY CP ĐẦU TƯ NAM LONG,Trần Xuân Ngọc,Kinh doanh bất động sản,"2,216,719","5,205,519",TP Hồ Chí Minh
1100641143,Chưa niêm yết,CÔNG TY CP KẾT CẤU THÉP ATAD,Nguyễn Lê Anh Tuấn,Xây dựng,,,TP Hồ Chí Minh
3600233805,Chưa niêm yết,CÔNG TY TNHH DINH DƯỠNG Á CHÂU (VN),Su Meng Chih,"Sản xuất, kinh doanh thức ăn chăn nuôi",,,Đồng Nai
0100110768,PGI,TỔNG CÔNG TY CP BẢO HIỂM PETROLIMEX,Đào Nam Hải,Bảo hiểm,"2,920,924","3,037,019",Hà Nội
0301444263,LIX,CÔNG TY CP BỘT GIẶT LIX,Lâm Văn Kiệt,"Sản xuất, kinh doanh hóa mỹ phẩm","2,902,193","2,613,003",TP Hồ Chí Minh
0700220547,Chưa niêm yết,CÔNG TY CP DINH DƯỠNG HỒNG HÀ,Đỗ Đức Tiến,"Sản xuất, kinh doanh thức ăn chăn nuôi",,,Hà Nam
0304621513,Chưa niêm yết,CÔNG TY CP XÂY DỰNG AN PHONG,Nguyễn Khắc Phong,Xây dựng,,,TP Hồ Chí Minh
0300483319,CDP,CÔNG TY CP DƯỢC PHẨM TRUNG ƯƠNG CODUPHA,Bùi Hữu Hiền,"Kinh doanh, phân phối dược phẩm, thiết bị y tế","2,957,141","2,450,389",TP Hồ Chí Minh
0200786983,AMS,CÔNG TY CP CƠ KHÍ XÂY DỰNG AMECC,Ngô Quốc Thịnh,"Sản xuất, kinh doanh máy móc, sản phẩm cơ khí khác","2,982,563","2,677,988",Hải Phòng
0101437981,Chưa niêm yết,CÔNG TY CP SẢN XUẤT VÀ THƯƠNG MẠI P.P,Phan Thị Thu Hương,Hoạt động công nghiệp khác,,,Hà Nội
0101447725,PGC,TỔNG CÔNG TY GAS PETROLIMEX - CTCP,Vũ Hồng Khánh,Kinh doanh xăng dầu và các sản phẩm liên quan,"2,824,679","3,362,912",Hà Nội
3600261626,VCF,CÔNG TY CP VINACAFÉ BIÊN HÒA,Đoàn Quốc Hưng,"Sản xuất, chế biến và kinh doanh đường","2,901,293","2,216,910",Đồng Nai
0102023052,Chưa niêm yết,CÔNG TY CP ĐẦU TƯ & PHÁT TRIỂN CÔNG NGHỆ QUỐC GIA ADG,Đặng Vũ Toàn,"Sản xuất, kinh doanh thiết bị điện tử, điện lạnh, công nghệ thông tin, viễn thông…",,,Hà Nội
0101726782,Chưa niêm yết,CÔNG TY CP XUẤT NHẬP KHẨU THIÊN Á,Phan Thanh Tùng,"Sản xuất, kinh doanh máy móc, sản phẩm cơ khí khác",,,Hà Nội
2900608267,Chưa niêm yết,CÔNG TY CP TẬP ĐOÀN SEMEC,Lê Sơn Long,"Kinh doanh kim loại, sắt thép, kim khí…",,,Nghệ An
0100104443,VLC,TỔNG CÔNG TY CHĂN NUÔI VIỆT NAM - CTCP,Trịnh Quốc Dũng,Chăn nuôi,"2,825,788","2,928,252",Hà Nội
0300450673,COM,CÔNG TY CP VẬT TƯ XĂNG DẦU (COMECO),Lê Tấn Thương,Kinh doanh xăng dầu và các sản phẩm liên quan,"2,899,292","2,659,682",TP Hồ Chí Minh
0302588518,Chưa niêm yết,CÔNG TY CP HƯNG THỊNH LAND,Lê Trọng Khương,Kinh doanh bất động sản,,,TP Hồ Chí Minh
1300358260,DHC,CÔNG TY CP ĐÔNG HẢI BẾN TRE,Lê Bá Phương,"Sản xuất, kinh doanh giấy và các sản phẩm từ giấy","2,887,571","4,164,331",Bến Tre
0303224471,ASP,CÔNG TY CP TẬP ĐOÀN DẦU KHÍ AN PHA,Trần Minh Loan,Kinh doanh xăng dầu và các sản phẩm liên quan,"2,723,450","3,391,420",TP Hồ Chí Minh
1500498480,Chưa niêm yết,CÔNG TY CP THƯƠNG MẠI DẦU KHÍ CỬU LONG,Lê Trung Nguyên Khôi,Kinh doanh xăng dầu và các sản phẩm liên quan,,,Vĩnh Long
0101360104,Chưa niêm yết,CÔNG TY CP TẬP ĐOÀN ĐIỆN LẠNH ĐIỆN MÁY VIỆT ÚC,Nguyễn Thành Phương,"Sản xuất, kinh doanh thiết bị điện tử, điện lạnh, công nghệ thông tin, viễn thông…",,,Hà Nội
0304075529,Chưa niêm yết,CÔNG TY CP CÔNG NGHIỆP VĨNH TƯỜNG,Trần Đức Huy,"Sản xuất, kinh doanh vật liệu xây dựng",,,TP Hồ Chí Minh
5500154060,Chưa niêm yết,CÔNG TY CP GIỐNG BÒ SỮA MỘC CHÂU,Trần Công Chiến,"Sản xuất, chế biến và kinh doanh sữa, sản phẩm từ sữa","2,822,948","2,925,664",Sơn La
0100108984,Chưa niêm yết,TỔNG CÔNG TY 319,Nguyễn Minh Khiêm,Xây dựng,,,Hà Nội
2500217526,Chưa niêm yết,CÔNG TY CP EUROWINDOW,Nguyễn Cảnh Hồng,"Sản xuất, kinh doanh vật liệu xây dựng",,,Hà Nội
0300585984,VOC,TỔNG CÔNG TY CÔNG NGHIỆP DẦU THỰC VẬT VIỆT NAM - CTCP,Nguyễn Thị Xuân Liễu,"Sản xuất, chế biến và kinh doanh dầu ăn, mỡ động thực vật","2,597,678","1,495,931",TP Hồ Chí Minh
5300100276,Chưa niêm yết,CÔNG TY TNHH MTV APATIT VIỆT NAM,Nguyễn Tiến Cường,Khai khoáng khác và kinh doanh các sản phẩm khác từ khai khoáng,,,Lào Cai
0300402493,FIC,TỔNG CÔNG TY VẬT LIỆU XÂY DỰNG SỐ 1 - CTCP,Nguyễn Quang Trung,"Sản xuất, kinh doanh vật liệu xây dựng","2,715,540","1,460,847",TP Hồ Chí Minh
5900315114,Chưa niêm yết,CÔNG TY TNHH VĨNH HIỆP,Thái Như Hiệp,"Sản xuất, chế biến và kinh doanh thực phẩm tươi sống, đông lạnh",,,Gia Lai
0301464830,TLG,CÔNG TY CP TẬP ĐOÀN THIÊN LONG,Trần Phương Nga,Hoạt động công nghiệp khác,"2,684,552","2,668,275",TP Hồ Chí Minh
2200325351,Chưa niêm yết,CÔNG TY CP THỦY SẢN SẠCH VIỆT NAM,Võ Văn Phục,"Sản xuất, chế biến và kinh doanh thực phẩm đóng gói, ăn liền, đồ hộp",,,Sóc Trăng
3700147532,PHR,CÔNG TY CP CAO SU PHƯỚC HÒA,Nguyễn Văn Tược,Trồng trọt,"1,631,648","1,945,435",Bình Dương
0300384357,RDP,CÔNG TY CP RẠNG ĐÔNG HOLDING,Hồ Đức Lam,"Sản xuất, kinh doanh nhựa và sản phẩm từ nhựa","2,744,311","2,711,376",TP Hồ Chí Minh
0300523385,Chưa niêm yết,CÔNG TY TNHH MTV DƯỢC SÀI GÒN,Lê Việt Hùng,"Kinh doanh, phân phối dược phẩm, thiết bị y tế",,,TP Hồ Chí Minh
3502280821,Chưa niêm yết,CÔNG TY TNHH LIÊN DOANH ỐNG THÉP SENDO,Trương Văn Minh,"Sản xuất, kinh doanh máy móc, sản phẩm cơ khí khác",,,Bà Rịa - Vũng Tàu
1100414052,HLG,CÔNG TY CP TẬP ĐOÀN HOÀNG LONG,Nguyễn Quốc Đạo,Xây dựng,"2,653,763","2,527,103",Long An
0301116791,GMD,CÔNG TY CP GEMADEPT,Nguyễn Thanh Bình,Vận tải đường biển,"2,605,666","3,206,290",TP Hồ Chí Minh
0311315789,BCG,CÔNG TY CP TẬP ĐOÀN BAMBOO CAPITAL,Nguyễn Thế Tài,Dịch vụ khác,"1,854,945","2,589,459",TP Hồ Chí Minh
0302994301,Chưa niêm yết,CÔNG TY CP SÀI GÒN FOOD,Nguyễn Quang Tường,"Sản xuất, chế biến và kinh doanh thực phẩm đóng gói, ăn liền, đồ hộp",,,TP Hồ Chí Minh
0900239753,Chưa niêm yết,CÔNG TY TNHH THƯƠNG MẠI VÀ CÔNG NGHIỆP MỸ VIỆT,Nguyễn Minh Tuấn,"Sản xuất, kinh doanh máy móc, sản phẩm cơ khí khác",,,Hưng Yên
0102385623,MIG,TỔNG CÔNG TY CP BẢO HIỂM QUÂN ĐỘI,Ông Uông Đông Hưng- chủ tịch,Bảo hiểm,"2,402,481","2,655,713",Hà Nội
0106462325,Chưa niêm yết,CÔNG TY TNHH CƠ KHÍ XÂY DỰNG DST VIỆT NAM,Nguyễn Mạnh Hùng,"Sản xuất, gia công kim loại, sắt thép, kim khí…",,,Hà Nội
0302980690,Chưa niêm yết,CÔNG TY TNHH ĐẦU TƯ ĐỊA ỐC THÀNH PHỐ,Bùi Mạnh Hưng,Kinh doanh bất động sản,,,TP Hồ Chí Minh
0500443916,XMC,CÔNG TY CP ĐẦU TƯ VÀ XÂY DỰNG XUÂN MAI,Nguyễn Cao Thắng,Xây dựng,"2,140,454","1,612,653",Hà Nội
0103711478,Chưa niêm yết,CÔNG TY CP XÂY DỰNG HỢP LỰC,Trần Ngọc Tân,Xây dựng,,,Hà Nội
1400116233,Chưa niêm yết,NGÂN HÀNG TMCP XĂNG DẦU PETROLIMEX,Nguyễn Quang Định,Ngân hàng,,,Hà Nội
0100104066,Chưa niêm yết,CÔNG TY CP VẬT TƯ NÔNG SẢN,Nguyễn Tiến Dũng,"Sản xuất, kinh doanh phân bón, thuốc trừ sâu",,,Hà Nội
5000268824,Chưa niêm yết,CÔNG TY TNHH MTV BÒ SỮA VIỆT NAM,Trịnh Quốc Dũng,Chăn nuôi,,,TP Hồ Chí Minh
0100107437,Chưa niêm yết,CÔNG TY THƯƠNG MẠI DỊCH VỤ TRÀNG THI,Vũ Trọng Tuấn,"Sản xuất, kinh doanh thiết bị điện",,,Hà Nội
0301463315,Chưa niêm yết,CÔNG TY TNHH TRUYỀN HÌNH CÁP SAIGONTOURIST,Trần Văn Úy,"Truyền hình, phát thanh, phim ảnh",,,TP Hồ Chí Minh
0100203476,Chưa niêm yết,TỔNG CTCP THƯƠNG MẠI XÂY DỰNG,Võ Nhật Thăng,Kinh doanh bất động sản,,,Hà Nội
0101967587,Chưa niêm yết,CÔNG TY CP THÉP VÀ VẬT TƯ XÂY DỰNG,Vũ Thị Năm,"Kinh doanh kim loại, sắt thép, kim khí…",,,Hà Nội
0101600518,Chưa niêm yết,CÔNG TY CP KỸ THUẬT SIGMA,Nguyễn Quang Ngọc,Hoạt động xây dựng khác,,,Hà Nội
0303781761,Chưa niêm yết,CÔNG TY TNHH THƯƠNG MẠI - DỊCH VỤ HAI SÁU SÁU,Nguyễn Thị Hồng Hạnh,"Sản xuất, kinh doanh thiết bị điện tử, điện lạnh, công nghệ thông tin, viễn thông…",,,TP Hồ Chí Minh
1401934305,Chưa niêm yết,CÔNG TY TNHH MTV THỨC ĂN THỦY SẢN MEKONG,Đặng Hoàng Phương,"Sản xuất, kinh doanh thức ăn chăn nuôi",,,Đồng Tháp
0100106063,Chưa niêm yết,CÔNG TY CP CƠ ĐIỆN TRẦN PHÚ,Đặng Quốc Chính,"Sản xuất, kinh doanh thiết bị điện",,,Hà Nội
0302511219,VNF,CÔNG TY CP VINAFREIGHT,Nguyễn Huy Diệu,Hoạt động khác hỗ trợ cho vận tải,"2,468,752","4,895,878",TP Hồ Chí Minh
0900246768,Chưa niêm yết,CÔNG TY CP ỐNG ĐỒNG TOÀN PHÁT,Bùi Hồng Phúc,"Sản xuất, gia công kim loại, sắt thép, kim khí…",,,Hưng Yên
0100113494,Chưa niêm yết,CÔNG TY TNHH QUỐC TẾ LIÊN DOANH VINACONEX - TAISEI (VINATA),Seiichiro Kuwabara,Xây dựng,,,Hà Nội
0101185572,Chưa niêm yết,CÔNG TY CP TƯ VẤN VÀ XÂY DỰNG PHÚ XUÂN,Nguyễn Quốc Mến,Xây dựng,,,Hà Nội
0100101322,Chưa niêm yết,TỔNG CÔNG TY THIẾT BỊ ĐIỆN ĐÔNG ANH - CTCP,Nguyễn Vũ Cường,"Sản xuất, kinh doanh thiết bị điện","2,422,137","2,116,604",Hà Nội
0900108380,Chưa niêm yết,CÔNG TY CP NHỰA HƯNG YÊN,Nguyễn Minh Tân,"Sản xuất, kinh doanh nhựa và sản phẩm từ nhựa",,,Hưng Yên
0101261431,Chưa niêm yết,CÔNG TY CP TẬP ĐOÀN TOJI,Hồ Minh Tiến,"Sản xuất, kinh doanh thiết bị điện",,,Hà Nội
2600251062,Chưa niêm yết,CÔNG TY TNHH XÂY DỰNG TỰ LẬP,Nguyễn Văn Thỏa,Xây dựng,,,Phú Thọ
0100106232,Chưa niêm yết,TỔNG CÔNG TY ĐẦU TƯ PHÁT TRIỂN HẠ TẦNG ĐÔ THỊ UDIC - CÔNG TY TNHH MTV,Nguyễn Minh Quang,Xây dựng,,,Hà Nội
3602576702,Chưa niêm yết,CÔNG TY TNHH XUẤT NHẬP KHẨU VI NA ĐẠI VIỆT,Trần Vũ Quỳnh Như,"Sản xuất, chế biến và kinh doanh thực phẩm tươi sống, đông lạnh",,,Đồng Nai
0100106426,LIG,CÔNG TY CP LICOGI 13,Phạm Văn Thăng,Xây dựng,"2,338,314","2,439,778",Hà Nội
0105284398,Chưa niêm yết,CÔNG TY CP MEGRAM,Đỗ Thành Trung,"Sản xuất, kinh doanh thiết bị điện",,,Hà Nội
3900212443,Chưa niêm yết,CÔNG TY TNHH XUẤT NHẬP KHẨU - THƯƠNG MẠI - CÔNG NGHỆ - DỊCH VỤ HÙNG DUY,Lê Minh Trúc,"Sản xuất, chế biến và kinh doanh gạo, ngũ cốc, sản phẩm nghiền, đồ khô",,,Tây Ninh
0900246535,Chưa niêm yết,CÔNG TY TNHH THIẾT BỊ ĐIỆN LIOA,Nguyễn Chí Linh,"Sản xuất, kinh doanh thiết bị điện",,,Hưng Yên
0101148154,Chưa niêm yết,TỔNG CÔNG TY VẬN TẢI HÀ NỘI,Nguyễn Thanh Nam,Vận tải đường bộ,,,Hà Nội
0300539709,Chưa niêm yết,CÔNG TY TNHH HEWLETT - PACKARD VIỆT NAM,Trần Thị Minh Thuận,"Sản xuất, kinh doanh thiết bị điện tử, điện lạnh, công nghệ thông tin, viễn thông…",,,TP Hồ Chí Minh
0200826844,VPG,CÔNG TY CP ĐẦU TƯ THƯƠNG MẠI XNK VIỆT PHÁT,Nguyễn Xuân Trường,"Khai thác, chế biến, kinh doanh quặng kim loại và hoạt động hỗ trợ","2,331,465","3,863,572",Hải Phòng
0101370014,Chưa niêm yết,CÔNG TY CP THƯƠNG MẠI CITICOM,Lê Phụng Thắng,"Kinh doanh kim loại, sắt thép, kim khí…",,,Hà Nội
0105454762,Chưa niêm yết,TỔNG CÔNG TY 36,Nguyễn Đăng Giáp,Xây dựng,"2,308,851","1,161,553",Hà Nội
2600109933,Chưa niêm yết,CÔNG TY TNHH MIWON VIỆT NAM,Shin Sangho,"Sản xuất, chế biến và kinh doanh thực phẩm khác",,,Phú Thọ
0304475742,CMF,CÔNG TY CP THỰC PHẨM CHOLIMEX,Diệp Nam Hải,"Sản xuất, chế biến và kinh doanh thực phẩm khác","2,263,329","2,508,601",TP Hồ Chí Minh
0101466566,Chưa niêm yết,CÔNG TY CP HAWEE CƠ ĐIỆN,Nguyễn Thị Hải Yến,Hoạt động xây dựng khác,,,Hà Nội
0100106440,,TỔNG CÔNG TY LICOGI- CTCP,Vũ Tiến Giao,Xây dựng,"2,187,968","1,988,415",Hà Nội
0103085460,Chưa niêm yết,TỔNG CÔNG TY CỔ PHẦN BẢO HIỂM SÀI GÒN - HÀ NỘI,Nguyễn Văn Trưởng,Bảo hiểm,,,Hà Nội
0102702590,VPI,CÔNG TY CP ĐẦU TƯ VĂN PHÚ - INVEST,Triệu Hữu Đại,Kinh doanh bất động sản,"2,164,999","2,610,596",Hà Nội
0309875328,Chưa niêm yết,CÔNG TY TNHH KINH DOANH LỐP XE BRIDGESTONE VIỆT NAM,Hiroyuki Saito,"Sản xuất, kinh doanh ô tô, xe máy, xe có động cơ và phụ kiện",,,TP Hồ Chí Minh
1100798176,Chưa niêm yết,CÔNG TY CP THÉP TOP PRO,"Hong, Chung-Cheng","Sản xuất, kinh doanh máy móc, sản phẩm cơ khí khác",,,Long An
0104415496,Chưa niêm yết,CÔNG TY CP ECOBA VIỆT NAM,Võ Tiến Đạt,Xây dựng,,,Hà Nội
0303615482,Chưa niêm yết,CÔNG TY CP XÂY DỰNG PHƯỚC THÀNH,Phạm Thị Thanh Hằng,Xây dựng,,,TP Hồ Chí Minh
0302910950,HCM,CÔNG TY CP CHỨNG KHOÁN TP. HỒ CHÍ MINH,Johan Nyvene,Chứng khoán,"2,247,906","4,460,113",TP Hồ Chí Minh
0311500196,AGG,CÔNG TY CP ĐẦU TƯ VÀ PHÁT TRIỂN BẤT ĐỘNG SẢN AN GIA,Nguyễn Bá Sáng,Kinh doanh bất động sản,"1,753,643","1,808,365",TP Hồ Chí Minh
5701483604,Chưa niêm yết,CÔNG TY CP ĐÓNG TÀU VÀ VẬN TẢI BIỂN NAM PHÁT,Phạm Đắc Nam,Công nghiệp đóng tàu và thuyền,,,Quảng Ninh
0304133227,Chưa niêm yết,CÔNG TY TNHH THƯƠNG MẠI XÂY DỰNG VẬN TẢI THANH LONG,Hồ Kiến Phong,"Sản xuất, kinh doanh vật liệu xây dựng",,,TP Hồ Chí Minh
0800740412,Chưa niêm yết,CÔNG TY CP LUYỆN KIM TÂN NGUYÊN HẢI DƯƠNG VIỆT NAM,Hồ Dư Khang (Hu YuKang),"Sản xuất, gia công kim loại, sắt thép, kim khí…",,,Hải Dương
0100150873,PVC,TỔNG CÔNG TY HÓA CHẤT VÀ DỊCH VỤ DẦU KHÍ - CTCP,Phan Công Thành,"Thăm dò, khai thác dầu mỏ và hoạt động hỗ trợ","2,178,705","2,760,260",Hà Nội
0200236845,PHP,CÔNG TY CP CẢNG HẢI PHÒNG,Nguyễn Tường Anh,"Kho bãi, bốc xếp hàng hóa","2,030,663","2,284,630",Hải Phòng
0100106338,Chưa niêm yết,TỔNG CÔNG TY XÂY DỰNG HÀ NỘI,Đậu Văn Diện,Xây dựng,"1,991,733","2,413,517",Hà Nội
0303800051,Chưa niêm yết,CÔNG TY CP TẬP ĐOÀN VINACAM,Vũ Duy Hải,"Sản xuất, kinh doanh phân bón, thuốc trừ sâu",,,TP Hồ Chí Minh
1600895650,Chưa niêm yết,CÔNG TY CP ĐẦU TƯ DU LỊCH VÀ PHÁT TRIỂN THỦY SẢN,Ông Lê Văn Lâm,Hoạt động xây dựng khác,,,Đồng Tháp
0101160306,CRE,CÔNG TY CP BẤT ĐỘNG SẢN THẾ KỶ,Nguyễn Trung Vũ,Kinh doanh bất động sản,"2,117,495","5,597,582",Hà Nội
3700805566,IJC,CÔNG TY CP PHÁT TRIỂN HẠ TẦNG KỸ THUẬT,Đỗ Quang Ngôn,Kinh doanh bất động sản,"2,141,296","2,601,723",Bình Dương
0100931299,BIC,TỔNG CÔNG TY CP BẢO HIỂM NGÂN HÀNG ĐẦU TƯ VÀ PHÁT TRIỂN VIỆT NAM,Trần Hoài An,Bảo hiểm,"1,887,816","2,155,107",Hà Nội
3700370643,Chưa niêm yết,CÔNG TY TNHH ROCHDALE SPEARS,Hoàng Yến,"Sản xuất, kinh doanh gỗ, sản phẩm từ gỗ và nội thất",,,Bình Dương
3700257662,Chưa niêm yết,CÔNG TY CP NHỰA BẢO VÂN,Nguyễn Quốc Bảo,"Sản xuất, kinh doanh nhựa và sản phẩm từ nhựa",,,Bình Dương
2900324850,Chưa niêm yết,CÔNG TY CP TẬP ĐOÀN CIENCO4,Nguyễn Tuấn Huỳnh,Xây dựng,"2,089,845","1,885,076",Hà Nội
0300627384,Chưa niêm yết,CÔNG TY CP KỸ NGHỆ THỰC PHẨM VIỆT NAM (VIFON),Lê Thị Ánh Phương,"Sản xuất, chế biến và kinh doanh thực phẩm đóng gói, ăn liền, đồ hộp",,,TP Hồ Chí Minh
0100516045,Chưa niêm yết,CÔNG TY CP MÁY TÍNH VĨNH XUÂN,Ngô Thị Kim Ngân,"Sản xuất, kinh doanh thiết bị điện tử, điện lạnh, công nghệ thông tin, viễn thông…",,,Hà Nội
1100548578,Chưa niêm yết,CÔNG TY CP ĐỒNG TÂM,Nguyễn Văn Hùng,Kinh doanh bất động sản,,,Long An
0308783233,Chưa niêm yết,CÔNG TY CP ĐẦU TƯ LBM,Nguyễn Mạnh Bảo,"Sản xuất, kinh doanh máy móc, sản phẩm cơ khí khác",,,TP Hồ Chí Minh
1100814572,Chưa niêm yết,CÔNG TY CP THỰC PHẨM AN LONG,Huỳnh Tuân Phương Mai,"Sản xuất, chế biến và kinh doanh dầu ăn, mỡ động thực vật",,,Long An
0301446006,PPH,TỔNG CÔNG TY CP PHONG PHÚ,Phạm Xuân Trình,"Sản xuất, kinh doanh sợi, sản phẩm dệt","2,099,133","1,652,139",TP Hồ Chí Minh
3500101065,Chưa niêm yết,CÔNG TY TNHH BACONCO,"Siquet, Pierre Louis Bernard","Sản xuất, kinh doanh phân bón, thuốc trừ sâu",,,Bà Rịa - Vũng Tàu
0200109445,Chưa niêm yết,CÔNG TY CP CÔNG NGHIỆP NHỰA PHÚ LÂM,Huang Cheng Hung,"Sản xuất, kinh doanh nhựa và sản phẩm từ nhựa",,,Hải Phòng
0102065366,VND,CÔNG TY CP CHỨNG KHOÁN VNDIRECT,Nguyễn Vũ Long,Chứng khoán,"2,134,529","6,039,233",Hà Nội
0101218757,DPG,CÔNG TY CP TẬP ĐOÀN ĐẠT PHƯƠNG,Trần Anh Tuấn,Xây dựng,"2,118,336","2,545,456",Hà Nội
1400528082,Chưa niêm yết,CÔNG TY TNHH HÙNG CÁ,Trần Văn Hùng,"Sản xuất, chế biến và kinh doanh thực phẩm đóng gói, ăn liền, đồ hộp",,,TP Hồ Chí Minh
3700229030,Chưa niêm yết,CÔNG TY TNHH LIÊN DOANH SẢN XUẤT ÔTÔ NGÔI SAO,Ryujiro Kobashi,"Sản xuất, kinh doanh ô tô, xe máy, xe có động cơ và phụ kiện",,,Bình Dương
3600253537,SAM,CÔNG TY CP SAM HOLDINGS,Trần Việt Anh,"Sản xuất, kinh doanh thiết bị điện","1,919,269","1,888,697",TP Hồ Chí Minh
2600357502,Chưa niêm yết,TỔNG CÔNG TY GIẤY VIỆT NAM,.,"Sản xuất, kinh doanh giấy và các sản phẩm từ giấy",,,Hà Nội
1601645981,Chưa niêm yết,CÔNG TY CP GAVI,Lê Thị Hoàng Trinh,"Sản xuất, chế biến và kinh doanh gạo, ngũ cốc, sản phẩm nghiền, đồ khô",,,An Giang
0105824156,IBC,CÔNG TY CP ĐẦU TƯ APAX HOLDINGS,Vũ Cẩm La Hương,Dịch vụ khác,"1,951,190","1,733,836",Hà Nội
0300645369,STG,CÔNG TY CP KHO VẬN MIỀN NAM,Trần Tuấn Anh,"Kho bãi, bốc xếp hàng hóa","737,107","686,821",TP Hồ Chí Minh
3601038204,Chưa niêm yết,CÔNG TY CP XĂNG DẦU TÍN NGHĨA,Trần Thanh Tùng,Kinh doanh xăng dầu và các sản phẩm liên quan,,,Đồng Nai
0101272578,Chưa niêm yết,CÔNG TY CP KỸ THƯƠNG THIÊN HOÀNG,Phạm Bách Tùng,"Sản xuất, kinh doanh vật liệu xây dựng",,,Hà Nội
0313919539,Chưa niêm yết,CÔNG TY CP BM WINDOWS,Trần Văn Tiến,Xây dựng,,,TP Hồ Chí Minh
2300372796,Chưa niêm yết,CÔNG TY CP HANACANS,Hidetaka Makabe,"Sản xuất, kinh doanh máy móc, sản phẩm cơ khí khác",,,Bắc Ninh
0800902222,Chưa niêm yết,CÔNG TY CP ỐNG THÉP THUẬN PHÁT,Trần Văn Thắng,"Sản xuất, gia công kim loại, sắt thép, kim khí…",,,Hải Dương
0500391400,DHT,CÔNG TY CP DƯỢC PHẨM HÀ TÂY,Lê Xuân Thắng,"Sản xuất dược phẩm, thiết bị y tế","2,006,475","1,609,364",Hà Nội
0105167581,ROS,CÔNG TY CP XÂY DỰNG FLC FAROS,Nguyễn Thiện Phú,Xây dựng,"1,799,265",,Hà Nội
0101806244,Chưa niêm yết,CÔNG TY TNHH THƯƠNG MẠI VÀ SẢN XUẤT NAM PHÁT,Nguyễn Lương Ngọc,"Sản xuất, kinh doanh máy móc, sản phẩm cơ khí khác",,,Hà Nội
2300238060,Chưa niêm yết,CÔNG TY CP TẬP ĐOÀN TONMAT,Trần Văn Sơn,"Sản xuất, gia công kim loại, sắt thép, kim khí…",,,Bắc Ninh
3700381282,DTL,CÔNG TY CP ĐẠI THIÊN LỘC,Nguyễn Thanh Loan,"Sản xuất, kinh doanh máy móc, sản phẩm cơ khí khác","1,982,112","1,380,751",Bình Dương
0201725327,Chưa niêm yết,CÔNG TY CP TẬP ĐOÀN TRANG KHANH,Đoàn Thanh Duy,"Kinh doanh kim loại, sắt thép, kim khí…",,,Hải Phòng
0300408745,Chưa niêm yết,CÔNG TY CP XÂY DỰNG SỐ 1,Lê Đăng Vinh,Xây dựng,,,TP Hồ Chí Minh
4100733174,PCE,CÔNG TY CP PHÂN BÓN HÓA CHẤT DẦU KHÍ MIỀN TRUNG,Trần Tuấn Nam,"Sản xuất, kinh doanh phân bón, thuốc trừ sâu","1,863,265","3,036,619",Bình Định
0100108656,TRA,CÔNG TY CP TRAPHACO,Trần Túc Mã,"Sản xuất dược phẩm, thiết bị y tế","1,908,870","2,160,840",Hà Nội
0303315400,SCR,CÔNG TY CP ĐỊA ỐC SÀI GÒN THƯƠNG TÍN,Vũ Quốc Thái,Kinh doanh bất động sản,"918,155","1,683,184",TP Hồ Chí Minh
3600669165,Chưa niêm yết,CÔNG TY CP TRUNG ĐÔNG,Trương Quang Thọ,"Sản xuất, kinh doanh nhựa và sản phẩm từ nhựa",,,Đồng Nai
0800286887,Chưa niêm yết,CÔNG TY CP B.C.H,Nguyễn Văn Tuấn,"Kinh doanh kim loại, sắt thép, kim khí…",,,Hải Dương
0900234699,Chưa niêm yết,CÔNG TY TNHH THÉP NHẬT QUANG,Nguyễn Nhật Thăng,"Sản xuất, gia công kim loại, sắt thép, kim khí…",,,Hưng Yên
0100276146,Chưa niêm yết,CÔNG TY TNHH HÒA BÌNH,Nguyễn Hữu Đường,"Bán lẻ hàng tiêu dùng nhanh trong siêu thị, cửa hàng tiện lợi, chợ truyền thông",,,Hà Nội
2800463346,LSS,CÔNG TY CP MÍA ĐƯỜNG LAM SƠN,Lê Văn Tân,"Sản xuất, chế biến và kinh doanh đường","1,846,471","2,041,296",Thanh Hoá
0200170658,Chưa niêm yết,"CÔNG TY CP ĐẦU TƯ, THƯƠNG MẠI VÀ DỊCH VỤ - VINACOMIN",Thiều Quang Thảo,"Khai thác, kinh doanh than và hoạt động hỗ trợ","1,807,798","1,460,351",Hà Nội
0100828742,Chưa niêm yết,CÔNG TY CP ĐẦU TƯ XÂY DỰNG VÀ THƯƠNG MẠI QUỐC TẾ - ICT,Tạ Thanh Xuân,Công nghiệp khác,,,Hà Nội
0200611969,Chưa niêm yết,CÔNG TY TNHH BÊ TÔNG VÀ XÂY DỰNG MINH ĐỨC,Tạ Quyết Thắng,"Sản xuất, kinh doanh vật liệu xây dựng",,,Hải Phòng
0102524651,SHS,CÔNG TY CP CHỨNG KHOÁN SÀI GÒN - HÀ NỘI,Vũ Đức Tiến,Chứng khoán,"685,729","-64,305",Hà Nội
0102637020,Chưa niêm yết,CÔNG TY CP DƯỢC PHẨM ECO,Ngô Chí Dũng,"Kinh doanh, phân phối dược phẩm, thiết bị y tế",,,Hà Nội
1101573295,Chưa niêm yết,CÔNG TY CP LOUIS HOLDINGS,Nguyễn Mai Long,Dịch vụ tài chính khác,,,TP Hồ Chí Minh
0101449271,NSC,CÔNG TY CP TẬP ĐOÀN GIỐNG CÂY TRỒNG VIỆT NAM,Trần Kim Liên,Hoạt động nông nghiệp khác,"1,634,552","1,928,606",Hà Nội
0400102616,Chưa niêm yết,CÔNG TY CP ĐẦU TƯ VÀ KINH DOANH THÉP NHÂN LUẬT,Phan Châu Luật,"Kinh doanh kim loại, sắt thép, kim khí…",,,Đà Nẵng
3700778489,Chưa niêm yết,BMB STEEL,Trần Lê Quốc Thái,Xây dựng,,,Bình Dương
0101306139,Chưa niêm yết,CÔNG TY CP TẬP ĐOÀN AUSTDOOR,Dương Quốc Tuấn,"Sản xuất, kinh doanh vật liệu xây dựng",,,Hà Nội
0303099446,Chưa niêm yết,CÔNG TY CP BẢO HIỂM VIỄN ĐÔNG,Đặng Diệp Đại Khoa,Bảo hiểm,,,TP Hồ Chí Minh
0103018538,PLP,CÔNG TY CP SẢN XUẤT VÀ CÔNG NGHỆ NHỰA PHA LÊ,Mai Thanh Phương - Chủ tịch HĐQT,"Sản xuất, kinh doanh nhựa và sản phẩm từ nhựa","1,786,074","2,412,715",Hải Phòng
1800155452,SDG,CÔNG TY CP SADICO CẦN THƠ,Nguyễn Văn Cường,"Sản xuất, kinh doanh trang phục","1,661,527","1,353,508",Cần Thơ
1200526842,THG,CÔNG TY CP ĐẦU TƯ VÀ XÂY DỰNG TIỀN GIANG,Trần Hoàng Huân,Xây dựng,"1,782,150","1,318,964",Tiền Giang
1401976866,Chưa niêm yết,CÔNG TY TNHH SAO MAI SUPER FEED,Lê Thị Phượng,"Sản xuất, kinh doanh thức ăn chăn nuôi",,,Đồng Tháp
0300610408,Chưa niêm yết,NGÂN HÀNG TMCP SÀI GÒN CÔNG THƯƠNG,Dương Xuân Minh,Ngân hàng,"590,669","589,171",TP Hồ Chí Minh
0301424404,Chưa niêm yết,CÔNG TY TNHH THƯƠNG MẠI THÉP TOÀN THẮNG,Đoàn Danh Tuấn,"Kinh doanh kim loại, sắt thép, kim khí…",,,TP Hồ Chí Minh
0102806367,EVF,CÔNG TY TÀI CHÍNH CP ĐIỆN LỰC,Lương Hải Sinh,Ngân hàng,"713,211","786,127",Hà Nội
0305475110,PVP,CÔNG TY CP VẬN TẢI DẦU KHÍ THÁI BÌNH DƯƠNG,Lê Mạnh Tuấn,Vận tải đường biển,"1,611,043","1,244,003",TP Hồ Chí Minh
0101099228,DAG,CÔNG TY CP TẬP ĐOÀN NHỰA ĐÔNG Á,Nguyễn Bá Hùng,"Sản xuất, kinh doanh nhựa và sản phẩm từ nhựa","1,756,946","1,953,961",Hà Nội
0305299779,VCI,CÔNG TY CP CHỨNG KHOÁN BẢN VIỆT,Tô Hải,Chứng khoán,"1,729,592","3,707,069",TP Hồ Chí Minh
0100100590,Chưa niêm yết,CÔNG TY CP DỆT 10/10,Dương Văn Bình,"Sản xuất, kinh doanh trang phục",,,Hà Nội
0200157840,Chưa niêm yết,TỔNG CÔNG TY XÂY DỰNG BẠCH ĐẰNG,Nguyễn Trọng Khải,Xây dựng,,,Hải Phòng
0313094165,Chưa niêm yết,CÔNG TY CP THƯƠNG MẠI XUẤT NHẬP KHẨU DẦU KHÍ MINH ĐỨC,Trần Đức Dũng,Kinh doanh xăng dầu và các sản phẩm liên quan,,,TP Hồ Chí Minh
0304752594,Chưa niêm yết,CÔNG TY CP DATVIET MEDIA,Đào Văn Kính,Quảng cáo và nghiên cứu thị trường,,,TP Hồ Chí Minh
0101405355,S99,CÔNG TY CP SCI,Nguyễn Văn Phúc,Xây dựng,"1,608,549","6,451,445",Hà Nội
0100101403,Chưa niêm yết,TỔNG CÔNG TY ĐỨC GIANG - CTCP,Hoàng Vệ Dũng,"Sản xuất, kinh doanh trang phục","1,630,273","1,915,407",Hà Nội
0302802627,Chưa niêm yết,CÔNG TY TNHH RITA VÕ,Võ Mậu Quốc Duy,"Sản xuất, kinh doanh vật liệu xây dựng",,,TP Hồ Chí Minh
3900513521,Chưa niêm yết,CÔNG TY CP HẢI ĐĂNG,Thái Trường Giang,Xây dựng,,,Tây Ninh
0303376241,Chưa niêm yết,CÔNG TY CP THIỆN PHÚ SĨ,Trần Thị Xuân Hạ,"Sản xuất, kinh doanh nhựa và sản phẩm từ nhựa",,,Long An
0306012059,Chưa niêm yết,CÔNG TY TNHH THƯƠNG MẠI DỊCH VỤ SẢN XUẤT GIẤY KHẢI HOÀN,Ung Thị Thu Mỹ,"Sản xuất, kinh doanh giấy và các sản phẩm từ giấy",,,TP Hồ Chí Minh
0100683374,Chưa niêm yết,CÔNG TY CP VIỄN THÔNG - TIN HỌC BƯU ĐIỆN (CTIN),Hà Thanh Hải,"Sản xuất, kinh doanh thiết bị điện tử, điện lạnh, công nghệ thông tin, viễn thông…",,,Hà Nội
0307859271,Chưa niêm yết,CÔNG TY TNHH XÂY DỰNG TUẤN LÊ,Lê Anh Tuấn,Xây dựng,,,TP Hồ Chí Minh
0303587122,Chưa niêm yết,CÔNG TY CP DẦU THỰC VẬT TÂN BÌNH,Trương Hoàng Minh,"Sản xuất, chế biến và kinh doanh dầu ăn, mỡ động thực vật",,,TP Hồ Chí Minh
0400101404,DDN,CÔNG TY CP DƯỢC - THIẾT BỊ Y TẾ ĐÀ NẴNG,Tống Viết Phải,"Kinh doanh, phân phối dược phẩm, thiết bị y tế","1,554,801","1,546,299",Đà Nẵng
0105283073,Chưa niêm yết,CÔNG TY CP XÂY DỰNG CDC,Trần Văn Trường,Xây dựng,,,Hà Nội
0305390530,GSP,CÔNG TY CP VẬN TẢI SẢN PHẨM KHÍ QUỐC TẾ,Đoàn Đức Trọng,Vận tải đường biển,"1,547,235","1,631,605",TP Hồ Chí Minh
0101311315,PHC,CÔNG TY CP XÂY DỰNG PHỤC HƯNG HOLDINGS,Trần Hồng Phúc,Xây dựng,"419,450","289,459",Hà Nội
0303739921,Chưa niêm yết,CÔNG TY CP ĐỊA ỐC PHÚ LONG,Phùng Chu Cường,Kinh doanh bất động sản,,,TP Hồ Chí Minh
0313743966,Chưa niêm yết,CÔNG TY TNHH TNI KING COFFEE,Lê Hoàng Diệp Thảo,"Sản xuất, chế biến và kinh doanh đồ uống không cồn",,,TP Hồ Chí Minh
0309828977,Chưa niêm yết,CÔNG TY CP XUẤT NHẬP KHẨU THUẬN MINH,Huỳnh Bảo Trọng,"Sản xuất, chế biến và kinh doanh gạo, ngũ cốc, sản phẩm nghiền, đồ khô",,,TP Hồ Chí Minh
0300588664,Chưa niêm yết,CÔNG TY CP XÂY LẮP VÀ VẬT TƯ XÂY DỰNG,Hoàng Thị Bạch Tuyết,Xây dựng,,,TP Hồ Chí Minh
0301985093,Chưa niêm yết,CÔNG TY TNHH THƯƠNG MẠI THÉP NAM VIỆT,Đào Minh Hiếu,"Kinh doanh kim loại, sắt thép, kim khí…",,,TP Hồ Chí Minh
0101188943,Chưa niêm yết,CÔNG TY TNHH THƯƠNG MẠI VÀ VẬN TẢI THÁI TÂN,Nguyễn Thanh Nga,Bán lẻ khác,,,Hà Nội
0102117529,Chưa niêm yết,CÔNG TY CP CHỨNG KHOÁN TÂN VIỆT,Nguyễn Tiến Thành,Chứng khoán,,,Hà Nội
1401598685,Chưa niêm yết,CÔNG TY TNHH CỎ MAY LAI VUNG,Phan Minh Thiện,"Sản xuất, kinh doanh thức ăn chăn nuôi",,,Đồng Tháp
0301825452,SRF,CÔNG TY CỔ PHẦN SEAREFICO,Nguyễn Thị Thanh Hường,Hoạt động xây dựng khác,"1,486,297","930,440",TP Hồ Chí Minh
3600506058,Chưa niêm yết,CÔNG TY CP TỔNG CÔNG TY MAY ĐỒNG NAI,Bùi Thế Kích,"Sản xuất, kinh doanh trang phục",,,Đồng Nai
0102018260,Chưa niêm yết,CÔNG TY CP PI CO,Trịnh Đức Tuấn,"Bán lẻ điện tử, điện lạnh, viễn thông, công nghệ thông tin",,,Hà Nội
0304355389,Chưa niêm yết,CÔNG TY TNHH KIẾN VƯƠNG,Nguyễn Tuấn Cường,"Sản xuất, kinh doanh phân bón, thuốc trừ sâu",,,TP Hồ Chí Minh
0101183550,CEO,CÔNG TY CP TẬP ĐOÀN C.E.O,Đoàn Văn Minh,Kinh doanh bất động sản,"1,323,835","901,811",Hà Nội
0309930593,Chưa niêm yết,CÔNG TY CP ĐẦU TƯ MAI TIẾN PHÁT,Mai Văn Phục,"Sản xuất, kinh doanh thiết bị điện",,,TP Hồ Chí Minh
0102737963,Chưa niêm yết,TỔNG CÔNG TY CP BẢO HIỂM HÀNG KHÔNG,Trần Trọng Dũng,Bảo hiểm,,,Hà Nội
0101468933,Chưa niêm yết,CÔNG TY TNHH THƯƠNG MẠI DỊCH VỤ TIN HỌC AN PHÁT,Lê Thị Hương Giang,"Sản xuất, kinh doanh thiết bị điện tử, điện lạnh, công nghệ thông tin, viễn thông…",,,Hà Nội
1400384433,IMP,CÔNG TY CP DƯỢC PHẨM IMEXPHARM,Trần Thị Đào,"Sản xuất dược phẩm, thiết bị y tế","1,369,422","1,266,597",Đồng Tháp
0108704763,Chưa niêm yết,CÔNG TY CP XÂY DỰNG SCG,Lê Văn Nam,Xây dựng,"1,420,346","2,857,280",Hà Nội
0101428070,Chưa niêm yết,CÔNG TY CP XÂY DỰNG VÀ CÔNG NGHIỆP NSN,Thạch Hoàng Ngọc,Hoạt động xây dựng khác,,,Hà Nội
0100100625,SRC,CÔNG TY CP CAO SU SAO VÀNG,Mai Chiến Thắng,"Sản xuất, kinh doanh cao su và sản phẩm từ cao su","1,349,273","955,715",Hà Nội
3700148825,KSB,CÔNG TY CP KHOÁNG SẢN VÀ XÂY DỰNG BÌNH DƯƠNG,Trần Đình Hà,Khai khoáng khác và kinh doanh các sản phẩm khác từ khai khoáng,"1,322,455","884,273",Bình Dương
0900264799,TDP,CÔNG TY CP THUẬN ĐỨC,Nguyễn Đức Cường,"Sản xuất, kinh doanh nhựa và sản phẩm từ nhựa","1,375,844","2,440,120",Hưng Yên
1000389853,Chưa niêm yết,CÔNG TY CP DAMSAN,Vũ Huy Đông,"Sản xuất, kinh doanh sợi, sản phẩm dệt","1,339,010","1,513,151",Thái Bình
0101179473,Chưa niêm yết,CÔNG TY TNHH THƯƠNG MẠI VÀ SẢN XUẤT HOÀNG MAI,Nguyễn Thị Tuyết Mai,"Sản xuất, chế biến và kinh doanh bánh kẹo",,,Hà Nội
0301458065,Chưa niêm yết,TỔNG CÔNG TY CP BẢO HIỂM BẢO LONG,Phan Quốc Dũng,Bảo hiểm,"937,643","1,092,236",TP Hồ Chí Minh
2500552524,Chưa niêm yết,CÔNG TY CP CÔNG NGHIỆP Á MỸ,Đinh Quốc Tuấn,"Sản xuất, kinh doanh vật liệu xây dựng",,,Vĩnh Phúc
1300230895,Chưa niêm yết,CÔNG TY TNHH CHẾ BIẾN DỪA LƯƠNG QUỚI,Cù Văn Thành,"Sản xuất, chế biến và kinh doanh thực phẩm khác",,,Bến Tre
2600107284,Chưa niêm yết,CÔNG TY CP GIẤY VIỆT TRÌ,Nguyễn Văn Hiện,"Sản xuất, kinh doanh giấy và các sản phẩm từ giấy","1,361,978","1,989,277",Phú Thọ
2600106523,CVT,CÔNG TY CP CMC,Nguyễn Quang Huy,"Sản xuất, kinh doanh vật liệu xây dựng","1,360,411","1,519,086",Phú Thọ
0400461301,Chưa niêm yết,CÔNG TY CP KỸ THUẬT XÂY DỰNG DINCO,Lê Trường Kỹ,Xây dựng,,,Đà Nẵng
3600363970,BBC,CÔNG TY CP BIBICA,Nguyễn Quốc Hoàng,"Sản xuất, chế biến và kinh doanh bánh kẹo","1,218,556","1,091,174",TP Hồ Chí Minh
0102182140,FIT,CÔNG TY CP TẬP ĐOÀN F.I.T,Nguyễn Thị Minh Nguyệt,Dịch vụ tài chính khác,"1,188,427","1,220,561",Hà Nội
0313562014,Chưa niêm yết,CÔNG TY CP THƯƠNG MẠI THÉP INDECO,Đào Đình Đông,"Kinh doanh kim loại, sắt thép, kim khí…",,,TP Hồ Chí Minh
0102681319,KOS,CÔNG TY CP KOSY,Nguyễn Việt Cường,Kinh doanh bất động sản,"1,308,626","1,106,568",Hà Nội
3600364780,Chưa niêm yết,CÔNG TY TNHH VINA,Phạm Đức Ngữ,"Sản xuất, kinh doanh thức ăn chăn nuôi",,,Đồng Nai
4100259564,DBD,CÔNG TY CP DƯỢC - TRANG THIẾT BỊ Y TẾ BÌNH ĐỊNH,Phạm Thị Thanh Hương,"Sản xuất dược phẩm, thiết bị y tế","1,256,952","1,558,504",Bình Định
0100274124,Chưa niêm yết,CÔNG TY TNHH THƯƠNG MẠI DƯỢC PHẨM ĐÔNG Á,Lê Minh Nguyệt,"Kinh doanh, phân phối dược phẩm, thiết bị y tế",,,Hà Nội
1201044062,Chưa niêm yết,CÔNG TY TNHH CÔNG NGHIỆP MINH HƯNG,Lâm Đạo Minh,"Sản xuất, kinh doanh nhựa và sản phẩm từ nhựa",,,TP Hồ Chí Minh
0300993574,Chưa niêm yết,CÔNG TY CP TRUYỀN THÔNG TK - L,Nguyễn Thị Trúc Mai,Quảng cáo và nghiên cứu thị trường,,,TP Hồ Chí Minh
0102886450,Chưa niêm yết,CÔNG TY CP PHÂN BÓN VÀ HÓA CHẤT DẦU KHÍ MIỀN BẮC,Cao Trung Kiên,"Sản xuất, kinh doanh phân bón, thuốc trừ sâu","1,292,013","2,056,374",Hà Nội
0301921780,Chưa niêm yết,CÔNG TY TNHH THƯƠNG MẠI KIM ĐỨC,Lê Thị Hiền Lương,"Sản xuất, kinh doanh nhựa và sản phẩm từ nhựa",,,TP Hồ Chí Minh
0302273109,Chưa niêm yết,CÔNG TY CP TƯ VẤN D.P,Trần Song Hải,"Sản xuất, kinh doanh thiết bị điện",,,TP Hồ Chí Minh
0305358801,Chưa niêm yết,CÔNG TY CP DỊCH VỤ HÀNG HẢI HÀNG KHÔNG CON CÁ HEO,Trần Đăng Nam,Hoạt động khác hỗ trợ cho vận tải,,,TP Hồ Chí Minh
0314637978,Chưa niêm yết,CÔNG TY CP PHÁT TRIỂN ĐẦU TƯ XÂY DỰNG HT,Tôn Thất Nhật Minh,Xây dựng,,,TP Hồ Chí Minh
0302495140,Chưa niêm yết,CÔNG TY CP VẬT LIỆU XÂY DỰNG VÀ TRANG TRÍ NỘI THẤT TP. HỒ CHÍ MINH,Huỳnh Văn Tư,"Sản xuất, kinh doanh vật liệu xây dựng","1,217,473","819,486",TP Hồ Chí Minh
4100258747,C47,CÔNG TY CP XÂY DỰNG 47,Dương Minh Quang,Xây dựng,"1,233,083","881,943",Bình Định
0901019782,Chưa niêm yết,CÔNG TY CP TẬP ĐOÀN NGỌC DIỆP,Trần Thị Thu Diệp,"Sản xuất, kinh doanh vật liệu xây dựng",,,Hà Nội
4201620427,Chưa niêm yết,CÔNG TY TNHH CÁ NGỪ VIỆT NAM,Nguyễn Văn Dư,"Sản xuất, chế biến và kinh doanh thực phẩm đóng gói, ăn liền, đồ hộp",,,Khánh Hòa
3600697236,Chưa niêm yết,CÔNG TY TNHH HOÀNG ĐẠI VƯƠNG,Nguyễn Đức Hậu,"Sản xuất, kinh doanh giấy và các sản phẩm từ giấy",,,Đồng Nai
0100107275,Chưa niêm yết,CÔNG TY CP XNK MÁY VÀ PHỤ TÙNG,Trần Viết Hưng,"Sản xuất, kinh doanh ô tô, xe máy, xe có động cơ và phụ kiện",,,Hà Nội
0302533156,Chưa niêm yết,CÔNG TY CP HÓA - DƯỢC PHẨM MEKOPHAR,Huỳnh Thị Lan,"Sản xuất dược phẩm, thiết bị y tế","1,210,530","1,129,847",TP Hồ Chí Minh
3700820571,Chưa niêm yết,CÔNG TY CP CÔNG NGHIỆP ĐÔNG HƯNG,Hà Duy Hưng,"Sản xuất, kinh doanh sản phẩm da giầy",,,Bình Dương
2500209363,Chưa niêm yết,CÔNG TY CP TẬP ĐOÀN SƠN HÀ XANH,Nguyễn Nam Hải,"Sản xuất, kinh doanh máy móc, sản phẩm cơ khí khác",,,Vĩnh Phúc
0100105895,VC2,CÔNG TY CP ĐẦU TƯ VÀ XÂY DỰNG VINA2,Nguyễn Khắc Hải,Xây dựng,"1,184,858","885,141",Hà Nội
0301776205,VNL,CÔNG TY CP LOGISTICS VINALINK,Nguyễn Nam Tiến,Hoạt động khác hỗ trợ cho vận tải,"1,202,207","1,464,037",TP Hồ Chí Minh
0103818809,HAH,CÔNG TY CP VẬN TẢI VÀ XẾP DỠ HẢI AN,Tạ Mạnh Cường,"Kho bãi, bốc xếp hàng hóa","1,191,667","1,955,301",Hà Nội
0101508664,INN,CÔNG TY CP BAO BÌ VÀ IN NÔNG NGHIỆP,Lê Duy Toàn,"In ấn, xuất bản","1,210,062","1,536,424",Hà Nội
0400101965,HHV,CÔNG TY CP ĐẦU TƯ HẠ TẦNG GIAO THÔNG ĐÈO CẢ,Nguyễn Xuân Hưởng,Xây dựng,"1,201,343","1,861,340",Đà Nẵng
0102278484,OGC,CÔNG TY CP TẬP ĐOÀN ĐẠI DƯƠNG,Lò Hồng Hiệp,Kinh doanh bất động sản,"903,545","409,277",Hà Nội
0100510501,Chưa niêm yết,CÔNG TY CP NHÔM ĐÔ THÀNH,Lê Ánh Tuyết,"Sản xuất, gia công kim loại, sắt thép, kim khí…",,,Hà Nội
0302563707,ST8,CÔNG TY CP SIÊU THANH,Phạm Vĩnh Phú,"Sản xuất, kinh doanh máy móc, sản phẩm cơ khí khác","1,141,547","784,648",TP Hồ Chí Minh
0308779300,Chưa niêm yết,CÔNG TY TNHH CỬA SỔ VIỆT CHÂU Á ASEANWINDOW,Hà Thị Diệu Linh,"Sản xuất, kinh doanh vật liệu xây dựng",,,TP Hồ Chí Minh
1700113586,CKG,CÔNG TY CP TẬP ĐOÀN TƯ VẤN ĐẦU TƯ XÂY DỰNG KIÊN GIANG,Phạm Thị Như Phượng,Dịch vụ khác,"1,114,743","1,103,225",Kiên Giang
3600723398,Chưa niêm yết,CÔNG TY CP GẠCH MEN V.T.C,Trần Hiền Phong,"Sản xuất, kinh doanh vật liệu xây dựng",,,Đồng Nai
0305706103,Chưa niêm yết,CÔNG TY CP DƯỢC PHẨM AN THIÊN,Trần Ngọc Dũng,"Kinh doanh, phân phối dược phẩm, thiết bị y tế",,,TP Hồ Chí Minh
0301123125,SAS,CÔNG TY CP DỊCH VỤ HÀNG KHÔNG SÂN BAY TÂN SƠN NHẤT (SASCO),Đoàn Thị Mai Hương,Bán lẻ,"918,203","321,078",TP Hồ Chí Minh
0101099475,Chưa niêm yết,CÔNG TY TNHH TM QUỐC TẾ THỦY LINH,Nguyễn Anh Linh,"Sản xuất, kinh doanh thiết bị điện tử, điện lạnh, công nghệ thông tin, viễn thông…",,,Hà Nội
0106393583,MBS,CÔNG TY CP CHỨNG KHOÁN MB,Trần Hải Hà,Chứng khoán,"1,115,550","2,217,763",Hà Nội
0101130774,Chưa niêm yết,CÔNG TY TNHH THANG MÁY & THIẾT BỊ THĂNG LONG,Lê Minh Hùng,"Sản xuất, kinh doanh vật liệu xây dựng",,,Hà Nội
0101206367,,CÔNG TY CP ĐẠI HỮU,Đức Minh Đạo,"Sản xuất, kinh doanh nhựa và sản phẩm từ nhựa",,,Hà Nội
3400382278,ABS,CÔNG TY CP DỊCH VỤ NÔNG NGHIỆP BÌNH THUẬN,Nguyễn Nhật Huy,"Sản xuất, kinh doanh phân bón, thuốc trừ sâu","1,103,963","1,198,652",Khánh Hòa
4000378744,Chưa niêm yết,CÔNG TY CP TUẤN ĐẠT,Trần Thị Dung,"Sản xuất, kinh doanh trang phục",,,Quảng Nam
4200644489,Chưa niêm yết,CÔNG TY CP ĐẦU TƯ VCN,Nguyễn Khánh Toàn,Kinh doanh bất động sản,,,Khánh Hòa
2500217389,NAG,CÔNG TY CP TẬP ĐOÀN NAGAKAWA,Nguyễn Thị Huyền Thương,"Sản xuất, kinh doanh thiết bị điện tử, điện lạnh, công nghệ thông tin, viễn thông…","1,075,856","1,404,424",Vĩnh Phúc
0102036100,Chưa niêm yết,CÔNG TY CP ĐẦU TƯ QUỐC TẾ VÀ XUẤT NHẬP KHẨU DHT,Nguyễn Anh Dũng,"Sản xuất, kinh doanh gỗ, sản phẩm từ gỗ và nội thất",,,Hà Nội
0102766770,Chưa niêm yết,CÔNG TY TÀI CHÍNH CỔ PHẦN TÍN VIỆT,Hồ Minh Tâm,Dịch vụ tài chính khác,"696,110","1,201,808",Hà Nội
0600206147,Chưa niêm yết,CÔNG TY CP DƯỢC PHẨM NAM HÀ,Hà Linh,"Sản xuất dược phẩm, thiết bị y tế",,,Nam Định
0312173537,Chưa niêm yết,CÔNG TY CP ĐẦU TƯ XÂY DỰNG BCONS,Lê Như Thạch,Xây dựng,,,TP Hồ Chí Minh
0900220897,Chưa niêm yết,CÔNG TY CP ĐÔNG GIANG,Vũ Hồng Quân,"Sản xuất, kinh doanh thiết bị điện",,,Hưng Yên
4300369451,Chưa niêm yết,CÔNG TY TNHH MTV THƯƠNG MẠI THÀNH PHÁT,Đặng Phú Quý,"Sản xuất, chế biến và kinh doanh đồ uống có cồn",,,Quảng Ngãi
0100108504,VFC,CÔNG TY CP VINAFCO,Phạm Thị Lan Hương,Vận tải đường bộ,"1,046,266","1,245,217",Hà Nội
0313541575,Chưa niêm yết,CÔNG TY CP ĐẦU TƯ XÂY DỰNG SOL E&C,Lê Chí Trung,Xây dựng,,,TP Hồ Chí Minh
0304172307,Chưa niêm yết,CÔNG TY CP XÂY DỰNG AN PHÚ GIA,Hứa Đình Tuấn,Xây dựng,,,TP Hồ Chí Minh
0100101273,HTM,TỔNG CÔNG TY THƯƠNG MẠI HÀ NỘI - CTCP,Vũ Thanh Sơn,"Bán lẻ hàng tiêu dùng nhanh trong siêu thị, cửa hàng tiện lợi, chợ truyền thông","940,474","618,505",Hà Nội
2800588271,Chưa niêm yết,CÔNG TY CP THIẾT BỊ VẬT TƯ Y TẾ THANH HOÁ,Nguyễn Văn Mong,"Kinh doanh, phân phối dược phẩm, thiết bị y tế",,,Thanh Hoá
3300101406,Chưa niêm yết,CÔNG TY CP DƯỢC MEDIPHARCO,Phan Thị Minh Tâm,"Kinh doanh, phân phối dược phẩm, thiết bị y tế",,,Thừa Thiên Huế
0310734321,Chưa niêm yết,CÔNG TY CP AZB,Trần Minh Nhơn,Xây dựng,,,TP Hồ Chí Minh
0300584155,Chưa niêm yết,CÔNG TY CP XÂY LẮP THƯƠNG MẠI 2,Đinh Viết Duy,Xây dựng,"1,031,090","418,594",TP Hồ Chí Minh
0314115227,Chưa niêm yết,CÔNG TY TNHH TRUYỀN THÔNG BEE,Nguyễn Tấn Thái,"Truyền hình, phát thanh, phim ảnh",,,TP Hồ Chí Minh
1101928050,Chưa niêm yết,CÔNG TY TNHH SẢN XUẤT TẬP ĐOÀN ĐẠI VIỆT,Ngô Xuân Mạnh,"Sản xuất, kinh doanh thiết bị điện tử, điện lạnh, công nghệ thông tin, viễn thông…",,,Long An
1500419552,Chưa niêm yết,CÔNG TY CP BÊ TÔNG 620 CHÂU THỚI,Trần Thanh Vũ,"Sản xuất, kinh doanh vật liệu xây dựng",,,Vĩnh Long
0100112500,Chưa niêm yết,CÔNG TY TNHH DELOITTE VIỆT NAM,Phạm Văn Thinh,Dịch vụ khác,,,Hà Nội
0300363808,DQC,CÔNG TY CP BÓNG ĐÈN ĐIỆN QUANG,Hồ Quỳnh Hưng,"Sản xuất, kinh doanh thiết bị điện","940,222","733,831",TP Hồ Chí Minh
0305289273,Chưa niêm yết,CÔNG TY CP CƠ ĐIỆN ĐOÀN NHẤT,Nguyễn Duy Pháp,Hoạt động xây dựng khác,,,TP Hồ Chí Minh
0100100537,Chưa niêm yết,CÔNG TY CP KHÓA VIỆT - TIỆP,Nguyễn Văn Tuấn,"Sản xuất, kinh doanh đồ dùng gia đình",,,Hà Nội
0302008774,Chưa niêm yết,CÔNG TY CP DÂY CÁP ĐIỆN DAPHACO,Đào Quang Huy,"Sản xuất, kinh doanh thiết bị điện",,,TP Hồ Chí Minh
0304391796,Chưa niêm yết,CÔNG TY TNHH THƯƠNG MẠI VÀ SẢN XUẤT DẦU THỰC VẬT MINH HUÊ,Tăng Quốc Khánh,"Sản xuất, chế biến và kinh doanh dầu ăn, mỡ động thực vật",,,TP Hồ Chí Minh
0200919993,Chưa niêm yết,CÔNG TY CP NHẬT TIẾN,Nguyễn Lê Thụy,"Kinh doanh kim loại, sắt thép, kim khí…",,,Hải Phòng
6001552050,Chưa niêm yết,CÔNG TY CP GIAO DỊCH HÀNG HÓA TÂY NGUYÊN,Đỗ Văn Thắng,"Sản xuất, chế biến và kinh doanh đồ uống không cồn",,,TP Hồ Chí Minh
0302560110,OPC,CÔNG TY CP DƯỢC PHẨM OPC,Nguyễn Chí Linh,"Sản xuất dược phẩm, thiết bị y tế","965,591","1,123,728",TP Hồ Chí Minh
1200748517,Chưa niêm yết,MINH HƯNG GROUP,Phạm Tú Anh,"Sản xuất, kinh doanh hóa chất khác",,,TP Hồ Chí Minh
0104008162,Chưa niêm yết,CÔNG TY CP TẬP ĐOÀN ĐUA FAT,Lê Duy Hưng,Xây dựng,,,Hà Nội
0101093709,Chưa niêm yết,CÔNG TY CP ĐẦU TƯ XÂY DỰNG HẠ TẦNG VÀ PHÁT TRIỂN NÔNG THÔN,Nguyễn Đức Hà,"Sản xuất, kinh doanh vật liệu xây dựng",,,Hà Nội
0305141894,Chưa niêm yết,CÔNG TY CP HỢP NHẤT QUỐC TẾ,Bùi Đức Ngoãn,"Bưu chính, chuyển phát",,,Hà Nội
0200575580,Chưa niêm yết,CÔNG TY CP SƠN HẢI PHÒNG,Nguyễn Văn Dũng,"Sản xuất, kinh doanh hóa chất khác",,,Hải Phòng
2800976203,Chưa niêm yết,TỔNG CÔNG TY CỔ PHẦN MIỀN TRUNG,Nguyễn Hữu Vinh,Xây dựng,,,Thanh Hoá
0101161194,Chưa niêm yết,CÔNG TY CỔ PHẦN ĐẦU TƯ CÔNG NGHỆ HACOM,Đặng Tiến Trung,"Sản xuất, kinh doanh thiết bị điện tử, điện lạnh, công nghệ thông tin, viễn thông…",,,Hà Nội
2300223949,Chưa niêm yết,CÔNG TY CP TIẾN HƯNG,Desmond Nguyen,"Sản xuất, chế biến và kinh doanh gạo, ngũ cốc, sản phẩm nghiền, đồ khô",,,Bắc Ninh
3700912751,Chưa niêm yết,CÔNG TY CP BÊ TÔNG LY TÂM THỦ ĐỨC 1,Nguyễn Ngọc Hùng,"Sản xuất, kinh doanh vật liệu xây dựng",,,Bình Dương
0313717010,Chưa niêm yết,CÔNG TY CP XÂY DỰNG CBC,Đỗ Văn Cường,Xây dựng,,,TP Hồ Chí Minh
2901274715,Chưa niêm yết,CÔNG TY CP VILACONIC,Hoàng Văn Ngoạn,"Sản xuất, chế biến và kinh doanh gạo, ngũ cốc, sản phẩm nghiền, đồ khô",,,Nghệ An
2800142141,Chưa niêm yết,CÔNG TY CP CÔNG NÔNG NGHIỆP TIẾN NÔNG,Nguyễn Hồng Phong,"Sản xuất, kinh doanh phân bón, thuốc trừ sâu",,,Thanh Hoá
0303614739,Chưa niêm yết,CÔNG TY CP MAY VIỆT THỊNH,Nguyễn Đình Chương,"Sản xuất, kinh doanh trang phục",,,TP Hồ Chí Minh
0101252356,Chưa niêm yết,CÔNG TY CP SAO THÁI DUONG,Nguyễn Hữu Thắng,"Sản xuất dược phẩm, thiết bị y tế",,,Hà Nội
0103812250,Chưa niêm yết,CÔNG TY TNHH FSI VIỆT NAM,Trần Hoàng Giang,"Sản xuất, kinh doanh hóa chất khác",,,Hà Nội
0301447426,HPT,CÔNG TY CP DỊCH VỤ CÔNG NGHỆ TIN HỌC HPT,Đinh Hà Duy Linh,Hoạt động thông tin khác,"792,407","807,541",TP Hồ Chí Minh
2400345718,TDG,CÔNG TY CP DẦU KHÍ THÁI DƯƠNG,Lê Minh Hiếu,Kinh doanh xăng dầu và các sản phẩm liên quan,"802,594","1,458,002",Bắc Giang
0200380768,TR1,CÔNG TY CP VẬN TẢI 1 TRACO,Đỗ Minh Tuấn,Hoạt động khác hỗ trợ cho vận tải,"798,482","402,949",Hải Phòng
0105028958,Chưa niêm yết,CÔNG TY CP MIZA,Nguyễn Tuấn Minh,"Sản xuất, kinh doanh giấy và các sản phẩm từ giấy",,,Hà Nội
0301125316,Chưa niêm yết,CÔNG TY TNHH XÂY DỰNG LÊ PHAN,Phan Xuân Lộc,"Sản xuất, kinh doanh vật liệu xây dựng",,,TP Hồ Chí Minh
0900189171,Chưa niêm yết,CÔNG TY TNHH XE ĐIỆN XE MÁY DETECH,Đinh Văn Bắc,"Sản xuất, kinh doanh ô tô, xe máy, xe có động cơ và phụ kiện",,,Hưng Yên
0200656938,Chưa niêm yết,CÔNG TY CP NỘI THẤT 190,Ngô Duy Hưng,"Sản xuất, kinh doanh gỗ, sản phẩm từ gỗ và nội thất",,,Hải Phòng
0104228175,EVG,CÔNG TY CỔ PHẦN ĐẦU TƯ EVERLAND,Nguyễn Thúc Cẩn,Kinh doanh bất động sản,"768,476","968,373",Hà Nội
0302429934,Chưa niêm yết,CÔNG TY CP THƯƠNG MẠI DỊCH VỤ THIÊN NAM HOÀ,Nguyễn Trần Thảo Nguyên,"Sản xuất, kinh doanh thiết bị điện",,,TP Hồ Chí Minh
0301275199,Chưa niêm yết,CÔNG TY TNHH NHỰA LONG THÀNH,Phạm Văn Mười,"Sản xuất, kinh doanh nhựa và sản phẩm từ nhựa",,,TP Hồ Chí Minh
0102075540,Chưa niêm yết,CÔNG TY TNHH DINH DƯỠNG QUỐC TẾ VIỆT ĐỨC,Phạm Trần Sum,"Sản xuất, kinh doanh thức ăn chăn nuôi",,,Hà Nội
0100105020,Chưa niêm yết,CÔNG TY CP TỔNG CÔNG TY XÂY DỰNG THĂNG LONG,Nguyễn Đức Kiên,Xây dựng,"729,618","1,262,499",Hà Nội
0301893928,Chưa niêm yết,CÔNG TY TNHH THƯƠNG MẠI THÉP ĐẠI TOÀN THẮNG,Đoàn Danh Hồng,"Kinh doanh kim loại, sắt thép, kim khí…",,,TP Hồ Chí Minh
0100683952,Chưa niêm yết,CÔNG TY TNHH BẢO TÍN MINH CHÂU,Vũ Minh Châu,"Bán lẻ vàng, bạc và kim loại quý khác",,,Hà Nội
0106300187,Chưa niêm yết,CÔNG TY CP THIẾT KẾ VÀ XÂY DỰNG GIZA VIỆT NAM,Ngô Hữu Tiệp,Xây dựng,,,Hà Nội
0301671386,Chưa niêm yết,CÔNG TY CP IN VÀ BAO BÌ MỸ CHÂU,Trịnh Hữu Minh,Hoạt động công nghiệp khác,"688,443","431,298",TP Hồ Chí Minh
0302776127,Chưa niêm yết,CÔNG TY CP SẢN XUẤT THƯƠNG MẠI SÀI GÒN,Nguyễn Thành Vinh,"Sản xuất, kinh doanh vật liệu xây dựng",,,TP Hồ Chí Minh
0301521415,Chưa niêm yết,CÔNG TY CP TÔ THÀNH PHÁT,Lý Nguyệt Anh,"Sản xuất, kinh doanh vật liệu xây dựng",,,TP Hồ Chí Minh
0301096513,Chưa niêm yết,CÔNG TY CỔ PHẦN MẠC TÍCH,Dương Quốc Bảo,"Sản xuất, kinh doanh máy móc, sản phẩm cơ khí khác",,,Đồng Nai
0301115156,Chưa niêm yết,CÔNG TY TNHH XÂY DỰNG CÔNG TRÌNH HÙNG VƯƠNG,Nguyễn Anh Tài,"Sản xuất, kinh doanh vật liệu xây dựng",,,TP Hồ Chí Minh
0314709816,Chưa niêm yết,CÔNG TY TNHH ONPOINT,Trần Vũ Quang,Bán lẻ khác,,,TP Hồ Chí Minh
