mck_cong_ty_HO,ten_cong_ty_con,ti_le_so_huu
NVB,Công ty TNHH Quản lý nợ và Khai thác tài sản Nam Việt Ngân hàng,100%
PNJ,Công ty TNHH MTV Thời trang CAF,100%
PNJ,Công ty TNHH MTV Giám định PNJLAB,100%
PNJ,Công ty TNHH MTV Chế tác và Kinh doanh Trang sức PNJP,100%
PNJ,Công ty TNHH MTV Kỷ nguyên Khách hàng CECL,100%
SHB,Công ty TNHH MTV Quản lý nợ và khai thác tài sản-Ngân hàng TMCP Sài Gòn-Hà Nội (SHAMC),100%
SHB,Công ty Cổ phần Chứng khoán SHB,98.47%
THA,Công ty TNHH MTV Đầu tư Phát triển Hạ tầng KCN và Đô thị Chu Lai Trường Hải,100%
THA,Công ty TNHH MTV Cơ khí Chu Lai Trường Hải,100%
THA,Công ty TNHH MTV Cảng Chu Lai Trường Hải,100%
THA,Công ty TNHH MTV Vận tải-Giao nhận-Phân phối Ô tô Chu Lai Trường Hải,100%
THA,Công ty TNHH MTV Cơ khí chuyên dụng Bắc Bộ Trường Hải,100%
THA,Công ty TNHH Vận tải biển Chu Lai Trường Hải,100%
THA,Công ty TNHH Sản xuất và Lắp ráp Ô tô An Thành Phát,100%
MWG,Công ty TNHH MTV Công nghệ thông tin Thế Giới Di Động,100%
MWG,"MWG (Cambodia) Co., Ltd",99.95%
MWG,CTCP Thế giới Di động,99.95%
MWG,CTCP Thương mại Bách Hóa Xanh,99.95%
MWG,Công ty Cổ phần Thế giới số Trần Anh,99.94%
DXG,Công ty TNHH MTV Đất xanh Hội An,100%
DXG,Công ty TNHH Phát triển Đô thị Quảng Bình,100%
SCR,Công ty TNHH MTV Kinh doanh Dịch vụ Địa ốc Sài Gòn Thương Tín,100%
SCR,Công ty TNHH Đầu tư BĐS Hùng Anh Năm,100%
SCR,Công ty TNHH MTV TTC LAND RETAIL MANAGEMENT,100%
SCR,CTCP Đầu tư BĐS TTC LAND Long An,98%
SCR,CTCP Thương mại Nguyễn Kim Đà Nẵng,96%
SCR,Công Ty CP Đầu tư Phát  triển BĐS Đông Sài gòn,95%
SCR,Công Ty TNHH Thương Tín Tàu Cuốc,92.2%
SCR,CTCP Mai Lan,90.07%
SCR,Công ty TNHH Thương Tín – CJ Cầu Tre,63.43%
SCR,CTCP Năng lượng Thương Tín,52%
POW,Công ty CP Thủy điện ĐakĐrink,95.27%
POW,Công ty Cổ phần Thủy điện Hủa Na,84.14%
POW,Công ty Cổ phần Điện lực Dầu khí Nhơn Trạch 2,59.37%
POW,Công ty Cổ phần Dịch vụ Kỹ thuật Điện lực Dầu khí Việt Nam,51%
POW,Công ty Cổ phần Máy - Thiết bị Dầu khí,
CAB,CTCP Phát triển thể thao VTVcab,51.1%
CAB,CTCP Công nghệ Việt Thành,51%
CAB,CTCP Truyền hình Tương tác Việt Nam,51%
THA,Công ty TNHH MTV Gia công thép Chu Lai Trường Hải,100%
THA,Công ty TNHH MTV Sản xuất Ô tô chuyên dụng Trường Hải,100%
THA,Công ty TNHH MTV Sản xuất & Lắp ráp Ô tô khách Trường Hải,100%
THA,Công ty TNHH MTV Thương mại Sản xuất Diệu Bằng,100%
THA,Công ty TNHH MTV Phụ tùng Trường Hải,100%
THA,Công ty TNHH Sản xuất và Lắp ráp Ô tô Chu Lai Trường Hải,100%
THA,Công ty TNHH Sản xuất và Lắp ráp Ô tô Du lịch Trường Hải-KIA,100%
THA,Công ty TNHH MTV Cơ điện Chu Lai Trường Hải,100%
DXG,Công ty TNHH MTV Phát triển Đô thị,100%
DXG,Công ty TNHH MTV Smart Property,100%
DXG,CTCP Bất động sản Linkhouse Nghĩa Kỳ,100%
DXG,Công ty TNHH Charm & CI Việt Nam,100%
SCR,Công ty TNHH Quản lý dịch vụ và Địa ốc Sài Gòn Thương Tín,50%
VIF,Công ty TNHH MTV Lâm Nghiệp Đình Lập,100%
VIF,Công ty TNHH MTV Lâm Nghiệp Ba Tơ,100%
VIF,Công ty TNHH MTV Lâm Nghiệp Đông Bắc,100%
VIF,Công ty TNHH MTV Lâm Nghiệp Lộc Bình,100%
HVN,Công ty TNHH MTV Kỹ thuật máy bay (VAECO),100%
HVN,Công ty TNHH MTV Nhiên liệu Hàng không,100%
HVN,Công ty TNHH MTV Dịch vụ mặt đất sân bay Việt Nam,100%
HVN,Công ty TNHH MTV Suất ăn hàng không Việt Nam,100%
HVN,Công ty Phân phối Toàn cầu Abacus Việt Nam,90%
HVN,Công ty CP Hàng không Jetstar Pacific Airlines,68.85%
HVN,Công ty TNHH Giao nhận hàng hóa (VINAKO),65.05%
HVN,CTCP Công trình Hàng không (ACC),64.54%
PLX,Công ty Xăng dầu Cao Bằng,100%
PLX,Công ty Xăng dầu Điện Biên,100%
PLX,Công ty Xăng dầu Quảng Bình,100%
TVN,Công ty TNHH MTV Thép Miền Nam – Vnsteel,100%
TVN,Công ty TNHH MTV Thép Tấm lá Phú Mỹ - Vnsteel,100%
TVN,Công ty TNHH MTV Tư vấn MDC-VNSTEEL,100%
TVN,Công ty TNHH MTV Cung ứng và nhân lực VNSTEEL,100%
TCB,Công ty TNHH MTV Quản lý nợ và Khai thác tài sản-Ngân hàng TMCP Kỹ thương Việt Nam,100%
TCB,Công ty TNHH Quản lý quỹ Kỹ Thương,100%
TCB,Công ty TNHH Chứng khoán Kỹ Thương,94.49%
MSB,Công ty TNHH MTV Quản lý nợ & Khai thác tài sản Ngân hàng TMCP Hàng hải Việt Nam,100%
MSB,Công ty Tài chính TNHH MTV Cộng đồng (FCCOM),100%
BID,Công ty TNHH MTV Quản lý nợ và Khai thác tài sản BIDV (BAMC),100%
BID,Công ty TNHH Đầu tư phát triển quốc tế,100%
BID,Ngân hàng Đầu tư và Phát triển Campuchia (BIDC),98.5%
BID,Công ty Chứng khoán Campuchia - Việt Nam (CVS),98.5%
VIB,Công ty TNHH MTV Quản lý nợ và khai thác tài sản-Ngân hàng TMCP Quốc tế Việt Nam (VIBAMC),100%
THA,Trường Cao đẳng Nghề Chu Lai Trường Hải,100%
THA,Công ty TNHH MTV Chè Thuận Phát,100%
THA,Công ty TNHH MTV Sản xuất & Lắp rắp Điện lạnh Trường Hải,100%
THA,Công ty TNHH MTV Xây dựng Chu Lai Trường Hải,100%
THA,Công ty TNHH MTV Vĩnh Cát,100%
DXG,Công ty TNHH Đầu tư Bất Động Sản Hà An Land,100%
DXG,Công ty TNHH Đầu tư Linkland,100%
DXG,CTCP Hội An Invest,99.99%
DXG,CTCP Đầu tư Kinh doanh Bất Động sản Đông Nam Bộ,99.99%
VIF,Công ty TNHH MTV Lâm Nghiệp La Ngà - Đồng Nai,100%
VIF,Công ty TNHH MTV Ván dán Vinafor Bắc Giang,100%
VIF,CTCP LĐS và XNK Hà Tĩnh,85%
VIF,CTCP GLN Vùng Bắc Bộ,79.86%
VIF,CTCP GLN Vùng Bắc Trung Bộ,73.04%
HVN,Công ty cổ phần Suất ăn Hàng không Nội Bài,60.17%
HVN,Công ty TNHH Dịch vụ Hàng hóa Tân Sơn Nhất,55%
HVN,Công ty Cổ phần Dịch vụ Hàng hóa Nội Bài,53.12%
HVN,CTCP Tin học viễn thông hàng không,52.73%
HVN,CTCP Sabre Việt Nam,51.69%
PLX,Công ty Xăng dầu Quảng Trị,100%
PLX,Công ty Xăng dầu Thừa Thiên Huế,100%
PLX,Công ty TNHH MTV Xăng dầu Quảng Ngãi,100%
PLX,Công ty Xăng dầu Bình Định,100%
TVN,CTCP Kim khí Hà Nội - VNSTEEL,89.37%
TVN,CTCP Tôn Mạ VNSteel Thăng Long,89.01%
TVN,Công ty Cổ phần Kim khí Thành phố Hồ Chí Minh - Vnsteel,72.37%
TVN,Công ty Cổ phần Thép Nhà Bè - VNSTEEL,69.07%
BID,Ngân hàng Liên doanh Lào-Việt (LVB),65%
BID,CTCP Chứng khoán MHB,60%
BID,Tổng Công ty Cổ phần Bảo hiểm Ngân hàng Đầu tư và phát triển Việt Nam,51.01%
BID,Công ty Bảo hiểm Campuchia - Việt Nam (CVI),50.24%
BID,Công ty TNHH MTV Cho thuê Tài chính BIDV (BLC),50%
BID,Công ty Liên doanh bảo hiểm Lào Việt (LVI),33.15%
CTG,Công ty TNHH MTV Quản lý nợ và Khai thác tài sản Ngân hàng TMCP Công thương Việt Nam,100%
CTG,Công ty TNHH MTV Vàng bạc đá quý Ngân hàng TMCP Công thương Việt Nam,100%
CTG,Công ty TNHH MTV Chuyển tiền Toàn Cầu - VietinBank,100%
CTG,Ngân hàng TNHH Công thương Việt Nam tại Lào,100%
CTG,Công ty TNHH MTV Cho thuê tài chính Ngân hàng TMCP Công thương Việt Nam,100%
CTG,Công ty TNHH MTV Quản lý quỹ Ngân hàng TMCP Công thương Việt Nam,100%
CTG,Công ty cổ phần Chứng khoán Ngân hàng Công thương Việt Nam,75.63%
VCB,Công ty TNHH MTV Cho thuê tài chính Vietcombank,100%
VCB,Công ty TNHH Chứng khoán Vietcombank,100%
VCB,Công ty TNHH Tài chính Việt Nam - Hồng Kông,100%
VCB,Công ty TNHH MTV Kiều hối Vietcombank,100%
MBB,Công ty cổ phần Chứng khoán MB,113.39%
MBB,Công ty TNHH Quản lý nợ và khai thác tài sản Ngân hàng TMCP Quân đội,100%
VPB,Công ty TNHH Quản lý Tài sản Ngân hàng TMCP Việt Nam Thịnh Vượng (VPBank AMC),100%
VPB,Công ty Tài chính TNHH MTV Ngân hàng Việt Nam Thịnh Vượng,100%
THA,Công ty TNHH MTV Hóa chất chuyên dụng Chu Lai Trường Hải,100%
THA,Công ty TNHH MTV Thương mại Dịch vụ Vận tải Trường Hải-Bình Phước,100%
THA,Công ty TNHH MTV Phân phối Xe ô tô Du lịch Chu Lai Trường Hải,100%
THA,Công ty TNHH MTV Bắc Ninh Trường Hải,100%
DXG,CTCP Đầu tư Bất động sản Miền Đông,99.99%
DXG,CTCP Đầu tư Bất động sản Gia Long,99.99%
DXG,CTCP Đầu tư Bất Động Sản Tây Nam Bộ,99.99%
DXG,CTCP Bất động sản Ecohome,99.99%
VIF,CTCP Vinafor Tây Nguyên,68.59%
VIF,CTCP GLN Vùng Đông Bắc,67.69%
VIF,CTCP Vinafor Vinh,63.21%
VIF,CTCP Long Bình,61.89%
VIF,CTCP GLN Vùng Nam Trung Bộ,51.84%
VIF,Công ty Sx và XNK Lâm sản Sài Gòn,51.69%
HVN,Công ty cổ phần Đào tạo bay Việt (VFT),51.52%
HVN,CTCP Cung ứng Xuất nhập khẩu lao động hàng không (ALSIMEXCO),51%
HVN,Công ty TNHH DV Giao nhận hàng hóa Tân Sơn Nhất,51%
HVN,CTCP Dịch vụ Hàng Không sân bay Nội Bài,51%
HVN,Công ty cổ phần Dịch vụ Hàng không Sân bay Đà Nẵng,36.11%
HVN,CTCP Cho thuê máy bay Việt Nam,32.48%
PLX,Công ty Xăng dầu Phú Khánh,100%
PLX,Công ty Xăng dầu Bắc Tây Nguyên,100%
TVN,CTCP Kim Khí Bắc Thái,65.51%
TVN,CTCP Thép Biên Hòa,65%
TVN,Công ty Cổ phần Thép VICASA - VNSTEEL,65%
TVN,Công ty cổ phần Thép Thủ Đức - Vnsteel,65%
TVN,CTCP Thép tấm Miền Nam,64.58%
CTG,Công ty TNHH MTV Bảo hiểm Ngân hàng TMCP Công thương Việt Nam,73.4%
VCB,Ngân hàng TNHH Ngoại thương Việt Nam tại Lào,100%
VCB,Công ty Chuyển tiền Vietcombank,87.5%
VCB,Công ty TNHH Vietcombank Tower 198,70%
MBB,Công ty Cổ phần Quản lý quỹ đầu tư MB,90.49%
MBB,Tổng Công ty cổ phần Bảo hiểm Quân đội,86.49%
MBB,Công ty TNHH Bảo hiểm Nhân thọ MB AGEAS,61%
MBB,Công ty Tài chính TNHH MB Shinsei,50%
SSB,Công ty TNHH MTV Quản lý quỹ Đông Nam Á,100%
SSB,Công ty TNHH MTV Quản lý Nợ và Khai thác Tài sản SEABANK (SEABANK-AMC),n/a
PTI,CTCP IBS Việt Nam,99%
PTI,CTCP Thương mại Xăng dầu Việt Nam (Vinapetro),93.6%
SSI,Công ty TNHH Quản lý quỹ SSI,100%
SSI,Quỹ đầu tư thành viên SSI (SSIMF),80%
THA,Công ty TNHH MTV Đầu tư Phát triển Hạ tầng KCN Cơ khí Ô tô Nam Tam Anh,100%
THA,Công ty TNHH MTV Thương mại Dịch vụ Tây Ninh-Trường Hải,100%
THA,CTCP Xây dựng và Vật tư thiết bị,99.94%
THA,Công ty TNHH Thương mại Vỏ xe Triều Hải,75%
THA,Công ty TNHH Thái Nguyên Trường Hải,64.34%
DXG,CTCP Địa ốc Indochine,99.99%
DXG,Công ty TNHH Đầu tư Xây dựng Thương mại Xuân Định,99.99%
VIF,CTCP Vinafor Đà Nẵng,51.01%
VIF,CTCP GLN Vùng Nam Bộ,51%
VIF,CTCP GLN Vùng Tây Nguyên,51%
VIF,Công ty Cổ phần Cẩm Hà,51%
PLX,Công ty Xăng dầu Nam Tây Nguyên,100%
PLX,Công ty Xăng dầu Lâm Đồng,100%
PLX,Công ty Xăng dầu Bà Rịa – Vũng Tàu,100%
TVN,CTCP Sản xuất sản phẩm Mạ công nghiệp Vingal,51%
TVN,Công ty cổ phần Gang thép Thái Nguyên,42.11%
VND,Công ty TNHH MTV Quản lý quỹ Đầu tư Chứng khoán I.P.A,100%
VND,Công ty TNHH IVND,100%
BVH,CTCP Đầu tư Bảo Việt,100%
BVH,Tổng Công ty Bảo Việt Nhân thọ,100%
BVH,Công ty TNHH Quản lý Quỹ Bảo Việt,100%
BVH,Tổng Công ty Bảo hiểm Bảo Việt,100%
BVH,Công ty TNHH Bảo Việt – Âu Lạc,60%
BVH,Công ty Cổ phần Chứng khoán Bảo Việt,59.92%
VIC,Công ty TNHH MTV Thương mại Đầu tư và Phát triển Thời Đại,100%
VGT,Công ty TNHH MTV Tổng Công ty Dệt May Miền Bắc - Vinatex,100%
VGT,Công ty TNHH MTV Tổng Công ty Dệt May Miền Nam - Vinatex,100%
VGT,Công ty TNHH MTV Dệt Kim Đông Xuân (Doximex),100%
VGT,Công ty TNHH MTV Dệt Kim Đông Phương (Dopimex),100%
VGT,Công ty Cổ phần Sản xuất – Xuất nhập khẩu Dệt May,68.34%
SJG,Công ty Cổ phần Sông Đà 4,65%
SJG,Công ty Cổ phần Sông Đà 6,65%
SJG,Công ty Cổ phần Sông Đà 5,64.16%
SJG,Công ty Cổ phần Sông Đà 10,62.27%
SJG,CTCP Thủy điện Nậm Chiến (Sơn La),58.58%
FPT,Công ty TNHH FPT Smart Cloud,100%
FPT,Công ty TNHH Giáo dục FPT,100%
FPT,Công ty TNHH Hệ thống Thông tin FPT,100%
FPT,Công ty TNHH Phần mềm FPT,100%
FPT,Công ty TNHH Đầu tư FPT,100%
THA,CTCP Sản xuất Phụ tùng Ô tô,51%
THA,Công ty TNHH Vũng Tàu Trường Hải,51%
DXG,CTCP Vicco Sài Gòn,99.99%
DXG,CTCP Đầu tư Kinh doanh Bất động sản Hà An,99.99%
DXG,CTCP In nông nghiệp,99.99%
DXG,CTCP Sài Gòn Riverview,99.99%
PLX,Công ty TNHH MTV Xăng dầu Sông Bé,100%
PLX,Công ty Xăng dầu Vĩnh Long,100%
PLX,Công ty TNHH MTV Xăng dầu Đồng Tháp,100%
VIC,CTCP Kinh doanh và Thương mại Dịch vụ Vinpro,100%
VIC,Công ty TNHH Một thành viên Vinschool,100%
VGT,CTCP Len Việt Nam,67.1%
VGT,CTCP Dệt May Huế,65.5%
VGT,Tổng Công ty cổ phần Dệt may Hòa Thọ,61.87%
VGT,Công ty CP SXKD Nguyên liệu Dệt May Việt Nam,61.6%
VGT,Công ty cổ phần Sợi Phú Bài,53.85%
VGT,Tổng CTCP Dệt May Nam Định,53.7%
SJG,Công ty Cổ phần Sông Đà 9,58.5%
SJG,Công ty TNHH MTV Hạ tầng Sông Đà,51.01%
SJG,Công ty Cổ phần Tư vấn Sông Đà,51.01%
SJG,Công ty Cổ phần Sông Đà 3,51%
FPT,Công ty Cổ phần Viễn thông FPT,45.65%
FPT,Công ty cổ phần Dịch vụ Trực tuyến FPT,19.03%
DXG,Công ty TNHH Xây dựng Thương mại Dịch vụ Hà Thuận Hùng,99.97%
DXG,CTCP Công Nghệ Thông Tin BĐS Đất Xanh,99.96%
PLX,Công ty Xăng dầu Đồng Nai,100%
PLX,Công ty Xăng dầu Long An,100%
VIC,Công ty TNHH Dịch vụ Bảo vệ Vincom,100%
VIC,Công ty TNHH Việt Nam Grand Prix,100%
VGT,CTCP Vinatex Phú Hưng,52%
VGT,Tổng Công ty cổ phần Phong Phú,51%
VGT,TCP Phát triển hạ tầng Dệt May Phố Nối,51%
VGT,CTCP Đầu tư Phát triển Vinatex,49%
VGT,Công ty cổ phần Bông Việt Nam,19.97%
SJG,CTCP PCCC & ĐTXD Sông Đà (Hà Nội),51%
SJG,CTCP Đầu tư phát triển điện Sê San 3A (Gia Lai),51%
SJG,Công ty Cổ phần Thủy điện Cần Đơn,50.96%
SJG,Công ty Cổ phần Sông Đà 12,49%
SJG,Công ty Cổ phần Sông Đà 2,46.42%
SJG,Công ty Cổ phần Cơ khí - lắp máy Sông Đà,46.15%
ABB,Công ty TNHH MTV Quản lý nợ và Khai thác tài sản Ngân hàng TMCP An Bình (ABBA),100%
ABB,Công ty TNHH MTV Dịch vụ bảo vệ ABBA,100%
DXG,CTCP Đầu tư Dầu khí Thăng Long,99.9%
DXG,CTCP Đầu tư Bất Động Sản Miền Bắc,99.9%
PLX,Công ty Xăng dầu Tiền Giang,100%
PLX,Công ty Xăng dầu Bến Tre,100%
PLX,Công ty Xăng dầu Tây Ninh,100%
PLX,Công ty TNHH MTV Xăng dầu Tây Nam Bộ,100%
VIC,CTCP VinWonder,100%
VIC,Công ty TNHH Đầu tư Kinh doanh và Thương mại P&S,100%
VIC,Công ty TNHH Dịch vụ Vận tải Sinh thái Vinbus,100%
SJG,Công ty CP Phát triển nhà Khánh Hòa,36%
VNM,Công ty TNHH MTV Bò sữa Thống Nhất Thanh Hóa,100%
VNM,Driftwood Dairy Holdings Corporation,100%
VNM,Vinamilk Europe Spóstka Z Organiczona Odpowiedzialnoscia,100%
VNM,Angkor Dairy Holdings Corporation,100%
VNM,Công ty TNHH MTV Bò sữa Việt Nam,100%
VNM,CTCP Đường Việt Nam,65%
VNM,"Lao-Jagro Development XiengKhouang Co., Ltd.,",51%
DXG,CTCP Đầu tư dầu khí Nha Trang (PVIN),99.87%
DXG,CTCP Bất động sản Linkgroup,80.47%
DXG,Công ty TNHH Đầu tư Sài Gòn Riverside,75%
PLX,Công ty Xăng dầu An Giang,100%
PLX,Công ty Xăng dầu Trà Vinh,100%
PLX,Công ty Xăng dầu Cà Mau,100%
PLX,Công ty TNHH MTV Petrolimex Singapore,100%
PLX,Công ty TNHH 1 thành viên Petrolimex Lào,100%
VIC,Công ty cổ phần Phát triển đô thị Nam Hà Nội,100%
VIC,CTCP Bệnh viện Đa khoa Quốc tế Vinmec,100%
DXG,Công ty TNHH Đầu tư Xây dựng Ngọc Lễ,75%
DXG,CTCP Dịch Vụ Bất Động Sản Đất Xanh Nam Trung Bộ,71%
DXG,CTCP Dịch vụ và Đầu tư Đất Xanh Đông Nam Bộ,70%
DXG,CTCP Đầu tư và Dịch Vụ Đất Xanh Miền Nam,65%
PLX,Tổng Công ty Vận tải thủy Petrolimex-Công ty TNHH MTV,100%
PLX,Công ty Xăng dầu B12,100%
PLX,Công ty Xăng dầu Hà Sơn Bình,100%
PLX,Công ty Xăng dầu Lào Cai,100%
PLX,Công ty Xăng dầu Yên Bái,100%
VIC,Công ty TNHH Vinpearl Travel,99.97%
VIC,Công ty Cổ phần Vinpearl,99.97%
VIC,Công ty TNHH Giáo dục và Đào tạo VinAcademy,99.37%
HSG,Công ty TNHH MTV Hoa Sen Nghệ An,100%
HSG,Công ty TNHH MTV Hoa Sen Hà Nam,100%
HSG,Công ty TNHH Một thành viên Đầu tư Khu Liên hợp luyện cán thép Hoa Sen Cà Ná - Ninh Thuận,100%
HSG,Công ty TNHH Một thành viên Đầu tư Hạ tầng khu công nghiệp Hoa Sen Cà Ná - Ninh Thuận,100%
HSG,Công ty TNHH MTV Cảng tổng hợp Quốc tế Hoa sen Cà Ná - Ninh Thuận,100%
HSG,Công ty TNHH MTV Năng lượng tái tạo Hoa Sen Cà Ná - Ninh Thuận,100%
HSG,Công ty TNHH MTV xi măng Hoa Sen Cà Ná - Ninh Thuận,100%
HSG,Công ty TNHH MTV VLXD Hoa Sen Yên Bái,100%
HSG,CTCP Hoa Sen Yên Bái,70%
DXG,CTCP Dịch vụ và Địa Ốc đất xanh miền Bắc,63.65%
DXG,CTCP Đất Xanh Nam Bộ,63%
DXG,CTCP Đầu Tư Và BĐS Đất Xanh Miền Đông,61%
DXG,CTCP Dịch Vụ Và Xây Dựng Đất Xanh Miền Tây,61%
DXG,CTCP Dịch vụ Tài chính Bất động sản Tulip,60%
PLX,Công ty Xăng dầu Tuyên Quang,100%
PLX,Công ty Xăng dầu Bắc Thái,100%
PLX,Công ty Xăng dầu Hà Bắc,100%
PLX,Công ty Xăng dầu Phú Thọ,100%
PLX,Công ty Xăng dầu Hà Nam Ninh,100%
VIC,CTCP Bất động sản Xavinco,96.22%
VIC,CTCP Đầu Tư Và Phát Triển Du Lịch Phúc An,95%
VIC,Công ty Cổ phần Cảng Nha Trang,91.9%
EIB,Công ty Quản lý nợ và Khai thác tài sản Ngân hàng TMCP Xuất nhập khẩu Việt Nam,100%
DXG,CTCP Đầu tư và Dịch vụ Saigon Real,60%
DXG,CTCP Đầu tư và Dịch vụ City Real,60%
DXG,CTCP Đất Xanh Premium,59%
DXG,Công ty Cổ phần Dịch vụ Bất động sản Đất Xanh,56.28%
PLX,Công ty Xăng dầu Thanh Hoá,100%
PLX,Công ty Xăng dầu Nghệ An,100%
PLX,Công ty Xăng dầu Hà Tĩnh,100%
VIC,CTCP  Đầu tư Khu Công nghiệp Vinhomes,90%
VIC,CTCP Kinh doanh Bất động sản MV Việt Nam,89.84%
VIC,Công ty cổ phần Đầu tư và Phát triển Đô thị Sài Đồng,89.5%
ACB,Công ty TNHH MTV Cho thuê tài chính Ngân hàng Á Châu (ACBL),100%
ACB,Công ty TNHH Quản lý nợ và Khai thác tài sản Ngân hàng Á Châu (ACBA),100%
ACB,Công ty TNHH Chứng khoán ACB,100%
ACB,Công ty TNHH MTV Quản lý Quỹ ACB (ACBC),100%
DXG,CTCP BĐS Đất Xanh Plus,55%
DXG,CTCP Đất Xanh Miền Trung,55%
DXG,CTCP Công Nghệ Thông Tin BĐS Việt Nam,54%
PLX,Tổng công ty Dịch vụ Xăng dầu Petrolimex,100%
PLX,Công ty TNHH MTV Xăng dầu KV2,100%
PLX,Công ty Xăng dầu KV1 – Công ty TNHH MTV,100%
PLX,Công ty Xăng dầu KV5 – Công ty TNHH MTV,100%
PLX,Công ty Xăng dầu KV3 – Công ty TNHH MTV,100%
VIC,Công ty TNHH Phát triển Công viên Trung tâm,89.5%
DXG,CTCP Bất động sản Kết Nối,52.71%
DXG,CTCP Đất Xanh Nam Miền Trung,51.86%
DXG,CTCP Đô thị thông minh Việt Nam,51.29%
DXG,CTCP Phát triển Bất động sản Emerald,51%
PLX,Công ty Xăng dầu Thái Bình,100%
PLX,Công ty Xăng dầu Lai Châu,100%
PLX,Công ty TNHH Thương mại Dịch vụ Hải Châu,92.04%
PLX,Cty liên doanh TNHH kho X.Dầu ngoại quan Vân phong,85%
VIC,CTCP Giải pháp và Dịch vụ Công nghệ Vantix,84%
VIC,CTCP Trung tâm Hội chợ Triển lãm Việt Nam,83.32%
NAB,Công ty TNHH MTV Quản lý nợ & Khai thác tài sản-Ngân hàng TMCP Nam Á,100%
DXG,CTCP Dịch vụ và Địa ốc Đất Xanh Duyên Hải,51%
DXG,CTCP Bất Động Sản Bắc Bộ,51%
DXG,CTCP Bất Động Sản Bắc Trung Bộ,51%
PLX,Tổng Công ty Hóa dầu Petrolimex-CTCP,79.07%
PLX,Công ty Thương mại Dịch vụ Cái Bè,62.04%
PLX,Công ty TNHH Hóa chất PTN,60%
PLX,CTCP Nhiên liệu bay Petrolimex,59%
VIC,Công ty Vingroup Hàn Quốc,80%
STB,Công ty TNHH MTV Cho thuê Tài chính Ngân hàng Sài Gòn Thương Tín (SBL),100%
STB,Công ty TNHH Quản lý và khai thác nợ Tài sản Ngân hàng Sài gòn Thương Tín (SBA),100%
STB,Công ty Kiều hối Ngân hàng Sài Gòn Thương Tín (SBR),100%
STB,Công ty TNHH MTV Vàng bạc đá quý Sài Gòn Thương Tín (SBJ),100%
SAB,Công ty TNHH MTV Thương mại Bia Sài Gòn,100%
SAB,Công ty TNHH MTV Bia Sài Gòn - Hà Tĩnh,100%
SAB,Công ty TNHH MTV Bia Sài Gòn,100%
DXG,CTCP Hùng Vương,51%
DXG,CTCP Dịch vụ Quản lý Tài sản và Đầu tư Asahi Japan,51%
DXG,CTCP Đất Xanh Miền Trung Emerald,51%
DXG,CTCP Dịch Vụ Đất Xanh Cần Thơ,51%
PLX,CTCP Vận tải Hóa dầu VP,57.61%
PLX,Công ty Cổ phần Xuất nhập khẩu Petrolimex,52.67%
PLX,Tổng Công ty Gas Petrolimex-CTCP,52.37%
VIC,Công ty TNHH Triển khai Hệ thống Phần mềm Vinsoftware,80%
VIC,Công ty TNHH Vintech Ventures,80%
STB,Sacombank Cambodia Plc,100%
STB,Chi nhánh Lào,100%
SAB,Công ty TNHH MTV Tập đoàn Bia Sài Gòn,100%
SAB,Công ty TNHH MTV Cơ khí Sabeco,100%
VTR,Viet Nam Travel and Marketing Transports Joint Stock Company - Vietravel,100%
VTR,Công ty Sài Gòn City Travel & Tours LLC,100%
VTR,Viet Nam Travel and Marketing Transports Private Limited,100%
VTR,Công ty TNHH An Incentives,100%
VTR,Công ty TNHH Indochina Heritage Travel,100%
VTR,Công ty TNHH MTV đầu tư và phát triển Vietravel,100%
DXG,CTCP BĐS Đất Xanh An Giang,51%
DXG,CTCP Xây dựng FBV,51%
DXG,CTCP Công Nghệ Bất động sản Việt Nam,51%
PLX,Công ty TNHH Xăng dầu Kiên Giang,51%
PLX,CTCP Đầu tư và Dịch vụ Hạ tầng Xăng dầu,51%
PLX,CTCP Tư vấn xây dựng Petrolimex,51%
PLX,Công ty cổ phần Thiết bị Xăng dầu Petrolimex,39.44%
VIC,Công ty TNHH Tư vấn Giải pháp Tự động hóa Quản trị Vinbrain,80%
VIC,Công ty TNHH Vingroup Ru,80%
VIC,Công ty TNHH Vingroup USA,80%
SAB,CTCP Thương mại Bia Sài Gòn Bắc Trung Bộ,95.07%
SAB,CTCP Thương mại Bia Sài Gòn Miền Bắc,94.72%
SAB,CTCP Thương mại Bia Sài Gòn Trung tâm,94.41%
SAB,CTCP Rượu Bình Tây,93.32%
SAB,CTCP Thương mại Bia Sài Gòn miền Trung,91.24%
VTR,CTCP Xuất nhập khẩu và Phát triển Văn Hóa - CDIMEX,72.64%
VTR,Công ty Vietravel Australia Pty Ltd,70%
VTR,CTCP Dịch vụ Vận chuyển Thế Giới,60%
VTR,CTCP Du lịch và Thương mại Đầu tư Đảo Ngọc Bích,51%
DXG,CTCP Địa ốc Viethomes,51%
DXG,CTCP Dịch vụ và Địa ốc Vinahomes,51%
DXG,CTCP Bất động sản Unihomes,51%
PLX,Công ty Cổ phần Cơ khí Xăng dầu,
PLX,Công ty cổ phần Tin học Viễn thông Petrolimex,
PLX,Công ty Xăng dầu Hà Giang,
VIC,Công ty TNHH Vingroup Nhật Bản,80%
VIC,Công ty TNHH Sản xuất và Kinh doanh Phần mềm HMS,80%
VIC,Công ty TNHH Dịch vụ An ninh mạng VINCSS,80%
SAB,CTCP Thương mại Bia Sài Gòn Miền Đông,90.68%
SAB,CTCP Thương mại Bia Sài Gòn Đông Bắc,90.14%
SAB,CTCP Thương Mại Bia Sài Gòn Nam Trung Bộ,90.13%
SAB,CTCP Thương mại Bia Sài Gòn Tây Nguyên,90.01%
ACV,CTCP Dịch vụ nhiên liệu hàng không Nội Bài (NAFSC),60%
ACV,Công ty TNHH dịch vụ bảo dưỡng máy bay Cảng hàng không Miền Nam,51%
DXG,CTCP Dịch vụ và Đầu tư Bất động sản Kinh Bắc,51%
DXG,CTCP Dịch vụ và Đầu tư Phát triển Nhà Đông Nam Bộ,51%
DXG,CTCP Dịch vụ và Đầu tư Địa ốc Bình Thuận,51%
DXG,CTCP Bất Động Sản Bắc Miền Tây,51%
VIC,CTCP Phát Triển Công nghệ VinTech,80%
VIC,Công ty TNHH Vinpearl Travel Ru,80%
VIC,CTCP Hàng Không Vinpearl Air,79.97%
SAB,CTCP Thương mại Bia Sài Gòn Sông Hậu,90%
SAB,CTCP Thương mại Bia Sài Gòn Sông Tiền,90%
SAB,CTCP Bao bì Bia Sài Gòn,76.81%
SAB,CTCP Bia Sài Gòn - Sông Lam,68.78%
SAB,Công ty cổ phần Bia Sài Gòn - Quảng Ngãi,66.56%
SGT,CTCP Đầu tư Kinh Bắc,89%
SGT,CTCP Phân phối và Dịch vụ Saigontel,70%
SGT,CTCP Đầu tư Bất động sản SAIGONTEL,65%
DXG,CTCP Dịch vụ Bất Động Sản Nam Miền Tây,51%
DXG,CTCP Bất động sản Unihomes Miền Nam,51%
DXG,CTCP Bất động sản Unihomes Nam Sài Gòn,51%
DXG,CTCP BĐS Linkhouse Miền Trung,51%
VIC,CTCP VINDFS,79.97%
VIC,CTCP Đầu tư và Phát triển Địa ốc Thành phố Hoàng Gia,78.41%
SAB,Công ty Cổ phần Nước giải khát Chương Dương,61.9%
SAB,Công ty cổ phần Bia Sài Gòn - Nghệ Tĩnh,54.73%
SAB,CTCP Bia Sài Gòn - Hà Nội,52.11%
SAB,"Công ty Cổ phần Bia, Rượu Sài Gòn - Đồng Xuân",51.23%
DXG,CTCP Đầu tư Bất động sản Linkhouse,51%
DXG,CTCP Bất động sản Linkhouse Tây Nam,51%
DXG,CTCP Công nghệ Cocome,50%
VIC,CTCP Kinh doanh và Phát triển thương mại An Thịnh,77.58%
VIC,CTCP Phát triển Thành Phố Xanh,75.24%
SAB,Công ty Cổ phần Bia Sài Gòn - Miền Tây,51%
SAB,Công ty TNHH Một Thành Viên Bia Sài Gòn Sóc Trăng,51%
VIC,CTCP Đầu tư Xây dựng Thái Sơn,75.23%
VIC,Công ty CP Đầu tư và Phát triển Làng Vân,74.28%
VIC,CTCP Đầu tư và Phát triển Sinh Thái,73.83%
VIC,Công ty CP Đô thị Du lịch Cần Giờ,73.79%
VIC,CTCP Delta,73.73%
MSN,CTCP Tầm nhìn Ma San,99.9%
MSN,Công ty TNHH MasanConsumerHoldings,85.7%
MSN,CTCP Masan Nutri-Science,80.8%
SCB,Công ty TNHH MTV Quản lý nợ và khai thác tài sản Ngân hàng TMCP Sài Gòn,100%
VIC,Công ty TNHH Metropolis Hà Nội,73.66%
VIC,Công ty TNHH Đô thị Đại học Quốc tế Berjaya Việt Nam,73.66%
VIC,Công Ty TNHH Thương mại Đầu tư và Phát triển Thiên Niên Kỷ,73.66%
HDB,Công ty TNHH MTV Quản lý nợ & Khai thác tài sản-Ngân hàng TMCP Phát triển T.P Hồ Chí Minh,100%
HDB,Công ty Tài chính TNHH HD SAISON,50%
VBB,Công ty TNHH MTV Quản lý nợ và khai thác tài sản-Ngân hàng TMCP Việt Nam Thương Tín (VietBankAMC),100%
VIC,CTCP Phát triển GS Củ Chi,73.59%
VIC,Công ty TNHH Kinh doanh Bất động sản Phú Gia,72.36%
VIC,Công ty TNHH Xalivico,71.21%
VIC,CTCP Đầu tư Kinh doanh Bất động sản Thăng Long,70.37%
VIC,Công ty TNHH Làng Hoa Thụy Khuê,69.96%
OCB,Công ty TNHH MTV Chuyển tiền quốc tế Ngân hàng Phương Đông,100%
VIC,Công ty cổ phần Vinhomes,66.66%
VIC,Công ty TNHH Bất động sản Tây Tăng Long,66.29%
VIC,CTCP Sách Việt Nam,65.33%
VIC,Công Ty TNHH Đầu Tư Và Phát Triển Đô Thị Gia Lâm,62.76%
VIC,CTCP Nghiên cứu và Sản xuất Vinsmart,62.03%
VIC,Vingroup Global Pte. Ltd.,62.03%
VIC,CTCP VinID Pay,60.97%
DPM,Công ty cổ phần Phân bón và Hóa chất Dầu khí Miền Bắc,75%
DPM,Công ty cổ phần Phân bón và Hóa chất Dầu khí Miền Trung,75%
DPM,Công ty cổ phần Phân bón và Hóa chất Dầu khí Đông Nam Bộ,75%
DPM,Công ty cổ phần Phân bón và Hóa chất Dầu khí Tây Nam Bộ,75%
VIC,CTCP VINFA,59.39%
VIC,CTCP Vincom Retail,56.86%
VIC,Công ty TNHH Vincom Retail Miền Nam,56.86%
VIC,Công ty TNHH Vincom Retail Miền Bắc,56.86%
PVD,Công ty TNHH MTV Địa Vật lý Giếng khoan Dầu khí (PVD Logging),100%
PVD,Công ty TNHH MTV Dịch vụ Giếng khoan Dầu khí (PVD Well Services),100%
PVD,Công ty TNHH MTV Dịch vụ Kỹ thuật Dầu khí Biển (PVD Offshore),100%
VIC,CTCP Đầu tư Bất động sản Hà Thành,56.86%
VIC,CTCP Đầu tư và Phát triển Đô thị Suối Hoa,55.31%
PVD,CTCP Thương mại Dịch vụ Kỹ thuật Khoan Dầu khí PVD (PVD Tech),100%
PVD,Công ty TNHH MTV Khoan Dầu khí nước sâu (PVD Deepwater),100%
PVD,Công ty Liên doanh PV Drilling Overseas,55%
PVD,CTCP Đào tạo Kỹ thuật PVD (PVD Training),52%
LTG,Công ty TNHH Bảo vệ thực vật An Giang - Campuchia,100%
LTG,Công ty TNHH MTV Lương thực Vĩnh Bình,100%
LTG,Công ty TNHH MTV Lương thực Thoại Sơn,100%
LTG,Công ty TNHH MTV Lương thực Tân Hồng,100%
LTG,Công ty TNHH MTV Lương thực Vĩnh Hưng,100%
VIC,Công ty CP Tư vấn Đầu tư và đầu tư Việt Nam,51.76%
VIC,CTCP OneID,51.22%
LTG,Công ty TNHH MTV Lương thực Vĩnh Lộc,100%
LTG,Công ty TNHH MTV Lương thực Vĩnh An,100%
LTG,Công ty TNHH MTV Phân hữu cơ Ân Thịnh Điền,100%
LTG,Công ty TNHH MTV Cà phê Hương Vị Trời,100%
LTG,Công ty TNHH Nghiên cứu và sản xuất giống ứng dụng công nghệ cao Hưng Thịnh,76.51%
LTG,Công ty TNHH Trích ly dầu cám Vĩnh Hòa,60%
LTG,CTCP Lộc Trời - Viên Thị,51%
LTG,Công ty CP Địa ốc An Giang,50.44%
DIG,CTCP Đầu tư Phát triển Xây dựng Hà Nam,100%
DIG,Công ty TNHH Du lịch DIC,99.9%
DIG,CTCP Thủy cung DIG,95%
DIG,Công ty cổ phần Đầu tư Phát triển Xây dựng số 1,51.67%
VIC,CTCP One Mount Group,51.22%
VIC,CTCP Phát triển Thương mại Dịch vụ Adayroi,51.22%
DBC,Công ty TNHH Dầu thực vật Dabaco,
DBC,Công ty TNHH Dabaco Bình Phước,
DBC,Công ty TNHH Lợn giống Hạt nhân DABACO,
DBC,Công ty TNHH MTV Lợn giống Lạc Vệ,
DBC,Công ty TNHH Đầu tư và Phát triển chăn nuôi gia công,
DBC,Công ty TNHH Đầu tư phát triển chăn nuôi lợn Dabaco,
VIC,Công ty TNHH Sản Xuất và Kinh Doanh Vinfast,51.15%
DBC,Công ty TNHH DABACO Tuyên Quang,
DBC,Công ty TNHH lợn giống DABACO Lương Tài,
DBC,Công ty TNHH Lợn giống DABACO Hà Tĩnh,
DBC,Công ty TNHH lợn giống DABACO Hải Phòng,
DBC,Công ty TNHH Lợn giống Dabaco Hà Nam,
DBC,Công ty TNHH lợn giống Dabaco Phú Thọ,
DBC,Công ty TNHH MTV Gà giống DABACO,
DBC,Công ty TNHH MTV Thương mại Hiệp Quang,
DBC,Công ty TNHH Dịch vụ Thương mại Bắc Ninh,
DHC,Công ty TNHH MTV Bao Bì Bến Tre,100%
VIC,Công ty TNHH Kinh doanh thương mại và Dịch vụ Vinfast,51.15%
VIC,Vinfast Engineering Australia Pty Ltd,51.15%
DBC,Công ty TNHH Chế biến thực phẩm DABACO,
DBC,Công ty TNHH Nông nghiệp Công nghệ cao DABACO,
DBC,Công ty TNHH Đầu tư Xây dựng và Phát triển hạ tầng Dabaco,
PTB,Công ty TNHH MTV Toyota Đà Nẵng,100%
PTB,Công ty TNHH MTV Toyota Bình Định,100%
PTB,Công ty TNHH MTV Bất động sản Phú Tài,100%
PTB,Công ty TNHH Đá Granite Thành Châu Phú Yên,100%
PTB,Công ty TNHH MTV Tuấn Đạt,100%
PTB,Công ty TNHH MTV Phú Tài Đồng Nai,100%
PTB,CTCP Vina G7,75%
PTB,Công ty SX Đá Granit TNHH,70%
PTB,CTCP Đá Universal,60%
PTB,CTCP Vật liệu Xây dựng Phú Yên,50.65%
PHR,Công ty TNHH Phước Hòa Kampongthom,100%
PHR,Công ty TNHH cao su Phước Hòa Đắk Lắk,93%
PHR,CTCP Khu công nghiệp Tân Bình,80%
PHR,CTCP Cao su Trường Phát,70%
ACG,Công ty TNHH Malloca Việt Nam,100%
ACG,Công ty TNHH Sản xuất Gỗ An Cường,100%
ACG,Công ty TNHH Aconcept Việt Nam,100%
VIC,Vinfast Germany GmbH,51.15%
VIC,Công ty TNHH Trung tâm Tài chính Việt Nam Berjaya,50.78%
VIC,CTCP Vinfast Leasing,50.64%
VIC,"Iot & Mobility Y Commerce, S.L.",40.8%
VIC,Mundo Reader S.L,40.8%
VIC,Luarna Ediciones S.L.,40.8%
VIC,"Deep Technology & Engineering Services, S.L.",40.8%
VIC,"Contact Services For Satisfaction, S.L.",40.8%
BWE,CTCP Tái chế Vật liệu xanh,95.8%
BWE,CTCP Xây lắp - Điện Biwase,60%
IJC,Công ty TNHH MTV Thương mại Becamex,100%
IJC,Công ty TNHH MTV Khách sạn Becamex,100%
VIC,Educación Y Robótica S.L.,40.8%
VIC,3D Printing & Printers,40.8%
VIC,"BQ-Mundo Rader, Unipessoal Lda",40.8%
NKG,Công ty TNHH MTV Ống Thép Nam Kim,100%
NKG,Công ty TNHH MTV Ống Thép Nam Kim Chu Lai,
VIC,Mundo Reader France S.A.R.L,40.8%
VIC,Mundo Reader GmbH,40.8%
BCM,CTCP Bệnh viện Đa khoa Quốc tế Becamex,85%
BCM,Công ty Cổ phần Phát triển Hạ tầng Kỹ thuật ,79.8%
BCM,CTCP Bệnh viện Mỹ Phước,65.47%
BCM,Công ty Cổ phần Kinh doanh và Phát triển Bình Dương,60.7%
BCM,Công ty Cổ phần Xây dựng và Giao thông Bình Dương,51.82%
VIC,Mundo Reader S.R.L.,40.8%
VIC,Smart European Devices Limited,40.8%
BCM,Đại học Quốc tế miền Đông,51%
BCM,Công ty Cổ phần Phát triển Đô thị,51%
BCM,CTCP Phát triển Giáo dục miền Đông,50%
BCM,CTCP Phát triển Đô thị và Khu công nghiệp Việt Nam-Singapore (VSIP JSC),49%
BCM,CTCP Công nghệ & Truyền thông Việt Nam (VNTT),48.59%
VIC,Xibantronics Trading Company Ltd.,40.8%
VIC,Fundación Para La Educación Y El Desarrollo Tecnológico,40.8%
BCM,CTCP Cấp thoát nước - Môi trường Bình Dương,41%
BCM,CTCP Setia-Becamex,40%
BCM,CTCP Becamex Bình Phước,40%
BCM,CTCP Dược phẩm SaVi,35.19%
BCM,Công ty TNHH Becamex Tokyu,35%
BCM,Công ty cổ phần Dược Becamex,34.33%
BCM,CTCP Phát triển Công nghiệp BW,30%
BCM,CTCP Bảo hiểm Hùng Vương,20%
BCM,Công ty Cổ phần Đầu tư và Xây dựng Bình Dương ACC,
VIC,"Inteligencia Operacional Para La Ingeniería, S.L.",40.48%
VIC,Công ty TNHH Dịch vụ và Kinh doanh Vinfast,33.52%
VIC,Marcha Technology S.L.,24.48%
TLP,Công ty TNHH Công trình đô thị Bình Dương,100%
TLP,Công ty TNHH Đăng kiểm xe cơ giới 61 - 05D,100%
TLP,Công ty TNHH Xăng dầu Bình Dương,80%
TLP,Công ty TNHH Vận tải Thủy bộ Bình Dương,57.97%
TLP,CTCP SXKD Thanh Lễ,56.84%
TLP,Công ty Cổ phần Nông Lâm Nghiệp Bình Dương,35.02%
MPC,Công ty TNHH MTV Sản xuất Chế phẩm Sinh học Minh Phú,100%
MPC,Công ty TNHH Nuôi trồng Thủy sản Minh Phú - Lộc An,100%
MPC,Công ty TNHH MTV Chuỗi Cung ứng Thuỷ Sản Minh Phú,100%
MPC,Công ty TNHH Kho vận EBISUMO,100%
MPC,Công ty TNHH Thực phẩm Minh Phú,100%
MPC,Công ty TNHH Thủy hải sản Minh Phú - Kiên Giang,99.1%
MPC,Công ty TNHH Sản xuất giống thủy sản Minh Phú,98.5%
MPC,Công ty TNHH Chế biến Thủy sản Minh Phát,95%
MPC,Mseafood Corporation (USA),90%
MPC,CTCP Cảng Minh Phú Hậu Giang,83.72%
MPC,CTCP Thủy sản Minh Phú - Hậu Giang,67.5%
MPC,Công ty Cổ phần Nông nghiệp Công nghệ cao Minh Phú,60%
SDG,CTCP Xi măng Tây Đô,51.06%
HAM,Công ty TNHH MTV Thương mại Dịch vụ HAMACO,100%
HAM,Công ty TNHH MTV Thiên An,100%
HAM,Công ty TNHH MTV HAMACO Vị Thanh,100%
HAM,CTCP Bê tông HAMACO,60%
TLH,Công ty TNHH MTV Thép Phúc Tiến,100%
TLH,Công ty TNHH Sản xuất và thương mại Phúc Tiến Hưng Yên,100%
TLH,Công ty TNHH Thép Tây Nguyên,97.35%
TLH,Công ty TNHH Sản xuất và Thương mại Đại Phúc,95.83%
TLH,CTCP Thép Bắc Nam,48%
TID,Công ty cổ phần Tín Nghĩa Lào,100%
TID,Công ty TNHH Đầu tư Khu Công nghiêp Tín Nghĩa,100%
TID,Công ty cổ phần Logistics Tín Nghĩa - ICD Biên Hòa,91.27%
TID,CTCP Dịch vụ Bảo vệ chuyên nghiệp Tín Nghĩa,86.13%
TID,Công ty cổ phần KCN Tín Nghĩa - Phương Đông,80%
TID,Công ty cổ phần Thương mại và Xây dựng Phước Tân,62.7%
TID,Công ty Cổ phần Phát triển Doanh nghiệp nhỏ và vừa Nhật Bản,59.7%
TID,Công ty cổ phần Xăng dầu Tín Nghĩa,58.98%
TID,CTCP chế biến xuất nhập khẩu Nông Sản Đồng Nai,54%
TID,CTCP Đầu tư Nhơn Trạch,51.76%
TID,CTCP Đầu tư Tín Nghĩa Á Châu,51%
TID,Công ty cổ phần Phát triển Khu Công nghiệp Tín Nghĩa,22.7%
SNZ,Công ty Cổ phần Môi trường Sonadezi,64.04%
SNZ,Công ty cổ phần Cấp nước Đồng Nai,53.33%
SNZ,CTCP Đầu tư Xây dựng và Vật liệu Đồng Nai,52.29%
SNZ,Công ty cổ phần Sonadezi Long Thành,51.19%
SNZ,CTCP Sonadezi Giang Điền,51%
SNZ,Công ty Cổ phần Cảng Đồng Nai,34%
SNZ,Công ty Cổ phần Phát triển Đô thị Công nghiệp Số 2,20.37%
DNP,Công ty Cổ phần CMC,"51,139.99%"
DNP,CTCP Đầu tư Hạ tầng nước DNP - Bắc Giang,99.99%
DNP,CTCP Nhựa Đồng Nai Miền Trung,99.33%
DNP,CTCP Công trình Đô thị Châu Thành,90.28%
DNP,CTCP Sản xuất Kinh doanh Nước sạch số 3 Hà Nội,86.36%
DNP,Công ty Cổ phần Đầu tư hạ tầng nước DNP – Long An,86.16%
DNP,CTCP Đầu tư Ngành nước DNP,74.99%
DNP,Công ty Cổ phần Bình Hiệp,70.77%
DNP,CTCP Đầu tư hạ tầng nước DNP - Tiền Giang,70%
DNP,Công ty Cổ phần Cấp thoát nước Tây Ninh,59.41%
DNP,CTCP Cấp thoát nước Bình Thuận,57.26%
DNP,CTCP Nhà máy nước Đồng Tâm,52.68%
DNP,Công ty Cổ phần Tân Phú Việt Nam,51.01%
VHC,Công ty TNHH MTV Vĩnh Hoàn Collagen,100%
VHC,Công ty TNHH MTV Thanh Bình Đồng Tháp,100%
VHC,Công ty TNHH MTV Thực phẩm Vĩnh Phước,100%
VHC,Công ty TNHH Lương thực Vĩnh Hoàn 2,99.3%
VHC,Công ty Cổ phần Xuất nhập khẩu Sa Giang ,76.72%
VHC,Công ty TNHH MTV Vĩnh Hoàn 4,
EVG,CTCP Phát triển Y học An Việt,98%
EVG,CTCP CRYSTAL HOLIDAYS,89.4%
EVG,CTCP EVERLAND VÂN ĐỒN,60%
EVG,CTCP EVERLAND PHÚ YÊN,60%
INN,Công tyTNHH MTV công nghệ chống giả DAC,100%
CRE,CT TNHH TMĐT Ngôi Nhà Thế Kỷ,100%
CRE,CT TNHH Đầu tư và Quản lý thương hiệu Cen,100%
CRE,CT TNHH Cen CUCKOO,100%
CRE,CTCP Bất động sản Cen Sài Gòn,80%
CRE,CTCP Truyền thông và Giải trí Ngôi Sao Mới,80%
CRE,CTCP Cen Academy,56%
CRE,CTCP M&I THẾ KỶ,51%
SRC,Công ty TNHH Sao Vàng Hoành Sơn,26%
SHN,Công ty TNHH Xuất nhập khẩu Hàng hóa Việt Nam,100%
SHN,CTCP Quản lý đường sông số 6,69.19%
SHN,CTCP Ngôi sao An Bình (ABSC),54.55%
VC2,Công ty TNHH Đầu tư và Dịch vụ Đô thị VC2,100%
VC2,CTCP Xây lắp điện nước và Phòng cháy chữa cháy Vinaconex2,68.25%
VPI,Công ty TNHH MTV Đầu Tư Văn Phú - Giảng Võ,100%
VPI,Công ty TNHH Văn Phú CGM,100%
VPI,Công ty TNHH Đầu tư Văn Phú Resort Lộc Bình,100%
VPI,Công ty Cổ phần Đầu Tư Văn Phú Số 2,78.5%
VPI,CTCP Văn Phú Homes,70%
VPI,Công ty Cổ phần Đầu Tư Văn Phú Số 1,67%
XMC,Công ty cổ phần Xuân Mai - Đạo Tú ,86.39%
XMC,Công ty CP Xây lắp Vinaconex Xuân Mai,83.53%
XMC,Công ty CP Bê tông Vinaconex Phan Vũ,82.23%
XMC,CTCP Cơ giới vận tải Vinaconex Xuân Mai,77.78%
XMC,Công ty CP Tư vấn Thiết kế Vinaconex Xuân Mai,68.23%
XMC,CTCP Đầu tư và Xây dựng số 45,60.55%
XMC,CTCP Vinaconex Xuân Mai Đà Nẵng,51%
ITS,Công ty TNHH MTV Itasco Hải Phòng,100%
ITS,Công ty TNHH MTV Kinh doanh Xuất nhập khẩu than Itasco,100%
VPI,Công ty TNHH Đầu tư Văn Phú - Phạm Hùng,65%
VPI,CTCP Kinh doanh và Quản lý khách sạn Lilas,60%
VPI,Công ty Cổ phần Văn Phú - Bắc Ái,60%
VPI,Công ty TNHH BT Hà Đông,50%
FCN,CTCP Năng Lượng FECON,99.99%
FCN,CTCP thi công cọc FECON số 1,99.89%
FCN,CTCP Xử lý nền và Xây dựng FECON,99.56%
FCN,CTCP FECON SOUTH,98.24%
FCN,CTCP Hạ tầng và Phát triển đô thị FECON,87.47%
FCN,CTCP Thiết bị FECON,86.14%
FCN,CTCP Nông nghiệp hữu cơ Đông Khê,78.95%
FCN,Trường THPT Ý Yên,72.9%
FCN,Công ty khoáng sản Hải Đăng,64%
FCN,FECON RAINBOW FOUNDATION CONSTRUCTION CO LTD,60%
FCN,CTCP Công trình ngầm Fecon,55.78%
FCN,CTCP FECON Miltec,50.29%
VJC,VIETJET AIR IVB No.I LIMITED,100%
VJC,VIETJET AIR IVB No.II LIMITED,100%
VJC,"VIETJET AIR SINGAPORE PTE., LTD",100%
VJC,VIETJET AIR IRELAND No.I LIMITED,100%
VJC,SKYMATE LIMITED,100%
VJC,Công ty Cổ phần VietJetAir Cargo,90%
LIG,Công ty TNHH MTV điện mặt trời Quảng Trị,100%
LIG,Công ty TNHH MTV Trường trung cấp nghề công trình 1,100%
LIG,CTCP Licogi 13 - Đầu tư xây dựng và hạ tầng,94%
LIG,Công ty Cổ phần LIG Hướng Hóa 1,90%
LIG,Công ty Cổ phần LIG Hướng Hóa 2,90%
PVI,CTCP Quản lý Quỹ PVI,89%
LIG,CTCP Năng lượng Dầu khí Toàn Cầu,87.1%
LIG,CTCP Sông Nhiệm 3,64%
LIG,CTCP Licogi 13 - Cơ giới hạ tầng IMC,62.8%
LIG,CTCP LICOGI13 - Vật liệu xây dựng CMC,61.65%
LIG,Công ty cổ phần Địa ốc Xanh Sài Gòn Thuận Phước,61.5%
LIG,Công ty cổ phần Đầu tư Nông nghiệp Sài Gòn Thành Đạt,52%
LIG,CTCP LICOGI13- Nền móng Xây dựng FC,51%
SHI,Công ty TNHH MTV Sơn Hà SSP Việt Nam,100%
SHI,Công ty TNHH MTV Sơn Hà Nghệ An,100%
SHI,Công ty TNHH MTV Thiết bị Gia dụng  Sơn Hà Bắc Ninh,100%
SHI,Công ty TNHH MTV Kinh doanh và Phát triển Dịch vụ Sơn Hà Miền Bắc,100%
SHI,CTY TNHH MTV TOÀN MỸ MIỀN TRUNG,100%
SHI,CÔNG TY TNHH QUẢN LÝ VẬN HÀNH VÀ KINH DOANH NƯỚC SẠCH  SƠN HÀ,100%
SHI,Công ty TNHH MTV Thiết bị Nhà bếp Sơn Hà,95%
SHI,CÔNG TY CỔ PHẦN ĐIỆN MẶT TRỜI SƠN HÀ FREE SOLAR,90%
SHI,CÔNG TY CỔ PHẦN TỔNG CÔNG TY TOÀN MỸ (TMY),74.34%
SHI,CTCP Kinh doanh và Phát triển dự án Sơn Hà,69%
SHI,CÔNG TY CP CÔNG NGHỆ XỬ LÝ NƯỚC VÀ MÔI TRƯỜNG SƠN HÀ,60%
SHI,CTCP Sản xuất và Dịch vụ Sơn Hà,51%
SHI,Công ty cổ phần Cấp thoát Nước Lạng Sơn,51%
SHI,Công ty Cổ phần Phát triển năng lượng Sơn Hà,50.38%
SHI,Sonha Myanmar International Limited,45%
SHI,CÔNG TY CỔ  PHẦN  HANSSEM,30%
S99,Công ty TNHH SCI Điện Biên,99.94%
S99,Công ty TNHH SCI Lai Châu,98.98%
S99,Công ty TNHH SCI Nghệ An,79.54%
S99,CTCP Tư vấn SCI,65%
S99,Công ty Cổ phần SCI E&C,51%
CEO,Công ty TNHH C.E.O Quốc tế (CEO Quốc tế),100%
CEO,Trường Cao đẳng Đại Việt,100%
CEO,Công ty TNHH C.E.O Hospitality (CEO Hospitality),100%
CEO,Công ty TNHH MTV Tư vấn thiết kế C.E.O (CEO Design),100%
CEO,Công ty Cổ phần Phát triển Quảng Bình (CEO Quảng Bình),99%
CEO,Công ty Cổ phần Đầu tư và Phát triển Nha Trang (CEO Nha Trang),99%
CEO,Công ty Cổ phần Đầu tư và Phát triển du lịch Vân Đồn (CEO Vân Đồn),90%
CEO,Công ty Cổ phần Đầu tư và Phát triển Phú Quốc (CEO Phú Quốc),60%
CEO,Công ty Cổ phần Phát triển nhà và đô thị Phú Quốc (CEO Đảo Ngọc),51.58%
CEO,Công ty Cổ phần Xây dựng C.E.O (CEO Xây dựng),51%
CEO,Công ty Cổ phần Phát triển Dịch vụ C.E.O (CEO Dịch vụ),51%
CEO,Công ty Cổ phần Du lịch C.E.O (CEO Travel),51%
C4G,Công ty cổ phần Green Tea Islands,100%
C4G,Công ty cổ phần Đầu tư CIENCO4 Land,68.88%
CMG,Công ty TNHH Tổng Công ty Công nghệ và Giải pháp CMC,100%
CMG,Công ty TNHH Công nghệ và Giải pháp CMC Sài Gòn,100%
CMG,Công ty TNHH Sản xuất và Dịch vụ CMC,100%
CMG,Viện Nghiên cứu và Ứng dụng Công nghệ CMC,100%
CMG,Công ty TNHH CMC Đà Nẵng,100%
CMG,Công ty Cổ phần CMC Japan,100%
CMG,Công ty TNHH CMC Châu Á Thái Bình Dương,100%
CMG,Công ty TNHH CMC Global,100%
CMG,Công ty TNHH Sản xuất và Thương mại CMC,100%
CMG,Công ty TNHH An ninh An toàn Thông tin CMC,100%
CMG,CTCP Hạ tầng Viễn thông CMC,54.63%
CMG,CTCP Liên doanh CMC Ciber (CMC Ciber),51%
OGC,CTCP Đầu tư Đại Dương Thăng Long,94%
OGC,CTCP Phát triển Tài nguyên thiên nhiên Đại Dương,69%
OGC,Công ty Cổ phần Khách sạn và Dịch vụ OCH,59.85%
OGC,Công ty CP Fafim Việt Nam,50.94%
DPG,Công ty TNHH MTV Đạt Phương Sài Gòn,100%
DPG,CTCP Đạt Phương Hội An,80%
DPG,CTCP Xây dựng Đạt Phương số 1,70%
DPG,Công ty cổ phần 30-4 Quảng Ngãi,68.3%
DPG,Công ty cổ phần Sông Bung,61.32%
FIT,Công ty TNHH Xuất nhập khẩu và Thương mại F.I.T Việt Nam,100%
FIT,CTCP Đầu tư Bất động sản FIT,99.69%
FIT,Công ty Cổ phần Dược phẩm Cửu Long,58.05%
FIT,Công ty Cổ phần Vật tư kỹ thuật Nông nghiệp Cần Thơ,41.07%
GEX,CTCP Thiết bị điện GELEX,100%
GEX,CTCP Hạ tầng GELEX,100%
GEX,Tổng Công ty Viglacera - CTCP,24.95%
DAG,Công ty TNHH Nhựa Đông Á,100%
DAG,Công ty TNHH Smartwindow Việt Nam,100%
DAG,Công ty TNHH Một thành viên Nhựa Đông Á,100%
FLC,Công ty TNHH MTV Quản lý khách sạn và Khu nghỉ dưỡng FLC,100%
FLC,Công ty TNHH FLC Quảng Bình Golf & Resort,100%
FLC,Công ty TNHH Đầu tư phát triển và Quản lý khu công nghiệp FLC,100%
FLC,Công ty TNHH Vàng bạc đá quý FLC,100%
FLC,Công ty TNHH Đầu tư và Phát triển FLC Hạ Long,100%
FLC,Công ty TNHH BOT Khai thác quản lý bãi biển FLC Sầm Sơn,100%
HDG,Công ty Đầu tư Quốc tế Hà Đô,100%
HDG,Công ty TNHH MTV Quản lý- Vận hành- Khai thác BĐS Hà Đô,100%
HDG,CTCP đầu tư Bất động sản Bình An Riverside,99%
HDG,CTCP Hà Đô Bình Thuận,76%
HDG,CTCP Hà Đô Ninh Thuận,75%
HDG,Công ty CP Đầu tư Khánh Hà,65%
PC1,Công ty TNHH MTV Xây lắp điện 1 – Đại Mỗ,100%
PC1,Công ty TNHH MTV Xây lắp điện 1 – Miền Nam,100%
PC1,Công ty TNHH MTV Xây lắp điện 1 – Hoàng Mai,100%
PC1,Công ty TNHH MTV Xây lắp điện 1 – Mỹ Đình,100%
PC1,Công ty TNHH MTV Xây lắp điện 1 – Miền Bắc,100%
PC1,Công ty TNHH MTV Xây lắp điện 1 – Từ Liêm,100%
PC1,Công ty TNHH MTV Xây lắp điện 1 – Hà Đông,100%
THD,Công ty TNHH MTV Thaiholdings Hà Nam,100%
THD,Công ty TNHH đầu tư và phát triển THD,88%
FLC,Công ty TNHH FLC Sam Sơn Golf & Resort,100%
FLC,CTCP FLC Quy Nhơn Golf & Resort,100%
FLC,CTCP FLC Land,100%
FLC,Công ty TNHH FLC Đồ Sơn Golf & Resort,100%
FLC,Công ty CP Địa ốc Star Hà Nội,99.4%
FLC,CTCP Nước giải khát FLC,99%
HDG,Công ty Cổ phần Hà Đô - 756 Sài Gòn,63%
HDG,Công ty TNHH Hỗn hợp Dịch Vọng,50%
HDG,Công ty Cổ phần Thiết bị giáo dục 1,35%
PC1,Công ty TNHH MTV Xây lắp điện 1 – Hà Nội,100%
PC1,Công ty TNHH MTV Xây lắp điện 1 – Nàng Hương,100%
PC1,Công ty TNHH MTV Xây lắp điện 1 - Ninh Bình,100%
PC1,CTCP Thủy điện Trung Thu,100%
PC1,CTCP Thương mại đầu tư Tiến Bộ,99.77%
PC1,CTCP đầu tư Địa ốc Mỹ Đình,99.39%
PC1,Công ty CP Cơ khí ô tô Hòa Bình,99.34%
PC1,CTCP thủy điện Bảo Lâm,91.83%
PC1,CTCP Đầu tư Năng lượng Miền Bắc,90%
PC1,Công ty TNHH Chế tạo cột thép Đông Anh,90%
PC1,CTCP Lắp máy công nghiệp Việt Nam,51%
TRA,Công ty TNHH MTV Traphaco Sapa,100%
TRA,Công ty TNHH MTV Traphaco Hưng Yên,100%
TRA,Công ty Cổ phần Dược - Vật tư Y tế Đăk Lăk,58.21%
TRA,Công ty cổ phần Công nghệ cao Traphaco,50.97%
PAN,CTCP Thực phẩm PAN (PAN Food),99.99%
PAN,CTCP Phân phối hàng tiêu dùng PAN (PAN CG),99.99%
PAN,CTCP Chế biến thực phẩm PAN (PFM),99.96%
PAN,Công ty Cổ phần Bibica,98.3%
PAN,Công ty cổ phần PAN FARM,81.92%
PAN,Công ty Cổ phần Chế biến Hàng xuất khẩu Long An,80.52%
PAN,CTCP Cà phê Golden Beans (Goldens Bean),79.6%
PAN,CTCP Thủy sản 584 Nha Trang,73.45%
PAN,Công ty Cổ phần Xuất nhập khẩu Thủy sản Bến Tre,62.6%
PAN,CTCP PAN-HULIC (PAN-HULIC),51%
FLC,Công ty TNHH Đầu tư và Quản lý toà nhà Ion Complex,98.91%
FLC,CTCP Du lịch và Sự kiện FLC,98%
FLC,CTCP Đầu tư Địa ốc Alaska,93.5%
FLC,Công ty TNHH Hàng không Tre Việt,51.2%
PAN,Công ty Cổ phần Thực phẩm Sao Ta ,32.83%
PAN,Công ty cổ phần Tập đoàn Giống cây trồng Việt Nam,
HAH,Công ty TNHH Cảng Hải An,100%
HAH,Công ty TNHH Pan Hải An,51%
HAH,Công ty TNHH Vận tải Container Hải An,50.5%
VRE,Công ty TNHH Vincom Retail Miền Bắc,100%
VRE,Công ty TNHH Vincom Retail Miền Nam,100%
VRE,CTCP Đầu tư và Phát triển Đô thị Suối Hoa,97.27%
ROS,Công ty TNHH Đầu tư và Phát triển FLC Faros Vân Đồn,100%
ROS,Công ty TNHH Đầu tư và Phát triển Eden Garden,100%
ROS,Công ty TNHH Đầu tư và Phát triển Bright Future,100%
ROS,Công ty TNHH Đầu tư và Phát triển Golden Choice,100%
ROS,Công ty TNHH Đầu tư tài chính và Quản lý tài sản RTS,100%
ROS,CTCP Đầu tư & Phát triển Vườn thú Faros,90%
PHC,CTCP Phú Lâm,80%
PHC,CTCP Nhà Mỹ Xuân Hà Nội,79%
PHC,CTCP Đầu tư xây dựng Phục Hưng số 3,55%
PHC,CTCP Đầu tư xây dựng Phục Hưng số 7,40%
PVF,CTCP Du lịch biển Mỹ Khê,99.95%
PVF,Công ty Cổ phần Quản lý quỹ Đầu tư Tài chính Dầu khí,51%
G36,Công ty TNHH BOT 36.71,100%
G36,Công ty Cổ phần 36.62,60%
G36,Công ty TNHH 36.Home,55%
G36,Công ty Cổ phần 36.66,55%
G36,Công ty cổ phần 36.68,55%
BHN,CTCP TNHH MTV Thương mại Habeco,100%
BHN,CTCP Bia Hà Nội - Quảng Tri,98.56%
BHN,CTCP Đầu tư phát triển công nghệ Bia rượu Nước giải khát Hà Nội,96.1%
BHN,CTCP Bao bì Bia rượu Nước giải khát,68.95%
BHN,Công ty Cổ phần Bia Hà Nội - Thái Bình,66.31%
BHN,CTCP Bia Hà Nội - Hải Phòng,65.01%
BHN,Công ty Cổ phần Bia Hà Nội - Quảng Bình,62.05%
BHN,Công ty Cổ phần Thương mại Bia Hà Nội,60%
BHN,Công ty cổ phần Bia Hà Nội - Thanh Hóa,55%
BHN,Công ty Cổ phần Bia Hà Nội - Hải Dương,55%
BHN,Công ty cổ phần Rượu và Nước giải khát Hà Nội,54.29%
BHN,CTCP Bia Hà Nội - Hồng Hà,53.89%
BHN,CTCP Bia Thương mại Hà Nội - Quảng Ninh,52.64%
BHN,CTCP Bia Hà Nội - Nghệ An,51%
BHN,Công ty Cổ phần Bia Hà Nội - Nam Định,51%
BHN,Công ty Cổ phần Habeco - Hải Phòng,14.06%
VCG,Công ty Cổ Phần Xây dựng số 4,100%
VCG,Công ty TNHH MTV Giáo dục Lý Thái Tổ,100%
VCG,Công ty TNHH Bohemia,100%
VCG,CTCP Bất động sản Vinaconex,100%
VCG,CTCP Bách Thiên Lộc,99.99%
VCG,Công ty Cổ phần Vinaconex Dung Quất,95.51%
VCG,Công ty Cổ phần Xây dựng số 1,89.41%
VCG,CTCP Xây dựng số 17,82.09%
VCG,Công Ty Cổ Phần Vinaconex Sài Gòn,76.25%
VCG,CTCP Xây dựng Vinaconex Đà Nẵng,73.59%
VCG,Công ty Cổ phần Vinaconex 25,66.33%
VCG,Công Ty Cổ Phần Vinaconex 27,57.33%
VCG,CTCP Xây dựng và Xuất nhập khẩu Quyết Thắng,56%
VCG,CTCP Phát triển Thương mại VINACONEX,55%
VCG,Công ty CP Xây dựng Vinaconex số 16,51.93%
MGG,Công ty TNHH May Đức Giang,100%
VCG,Công ty Cổ phần Vimeco,51.41%
VCG,Công ty Cổ phần Đầu tư và Phát triển Du lịch Vinaconex,51%
VCG,Công ty cổ phần VINACONSULT,51%
VCG,CTCP Đầu tư Xây dựng và Kinh doanh nước sạch VIWACO,51%
DVN,Công ty CP Dược phẩm Trung ương Codupha,66.35%
DVN,Công ty CP Dược phẩm Trung ương CPCI,65.41%
DVN,CTCP Dược Trung ương 3,65%
VCG,CTCP Siêu thị và Xuất nhập khẩu Thương mại Việt Nam,51%
VCG,Công ty Cổ phần Đầu tư Phát triển điện Miền Bắc 2,49.1%
VCG,Công ty Cổ phần Nhân lực và Thương mại Vinaconex,44.2%
VCG,Công ty Cổ phần Đầu tư Nước sạch Sông Đà,
PVC,Công ty TNHH Dung dịch khoan và Dịch vụ dầu khí,100%
PVC,Công ty Cổ phần Hóa phẩm dầu khí DMC - miền Nam,51%
PVC,Công ty TNHH Dung dịch Khoan M-I Việt Nam,51%
LLM,CTCP Lilama South East Asia SDN BHD,99%
LLM,CTCP Tư vấn quốc tế LHT,60%
LLM,Công ty Cổ phần Lilama 5,51%
LLM,Công ty Cổ phần Lilama 7,51%
LLM,Công ty Cổ phần Cơ khí Lắp máy Lilama,51%
LLM,Công ty Cổ phần Lilama 69-1,41.1%
LLM,CTCP Lilama 69-3,36%
LLM,Công ty cổ phần Lilama 10 ,36%
LIC,Công ty TNHH MTV Nhà ở và Đô thị LICOGI,100%
LIC,Công ty TNHH MTV Đầu tư và Xây dựng LICOGI 12,100%
LIC,CTCP Kỹ thuật nền móng và Xây dựng 20,92.58%
LIC,Công ty Cổ phần Lắp máy điện nước - LICOGI,89.92%
LIC,Công ty cổ phần Cơ khí Đông Anh Licogi,89.06%
LIC,CTCP Licogi 15,64.64%
LIC,Công ty cổ phần Licogi Quảng Ngãi,63.16%
LIC,CTCP Tư vấn Licogi,60%
LIC,CTCP Cơ giới và Xây lắp số 10,57.71%
LLM,Công ty Cổ phần Lilama 18,36%
LLM,CTCP Lilama 45.1,36%
LLM,Công ty Cổ phần Lilama 69-2,
LIC,CTCP Licogi 17,56.33%
LIC,"Công ty Cổ phần Đầu tư, Xây lắp và Vật liệu Xây dựng Đông Anh",51.85%
LIC,CTCP Cơ giới và Xây lắp số 9,51%
M10,Công ty TNHH May Phù Đổng,60.97%
VEA,Công ty TNHH MTV Cơ khí Trần Hưng Đạo,100%
VEA,Công ty TNHH MTV Diesel Sông Công,100%
VEA,Công ty TNHH MTV Máy kéo & Máy NN,100%
VEA,Công ty TNHH MTV SVEAM,100%
VEA,Viện Công nghệ,100%
VEA,VEAM Korea,89%
VEA,Công ty Cổ phần Phụ tùng máy số 1,54.99%
VEA,CTCP Cơ khí Cổ Loa,53.66%
VEA,CTCP Vận tải và Thương mại VEAM,51%
TBD,Công ty TNHH MTV Thiết bị lưới điện - EEMC,100%
TBD,Công ty TNHH MTV Thiết kế và Chế tạo thiết bị điện - EEMC,100%
VEA,CTCP Cơ khí Phố Yên,51%
VEA,CTCP Cơ khí Chính xác số 1,51%
VEA,CTCP Matexim Hà Nội,51%
VEA,CTCP Cơ khí Vinh,49%
HTM,CTCP phát triển siêu thị Hà Nội,83.42%
HTM,CTCP Đầu tư Thương mại Hapro Đà Nẵng,78.58%
HTM,Công ty cổ phần đầu tư thương mại và dịch vụ Chợ Bưởi.,62%
HTM,Công ty Cổ phần rượu Hapro,54.58%
HTM,Công ty Thương mại dịch vụ Tràng Thi,53.33%
HTM,CTCP XNK TCMN và Du lịch Thương nhân Hapro,52.5%
HTM,Công ty Cổ phần Thuỷ Tạ,51.25%
HTM,Công ty cổ phần sự kiện và ẩm thực Hapro,51%
HTM,Công ty Cổ phần Gốm Chu Đậu,51%
HTM,Công ty Cổ phần Thực phẩm Hà Nội,20%
HAN,Công ty TNHH MTV Hancorp 3,100%
HAN,Công ty TNHH MTV HANTECH,100%
HAN,CTCP Thiết bị và Vật liệu Xây dựng Hancorp,80%
HAN,CTCP Đầu tư và thương mại Hancorp1,51%
HAN,CTCP Đầu tư và Xây dựng số 1 Hà Nội,50.36%
HAN,CTCP Đầu tư Phát triển nhà và Xây dựng Tây Hồ,50.09%
MVN,Công ty cổ phần Cảng Đà Nẵng,112.5%
MVN,Công ty Cổ phần Cảng Cần Thơ,99.05%
MVN,Công ty cổ phần Cảng Hải Phòng,92.56%
MVN,Công ty cổ phần Cảng Cam Ranh ,80.9%
MVN,Công ty Cổ phần Cảng Sài Gòn,65.45%
MVN,Công ty Cổ phần Đầu tư Cảng Cái Lân,56.58%
MVN,Công ty cổ phần Đại lý Hàng hải Việt Nam  ,51.05%
AAA,Công ty Cổ phần An Tiến Industries,104.28%
AAA,CTCP Khu công nghiệp Kỹ thuật cao An Phát 1,89.33%
AAA,CTCP An Thành Bicsol,74.12%
AAA,Công ty TNHH An Thành Bicsol Singapore PTE,63.54%
AAA,CTCP Nhựa bao bì An Vinh,56.51%
AAA,CTCP Liên vận An Tín,44.48%
AAA,Công ty TNHH KCN Kỹ thuật cao An Phát,
APH,Công ty Cổ phần Nhựa An Phát Xanh,52.26%
APH,Công ty Cổ phần Nhựa Hà Nội,27.66%
APH,Công ty Cổ phần An Tiến Industries,
MVN,Công ty Cổ phần Vận tải biển Việt Nam,51%
MVN,Công ty Cổ phần Vận tải Biển Vinaship,51%
MVN,Công ty cổ phần Cảng Nghệ Tĩnh,51%
MVN,Công ty cổ phần Tư vấn và Xây dựng công trình Hàng Hải,49%
MVN,Công ty cổ phần Cảng Quảng Ninh,40.39%
MVN,Công ty cổ phần Dịch vụ Vận tải và Thương mại,33.49%
MVN,Công ty TNHH Cảng Quốc tế Cái Mép,
MVN,Công ty TNHH Cảng Quốc tế SP - PSA,
AMS,Công ty TNHH AMECC MYANMAR,100%
AMS,CTCP Dịch vụ kỹ thuật AMECC Miền Nam,18.84%
AMS,CTCP Thương mại AMECC WEI SHENG,9.87%
TCH,CTCP Xây dựng Địa ốc Thịnh Phát,96.33%
TCH,CTCP Xây dựng Thịnh Hiệp,95.84%
TCH,CTCP Tập đoàn Bất động sản CRV,81.67%
TCH,Công ty Cổ phần Đầu tư Dịch vụ Hoàng Huy,51.06%
MVN,Công ty Cổ phần Hàng Hải Sài Gòn,
MVN,CTCP Phát triển Hàng hải,
MVN,CTCP Vinalines Logistics - Việt Nam ,
MVN,Công ty TNHH MTV Dịch vụ Hàng Hải Hậu Giang,
MVN,CTCP Cảng Vinalines Đình Vũ,
MVN,Công ty TNHH Vận tải Hàng công nghệ cao,
MVN,Công ty TNHH MTV Vận tải Biển Đông (BISCO),
MVN,Công ty Liên doanh Khai thác Container Việt Nam (VinaBridge),
MVN,CTCP Cảng Khuyến Lương,
MVN,CTCP Vận tải biển và Hợp tác lao động quốc tế,
MVN,Công ty Liên doanh Vận tải Quốc tế Việt Nhật,
MVN,Công ty Liên doanh Dịch vụ Container Quốc tế CSG - SSA,
NTP,CTCP Nhựa Thiếu niên Tiền phong miền Trung,100%
NTP,Công ty TNHH Bất động sản Tiền Phong,100%
HPG,CTCP Thép Hòa Phát Dung Quất,100%
HPG,Công ty TNHH Thép Hòa Phát Hưng Yên,100%
HPG,Công ty TNHH Tôn Hòa Phát,100%
HPG,CTCP Thép Hòa Phát Hải Dương,100%
HPG,CTCP Phát triển nông nghiệp Hòa Phát,99.99%
HPG,Công ty TNHH Ống thép Hòa Phát,99.97%
HPG,CTCP Đầu tư Khoáng sản An Thông,99.96%
HPG,Công ty TNHH Thiết bị Phụ tùng Hòa Phát,99.86%
HPG,CTCP Xây dựng & Phát triển Đô thị Hòa Phát,99.85%
HPG,Công ty TNHH Điện lạnh Hòa Phát,99.67%
HPG,CTCP Nội thất Hòa Phát,99.6%
ABS,CTCP Xuất nhập khẩu Vật tư nông nghiệp III,31.02%
CKG,CTCP Vật liệu Xây dựng CIC Kiên Giang,73%
CKG,CTCP Đầu tư Phát triển Hạ tầng Phú Quốc,56.1%
CKG,CTCP Đầu tư xây dựng Thắng Anh,54.8%
CKG,CTCP CIC Tinh khôi,51.3%
CKG,CTCP Tư vấn Xây dựng CIC Nam Việt,51%
CKG,CTCP Tư vấn Xây dựng CIC Kiên Giang,51%
CKG,CTCP Thương mại Đầu tư Phát triển Đại Tây Dương Phú Quốc,44%
KTC,CTCP Thương mại dịch vụ Kiên Giang,98.03%
HLG,Công ty TNHH MTV Taxi Sài Gòn Hoàng Long,100%
HLG,Công ty TNHH MTV Công nghệ và Thương mại Hoàng Long,100%
HLG,Công ty TNHH MTV Đầu tư phát triển hạ tầng Hoàng Long,100%
HLG,Công ty TNHH MTV Thức ăn Thủy sản Mekong,100%
BAB,Công ty TNHH MTV Quản lý Nợ và Khai thác Tài sản Ngân hàng TMCP Bắc Á,100%
BAB,Công ty TNHH Kiều hối Đông Á,100%
KLB,Công ty TNHH MTV Quản lý nợ & Khai thác tài sản-Ngân hàng TMCP Kiên Long (KBA),100%
TIS,Công ty Cổ phần Cán thép Thái Trung,93.68%
TIS,Công ty CP Khai thác và Chế biến khoáng sản Thái Trung,51%
LSS,Công ty TNHH Lam Sơn - Sao Vàng,100%
LSS,CTCP NCN Dịch vụ Thương mại Vân Sơn,100%
LSS,CTCP Đầu tư phát triển Lam Sơn - Bá Thước,100%
LSS,Công ty TNHH Thương mại và XNK Lam Sơn,100%
LSS,Công ty TNHH Một thành viên Thành An – Lam Sơn,100%
LSS,Công ty TNHH Trung tâm Nghiên cứu và Phát triển Nông nghiệp Công nghệ cao Lam Sơn,100%
LSS,CTCP Mía đường Nông Cống,56.61%
ADS,Công ty Cổ phần Sợi EIFFEL,80%
SRF,CTCP Kỹ Thuật và Xây dựng Searefico (Searefico E&C),99%
SRF,CTCP Bất động sản Seareal,98.4%
SRF,CTCP Kỹ Nghệ Lạnh Á Châu (Arico),84%
SRF,CTCP Cơ điện lạnh Searee,65%
DQC,Công ty TNHH MTV Điện tử Điện Quang,100%
DQC,Công ty TNHH MTV Công nghệ cao Điện Quang (DQH),100%
DQC,Công ty TNHH Thương mại Dịch vụ Điện quang,51%
DQC,CTCP Đầu tư và Xây lắp Điện Quang,51%
VCI,CTCP Quản lý Quỹ đầu tư Chứng Khoán Bản Việt (VCAM),51%
CTF,CTCP Ô tô Phú Mỹ,98.53%
CTF,CTCP Auto Trường Chinh,96.52%
CTF,CTCP City Auto Vũng Tàu,95%
CTF,CTCP Ô tô Nha Trang,73%
REE,Công ty TNHH Thương mại Dịch vụ Xây dựng Tín Hiệu Xanh,100%
REE,Công ty TNHH Quản lý & Khai thác Bất động sản REE,100%
REE,CTCP Điện máy R.E.E,99.99%
REE,CTCP Dịch vụ & Kỹ thuật Cơ điện lạnh R.E.E (REE ME),99.99%
REE,Công ty TNHH Thương mại & Dịch vụ RMC,99.99%
REE,Eastrade International Ltd,99.99%
REE,CTCP Bất động sản R.E.E,99.97%
REE,CTCP Đầu tư và Kinh doanh Nước sạch Việt Nam,99.97%
REE,CTCP Bất động sản Song Mai,99.96%
REE,CTCP Vĩnh Thịnh,99.96%
REE,CTCP Hạ tầng và Bất động sản Việt Nam,50.61%
REE,Công ty Cổ phần Phát triển điện Nông thôn Trà Vinh,n/a
REE,Công ty cổ phần Thủy điện Thác Bà,n/a
REE,Công ty Cổ phần Cấp nước Thủ Đức,n/a
CII,CTCP Đầu tư và Xây Dựng Cầu đường Bình Triệu,100%
CII,CTCP Đầu tư cao ốc Văn phòng Điện Biên Phủ,100%
CII,Công ty TNHH MTV Dịch vụ Hạ tầng CII,100%
CII,Công ty TNHH MTV Đầu tư Kinh doanh Địa ốc Lữ Gia,100%
CII,Công ty TNHH MTV Bắc Thủ Thiêm,100%
CII,CTCP Đầu tư Hạ tầng Kỹ thuật VinaPhil,99.9%
NBB,Công ty TNHH XD TM DV SX Hùng Thanh,95%
NBB,Công ty TNHH Hương Trà,89.1%
SMC,Công ty TNHH MTV Thương mại SMC,100%
SMC,CTCP SMC Hà Nội,100%
SMC,Công ty TNHH MTV SMC Tân Tạo,100%
AGG,CT TNHH ĐẦU TƯ BẤT ĐỘNG SẢN AN GIA PHÚ THUẬN,100%
AGG,CTCP TƯ VẤN CRE & AGI,99.8%
AGG,CTCP AN GIA PHÚ THỊNH,50.09%
AGG,CTCP QUẢN LÝ VÀ PHÁT TRIỂN GIA KHÁNH,50.01%
AGG,CT TNHH WESTERN CITY,50%
KDH,Công ty TNHH MTV Hào Khang,100%
KDH,Công ty TNHH MTV Đầu tư Kinh doanh Nhà Khang Phúc,100%
KDH,Công ty TNHH Đầu tư Phát triển BCCI,100%
KDH,Công ty TNHH Phát triển Nhà và Xây dựng Hạ tầng Long Phước Điền,99.95%
KDH,Công ty TNHH Kinh doanh Địa ốc Gia Phước,99.9%
TCM,CTCP Thành Quang,98.56%
TCM,Công ty TNHH TC Tower,85.33%
TCM,CTCP Trung tâm Y khoa Thành Công,70.94%
SIP,CTCP Sản xuất và Xuất khẩu Cao su Sài Gòn VRG,99.95%
SIP,Công ty cổ phần Xây dựng Incontec,99.91%
SIP,CTCP Phát triển Dịch vụ Sài Gòn,96.67%
SIP,Công ty Cổ Phần Bao bì Sài Gòn,93.58%
SIP,CTCP Đầu tư và Tư vấn Xây dựng Phú An Thành,81.99%
SIP,CTCP Đầu tư và Phát triển VRG Long Thành,69%
SIP,CTCP Cảng và Dịch vụ Logistics VRG Thanh Phước,50.91%
HPT,CTCP Công nghệ HPT,100%
NLG,Công ty TNHH Sàn giao dịch BĐS Nam Long,100%
NLG,CTCP Nam Long VCD,100%
NLG,Công ty TNHH MTV Đầu tư Xây dựng Phát triển Nam Khang,100%
NLG,CTCP Dịch vụ Nam Long,100%
NLG,CTCP Đầu tư Nam Phan,100%
NLG,Công ty TNHH MTV Quản lý và khai thác BĐS Nam Long (Nam Long PMD),100%
CII,Công ty TNHH Đô thị xanh Sài Gòn Long Khánh,95%
CII,CTCP Xây dựng Hạ tầng CII,74.9%
CII,Công ty Cổ phần Đầu tư Cầu đường CII,54.79%
CII,Công ty cổ phần Hạ tầng nước Sài Gòn,50.61%
CII,Công ty Cổ phần Đầu tư Năm Bảy Bảy,37.4%
AGG,CTCP TƯ VẤN HOÀNG ÂN,50%
AGG,CTCP ĐẦU TƯ XÂY DỰNG DU LỊCH PHƯỚC LỘC,50%
AGG,CTCP PHÁT TRIỂN NHÀ VĂN PHÒNG ĐỊA CHỈ VIỆT,
KDH,Công ty TNHH Đầu tư Kinh Doanh Bất động sản Saphire,99.9%
KDH,Công ty TNHH Đầu tư Kinh doanh BĐS Kim Phát,99.9%
KDH,Công ty TNHH Đầu tư và Kinh doanh Địa ốc Trí Kiệt,99.9%
KDH,Công ty TNHH Tư vấn Quốc Tế,99.9%
NLG,Công ty TNHH Kinh doanh Vật liệu xây dựng Nam Khang,100%
NLG,Công ty TNHH Paragon Đại Phước,100%
NLG,CTCP Nam Long - Hồng Phát,99.98%
NLG,Công ty cổ phần Phát triển Căn hộ Nam Long,97.14%
NLG,CTCP Bất động sản Nguyên Sơn,87.33%
NLG,CTCP Tư vấn Thiết kế và  Xây dựng Nam Viên,81.25%
NLG,Công ty TNHH Đầu tư và Kinh doanh BĐS Thảo Nguyên,50%
HAX,CTCP SX Thương mại và dịch vụ Ô tô PTM,92.7%
HAX,CTCP Cơ khí Ô tô Cần Thơ,76%
PVS,Công ty TNHH MTV Dịch vụ Khảo sát và Công trình ngầm PTSC,100%
PVS,CTCP Khách sạn Dầu khí,100%
PVS,Công ty TNHH MTV Dich vụ Cơ khí Hàng Hải PTSC,100%
PVS,Công ty TNHH MTV Dịch vụ Kỹ thuật Dầu khí Labuan,100%
PVS,CTCP Dịch vụ Dầu khí Quảng Ngãi,95.19%
PVS,"Công ty Cổ phần Dịch vụ Lắp đặt, Vận hành và Bảo dưỡng Công trình Dầu khí biển PTSC",84.95%
PVS,CTCP Cảng dịch vụ Dầu khí tổng hợp Phú Mỹ,59.61%
OPC,Công ty TNHH MTV Dược phẩm OPC Bình Dương,100%
OPC,CTCP Dược phẩm Trung Ương 25,58.14%
SVC,Công ty Cổ phần Đà Nẵng Sơn Trà,98%
SVC,CTCP Ôtô Vĩnh Thịnh (Hino Vĩnh Thịnh),90%
SVC,CTCP Ô tô Sài Gòn Cửu Long,84.17%
SVC,Công ty TNHH Thương mại Dịch vụ Sài Gòn (YAMAHA Sài Gòn),82.12%
SVC,CT Cổ phần OtoS,80.86%
SVC,CTCP Ôtô Tây Bắc Sài Gòn,80%
GMD,Công ty TNHH Cảng Phước Long,100%
GMD,Công ty TNHH dịch vụ vận tải tổng hợp V.N.M,100%
GMD,Công ty TNHH MTV Vận tải hàng hải Thái Bình Dương,100%
GMD,Công ty TNHH MTV Công nghiệp cao su Thái Bình Dương,100%
GMD,CTCP Hòn Ngọc Thái Bình Dương,100%
MKP,Công ty TNHH Mekophar,100%
MCH,Công ty TNHH MTV Công nghệ Thực phẩm Việt Tiến,100%
MCH,CTCP Bao bì Minh Việt,100%
MCH,CTCP Công  nghiệp Masan và Công ty con - CTCP Công nghệ Thực phẩm Hoa Sen,100%
MCH,Công ty TNHH MTV Masan Beverage (MSB),100%
MCH,Công ty TNHH Một thành viên Thực phẩm Masan,100%
MCH,Masan Consumer (Thailand) Limited,99.99%
MCH,CTCP Ma San PQ,94.5%
KDH,Công ty TNHH Đầu tư Thành Phúc,99.9%
KDH,Công ty TNHH Đô thị Mêga,99.85%
KDH,CTCP Kinh doanh Bất động sản Sài Gòn Mùa Xuân,99.8%
KDH,CTCP Đầu tư và Kinh doanh Bất động sản Trí Minh,99.8%
KDH,Công ty TNHH Xây dựng và Kinh doanh Nhà Tháp Mười,99.8%
KDH,Công ty TNHH ĐT KD BĐS Bình Trưng,99.8%
KDH,Công ty TNHH Đầu tư Bất động sản Nguyên Phát,99.8%
KDH,Công ty TNHH Phát triển Bất động sản Phú Hải,99.8%
NLG,Công ty TNHH Đầu tư & Kinh doanh BĐS Nguyên Phúc,50%
NLG,CTCP Southgate,50%
NLG,Công ty TNHH NLG – NNR – HR FUJI,50%
NLG,Công ty TNHH NN KIKYO VALORA,50%
NLG,Công ty TNHH NNH Kikyo Flora,50%
PVS,CTCP Cảng Dịch vụ Dầu khí Tổng hợp PTSC Thanh Hóa,54.69%
PVS,CTCP Dịch vụ Khai thác Dầu khí PTSC,51%
PVS,Công ty liên doanh PTSC South East Asia (SEA),51%
PVS,Công ty liên doanh PTSC Asia Pacific,51%
PVS,Công ty CP Khảo sát Địa vật lý PTSC-CGGV,51%
PVS,CTCP Dịch vụ Bảo vệ An ninh Dầu khí Việt Nam,51%
PVS,Công ty cổ phần Đầu tư Dầu khí Sao Mai – Bến Đình,51%
PVS,Công ty Cổ phần Cảng dịch vụ Dầu khí Đình Vũ,50.96%
SVC,CTCP Savico Hà Nội,70%
SVC,CTCP Savico Đà Nẵng,70%
SVC,CTCP Sài Gòn Ngôi sao,56.8%
SVC,Công Ty TNHH Xe và Thiết bị chuyên dùng Vĩnh Thịnh Hyundai Vĩnh Thịnh - CV,55%
SVC,Công ty TNHH Sài Gòn Ô tô (Saigon Ford),52.05%
SVC,Công ty Liên doanh Toyota Giải Phóng,51%
SVC,Công ty TNHH Toyota Cần Thơ,51%
GMD,Công ty CP Hoa sen Thái Bình Dương,100%
GMD,Công ty TNHH thiết bị và dịch vụ hàng hải Thái Bình Dương,100%
GMD,CTCP Niềm Kiêu Hãnh Thái Bình Dương,100%
GMD,CTCP Cảng Nam Hải,99.98%
GMD,CTCP Cảng Nam Hải Đình Vũ,84.66%
GMD,CTCP Cảng Quốc tế Gemadept Dung Quất,80.4%
KDH,Công ty TNHH Phát triển Bất động sản Nam Thông,99.8%
KDH,Công ty TNHH Đầu tư và Kinh doanh Bất động sản Liên Minh,99.7%
KDH,Công ty TNHH Đầu tư và Kinh doanh Bất động sản Song Lập,99.7%
SVC,CTCP Ôtô Nam Sông Hậu ( Honda Cần Thơ),51%
GMD,CTCP Gemadept Vũng Tàu,70%
GMD,CTCP ICD Nam Hải,65%
GMD,CTCP Cảng Nam Đình Vũ,60%
HTN,Công ty Cổ phần Cơ khí và Xây dựng Bình Triệu,95.24%
LCG,CTCP Bất động sản LICOGI 16,100%
LCG,Công ty TNHH Xây dựng Thương mại và Dịch vụ Điền Phước,95%
LCG,CTCP Đầu tư Hạ tầng LICOGI 16,95%
LCG,CTCP Đầu tư Năng lượng tái tạo LICOGI 16,88%
LCG,CTCP Đầu tư Năng lượng tái tạo LICOGI 16 Gia Lai,88%
LCG,CTCP LICONS Việt Nam,80%
LCG,Công ty TNHH Xây dựng và Thương mại 12,80%
LCG,CTCP Đầu tư Tiện ích LICOGI 16,75%
VNL,Công ty TNHH Logistics Vinalink (Cambodia),100%
PDR,CTCP ĐK Phú Quốc,99%
PDR,CTCP ĐỊA ỐC SÀI GÒN – KL,99%
PDR,CTCP BẾN THÀNH - LONG HẢI,99%
PDR,CTCP ĐẦU TƯ BĐS NGÔ MÂY,94%
PDR,Công ty TNHH Đầu tư Xây dựng Hạ tầng Kỹ thuật Coinin,80%
PDR,CTCP ĐẦU TƯ PHÁT TRIỂN KCN PHÁT ĐẠT,68%
GAS,CTCP Sản xuất Ống thép Dầu khí (PV-PIPE),99.99%
GAS,Công ty cổ phần CNG Việt Nam,56%
GAS,Công ty cổ phần Bọc ống Dầu khí Việt Nam,52.94%
GAS,Công ty Cổ phần Kinh doanh LPG Việt Nam,51.31%
GAS,Công ty Cổ phần Phân phối Khí thấp áp Dầu khí Việt Nam,50.5%
FHS,CTCP Văn hóa và Thương mại Bình Dương,74.04%
KDH,CTCP Vi La,99%
KDH,Công ty Cổ phần Việt Hữu Phú,99%
KDH,Công ty TNHH Phát triển Bất động sản Nam Phú,99%
KDH,CTCP Bất động sản Thủy Sinh,98.9%
KDH,Công ty TNHH Đầu tư và Kinh Doanh BĐS Không Gian Xanh,98.01%
KDH,Công ty TNHH Đầu tư Địa ốc Minh Phát,51%
GMD,CTCP Dịch vụ Vận tải Trường Thọ,54%
GMD,CTCP Cảng Quốc tế Gemadept Nhơn Hội,53.2%
GMD,ISS Gemadept Vietnam,51%
GMD,CTCP Đầu tư xây dựng & Phát triển hạ tầng Gemadept,50%
LCG,CTCP Nước Sài Gòn - Cần Thơ,61%
SAM,Công ty Cổ phần Dây và cáp Sacom,99.9%
SAM,CTCP Sacom - Tuyền Lâm,99.75%
SAM,CTCP Địa ốc Sacom (SamLand),74.99%
SAM,Công ty TNHH Sacom - Chíp sáng (SCS),73.75%
SAM,CTCP SAM Nông nghiệp công nghệ cao,51%
GIL,Công ty TNHH Lưu Công Hiệu,100%
GIL,CTCP Đầu tư Hạ tầng BT,100%
GIL,Công ty TNHH MTV Kho vận Gilimex,100%
GIL,CTCP Sản xuất Kinh doanh Kim khí Đại Tây Dương,100%
GIL,Công ty TNHH Bất động sản Gia Định,100%
GIL,Công ty TNHH May Thạnh Mỹ,100%
GIL,CTCP Ichiban Star,99.99%
GIL,CTCP Bất động sản Hưng Khang,99.99%
GIL,CTCP SXKD Thiết bị chiếu sáng Thái Bình Dương,99.9%
GIL,Công ty May hàng gia dụng Gilimex,99.45%
GIL,CTCP Khu công nghiệp Gilimex,95%
BCG,CTCP Phát triển Nguyễn Hoàng,91.6%
BCG,Công ty Cổ phần Đầu tư Phát triển Công nghiệp và Vận tải,51.63%
BCG,CTCP BCG Land,n/a
BCG,Công ty TNHH Indochina Hội An Beach Villas,
BCG,CTCP BCG Energy,
ASP,Công ty TNHH MTV Khí đốt Gia Đình,100%
ASP,CTCP Ngọn Lửa Thần,100%
ASP,Công ty TNHH TM DV Minh Thảo,100%
ASP,CTCP Thương mại Bình Minh,99.99%
ASP,CTCP Nam Gas,99.99%
ASP,CTCP Khí đốt Gia Định,99.94%
ASP,CTCP Dầu khí An Pha,98.57%
ASP,Công ty TNHH Đức Hải,80%
ASP,Công ty Cổ phần MT Gas,67.56%
NVL,Công ty TNHH MTV Địa ốc No Va,100%
NVL,Công ty TNHH No Va Lucky Palace,100%
NVL,Công ty TNHH MTV Novaland Agent,100%
NVL,Công ty TNHH BĐS Khải Hưng,100%
NVL,Công ty TNHH Đầu tư Địa ốc Thành Nhơn,100%
NVL,Công ty TNHH Nova An Phú,100%
NVL,CTCP BĐS Thịnh Vượng,100%
NVL,Công ty TNHH BĐS Bách Hợp,100%
NVL,CTCP Địa ốc Nova Mỹ Đình,99.99%
NVL,Công ty TNHH BĐS Gia Phú,99.99%
NVL,Công ty TNHH BĐS Gia Đức,99.99%
NVL,Công ty TNHH Nova Property Management,99.99%
NVL,Công ty TNHH Đầu tư và BĐS Tường Minh,99.99%
KDC,Công ty TNHH Thương mại và Dịch vụ KIDO,100%
KDC,Công ty TNHH Một Thành viên Thực Phẩm Kido,100%
KDC,Tổng Công ty Công nghiệp Dầu thực vật Việt Nam - CTCP,87.3%
KDC,Công ty Dầu ăn Golden Hope Nhà Bè,75.99%
KDC,Công ty Cổ phần Thực phẩm Đông lạnh KIDO,65%
KDC,Công ty Cổ phần Dầu Thực vật Tường An,61.9%
KDC,Công ty Cổ phần Bao bì dầu thực vật,27.23%
NVL,Công ty TNHH Nova Sasco,99.99%
NVL,Công ty TNHH Đầu tư và Phát triển Phước Long,99.99%
NVL,Công ty TNHH Đầu tư Địa ốc Nova Saigon Royal,99.99%
TLG,Công ty TNHH MTV Dịch vụ và Thương mại Thiên Long Hoàn Cầu,100%
TLG,Công ty TNHH MTV Thương mại và Dịch vụ Tân Lực Miền Nam,100%
TLG,Công ty TNHH MTV Thương mại Dịch vụ Tân Lực miền Bắc,100%
TLG,Công ty TNHH SX - TM Thiên Long Long Thành,100%
TLG,Công ty TNHH MTV Thương mại Dịch vụ Tân Lực Miền Trung,100%
NVL,Công ty TNHH No Va Thảo Điền,99.98%
NVL,CTCP Nova Nippon,99.98%
NVL,CTCP Nova Hospitality,99.98%
NVL,CTCP Thương Mại Đầu Tư BĐS Phú Trí,99.98%
NVL,Công ty TNHH BĐS Nova Riverside,99.97%
HBC,CTCP TNHH MTV Máy Xây dựng MATEC,100%
HBC,Công ty TNHH Tư vấn thiết kế Hòa Bình (HBA),100%
HBC,Công ty TNHH Sơn Hòa Bình (HBP),100%
HBC,CTCP Nhà Hòa Bình,94%
HBC,Công ty Cổ phần Kỹ thuật Jesco Hòa Bình,85%
HBC,CTCP Đầu tư Xây dựng Hạ tầng Hòa Bình (HBI),80.78%
NVL,CTCP Nova Richstar,99.97%
NVL,CTCP Đầu tư và Thương mại Nhà Rồng,99.96%
NVL,CTCP Kinh doanh BĐS Thái Bình,99.96%
NVL,Công ty TNHH ĐT&PT BĐS 350,99.95%
NVL,CTCP BĐS Đỉnh Phát,99.91%
TMS,Công ty TNHH MTV Vận tải Transimex,75.48%
TMS,Công ty cổ phần Vinafreight,57.12%
TMS,CTCP Dịch vụ Logistics Thăng Long,52.78%
CTD,CTCP Đầu tư Xây dựng Uy Nam (UNICONS),100%
CTD,Công ty TNHH Covestcons,100%
CTD,CTCP Phú Nhuận 168,69.98%
TNA,CTCP Phát triển Kinh doanh Thương mại Sài gòn 168,75%
TNA,CTCP Đầu tư Giáo dục Thiên Nam,68%
TNA,Công ty TNHH Công nghệ phẩm Thiên Nam,51%
BVB,Công ty TNHH MTV Quản lý nợ & Khai thác tài sản Ngân hàng TMCP Bản Việt,100%
NVL,CTCP Nova Princess Residence,99.9%
NVL,Công ty TNHH Merufa - Nova,99.89%
NVL,Công ty TNHH ĐT&PT BĐS Nova Phúc Nguyên,99.89%
PVT,CTCP Vận tải Dầu khí Vũng Tàu (PV Trans Vũng Tàu),99.85%
PVT,CTCP Vận tải Xăng dầu Phương Nam,69.63%
PVT,Công ty cổ phần Vận tải Sản phẩm khí quốc tế,67.74%
PVT,Công ty cổ phần Vận tải Dầu khí Thái Bình Dương,64.92%
PVT,Công ty cổ phần Vận tải dầu Phương Đông Việt,52.61%
PVT,CTCP Vận tải Nhật Việt,51%
PVT,CTCP Vận tải Dầu khí Quảng Ngãi,50.67%
PVT,CTCP Vận tải Dầu khí Hà Nội (PV Trans Hà Nội),50.5%
PVT,Công ty Cổ phần Vận tải Dầu khí Đông Dương,48.67%
NVL,CTCP Cao ốc Phương Đông,99.88%
NVL,CTCP Đầu tư Ngọc Linh Hoa,99.83%
NVL,CTCP Đầu tư BĐS Vương Gia,99.81%
NVL,CTCP Địa Ốc Nhật Hoa,99.81%
NVL,CTCP The Prince Residence,99.81%
MNB,Công ty TNHH Giặt tẩy Nhà Bè,82.35%
MNB,CTCP May Đức Linh - Nhà Bè,60%
MNB,CTCP May Nhà Bè - Hậu Giang,55.56%
MNB,CTCP May Đà Lạt,55%
MNB,CTCP May Bình Định,51.84%
MNB,CTCP Bất động sản Nhà Bè,51.57%
MNB,CTCP May Bình Thuận - Nhà Bè,51%
MNB,CTCP May Gia Lai,51%
MNB,CTCP May Tam Quan,51%
CC1,Công ty CP Đầu tư Xây dựng Cầu Đồng Nai,72.47%
CC1,Công ty TNHH Bê tông đúc sẵn Vina PSMC,70%
CC1,Công ty cổ phần Xây dựng số một - Việt Hưng,51.2%
CC1,Công ty cổ phần Xây dựng số một - Việt Quang,51%
CC1,Công ty cổ phần  Xây dựng số một - Việt Nguyên,50.92%
FIC,CTCP Phước Hòa Fico,73.87%
FIC,Công ty CP Cơ khí Xây dựng Tân Định Fico,64.24%
FIC,CTCP Xi măng Fico Tây Ninh,59.32%
FIC,CTCP Đầu tư Fico,26.33%
FIC,Công ty TNHH Xi măng Fico Bình Dương,30.75%
FIC,CTCP Đầu tư Xây dựng Hạ tầng Fico,30%
NVL,Công ty TNHH Nova Rivergate,99.77%
NVL,CTCP Địa Ốc Thành Nhơn,99.72%
NVL,CTCP Sài Gòn Gôn,99.72%
NVL,CT TNHH ĐT&PT BĐS CQ89,99.54%
NVL,CTCP Đầu tư và Phát triển Quốc tế Thế kỷ 21,98.96%
MNB,CTCP May Gia Phúc,47.5%
GVR,Công ty TNHH MTV Tổng Công ty cao su Đồng Nai,100%
PPH,CTCP Dệt Gia Dụng Phong Phú,90%
VGG,Công ty TNHH May Thuận Tiến,
VGG,Công ty TNHH May Tiến Thuận,
VGG,Công ty TNHH Nam Thiên,
VGG,Công ty TNHH May xuất khẩu Việt Hồng,
VGG,Công ty TNHH Liên doanh sản xuất Nút Việt Thuận,
VGG,Công ty TNHH Việt Khánh,
VGS,CTCP Thép Việt Đức,99.94%
BCC,CTCP Xi măng miền Trung,76.8%
PET,Công ty cổ phần Dịch vụ Phân phối Tổng hợp Dầu khí,103.96%
PET,CTCP Thương mại dịch vụ dầu khí miền Trung (PSMT),99.79%
PET,CTCP Quản lý và Khai thác Tài sản Dầu khí (PSA),78.61%
PET,CTCP Dịch vụ Bán lẻ Dầu khí (PVR),75%
PET,CTCP Dịch vụ tổng hợp dầu khí Vũng Tàu (PSV),70%
PET,CTCP Dịch vụ Logistics Dầu khí Việt nam,67%
NVL,Công ty TNHH ĐT&PT BĐS Sun City,98.86%
NVL,CTCP Ngôi nhà Mega,98.6%
NVL,Công ty TNHH MEGA TIE,98.59%
MNB,CTCP May An Nhơn,45.9%
GVR,Công ty TNHH MTV Cao su Bình Long,100%
GVR,Công ty TNHH MTV Cao su Dầu Tiếng,100%
VGG,CTCP May Việt Tân,
VGG,CTCP Việt Hưng,
VGG,CTCP May Việt Thịnh,
VGG,CTCP Nguyên vật liệu Dệt may Bình An,
VGG,CTCP May Công Tiến,
VGG,CTCP May Vĩnh Tiến,
PET,Công ty TNHH MTV Thương mại và dịch vụ Dầu khí Biển (POTS),60%
PET,CTCP Hội tụ Thông minh (Smartcom),55%
PET,CTCP Phân phối Sản phẩm Công nghệ cao Dầu khí,51%
PET,Công ty TNHH PETROSETCO SSG (PSSSG),51%
IDC,Công ty TNHH MTV Phát triển Đô thị và Khu công nghiệp IDICO,100%
IDC,Công ty TNHH MTV Xây dựng IDICO,100%
IDC,CTCP Đầu tư Xây dựng số 10 IDICO,96.83%
IDC,CTCP Đầu tư Xây dựng Thái Bình IDICO,95.19%
IDC,CTCP Đầu tư Xây dựng và Phát triển Vật liệu IDICO ,81.94%
IDC,Công ty Cổ phần Tư vấn Đầu tư IDICO,70.4%
IDC,Công ty Cổ phần Đầu tư Phát triển Nhà và Đô thị Idico,66.93%
IDC,CTCP IDICO Tiền Giang,65%
IDC,CTCP Đầu tư Phát triển Đô thị và Khu công nghiệp Quế Võ IDICO (IDICO-QUEVO),54.94%
IDC,Công ty cổ phần Thủy điện Srok Phu Miêng IDICO,51.78%
MIE,Công ty TNHH NN MTV Cơ khí Hà Nội,100%
MIE,Công ty TNHH NN MTV Cơ khí Quang Trung,100%
MIE,Công ty TNHH NN MTV Xuất nhập khẩu Sản phẩm Cơ khí,100%
MIE,Công ty TNHH MTV Xuất nhập khẩu Thiết bị toàn bộ và Kỹ thuật,100%
MIE,Công ty cổ phần Cơ khí Duyên Hải,98.19%
MIE,Công ty cổ phần Dụng cụ số 1,51%
NVL,CTCP Phát triển nhà ở và Hạ tầng Sài Gòn,98%
NVL,Công ty TNHH BĐS Phúc Bình,97.77%
NVL,CTCP Nova Festival,94.02%
NVL,Công ty TNHH Nova Nam Á,92.71%
NVL,CTCP Đầu tư Địa ốc No Va,91.76%
GVR,Công ty TNHH MTV Cao su Lộc Ninh,100%
GVR,Công ty TNHH MTV Cao su Phú Riềng,100%
VGG,CTCP Đồng Tiến,
VGG,CTCP May Tiền Tiến,
VGG,CTCP Việt Tiến Đông Á,
VGG,Công ty TNHH Nhãn thời gian Việt Tiến,
VGG,CTCP May Tây Đô,
VGG,CTCP Tổng hợp Ninh Thuận,
VGG,CTCP Cơ khí Thủ Đức,
VGG,Công ty TNHH Việt Long Hưng,
VGG,Hợp tác Kinh doanh Việt Tiến Tungshing,
VGG,Xí nghiệp dịch vụ Giao nhận hàng hóa XNK M&S,
IDC,Công ty cổ phần Đầu tư Xây dựng Dầu khí IDICO,51%
IDC,CTCP Đầu tư xây dựng Long An IDICO,51%
NQN,Công ty TNHH Cấp nước Yên Lập - Quảng Ninh,3.87%
HIG,Công ty TNHH Thương mại và Dịch vụ tin học HIPT,100%
HIG,Công ty TNHH Tích hợp hệ thống HIPT (HISI),100%
HIG,Công ty TNHH Dịch vụ đầu tư HIPT (Invest),100%
HIG,Công ty TNHH Giải pháp ngân hàng và tài chính HIPT (HIBF),100%
HIG,Công ty Giải pháp và Tư vấn công nghệ HIPT (HISC),100%
HIG,Trường Trung cấp nghề Kỹ nghệ thực hành HIPT,100%
HIG,Công ty TNHH Giải pháp hệ thống thông tin HIPT,100%
HIG,Công ty Cổ phần phát triển nguồn nhân lực Chân trời mới (NEWW),78.2%
SMB,Công ty TNHH MTV Thương mại Bia Quy Nhơn,100%
NVL,Công ty TNHH Nova Sagel,83.81%
NVL,CTCP Cảng Phú Định,83.45%
NVL,CTCP Khách Sạn Du Lịch Thanh Niên Vũng Tàu,65%
NVL,CTCP Phát triển Đô thị Kỷ Nguyên,51%
NVL,Công ty TNHH ĐT&PT Địa ốc Gia Huy,51%
GVR,Công ty TNHH MTV Cao su Krông Buk,100%
GVR,Công ty TNHH MTV Cao su Eah Leo,100%
NVL,CTCP Đầu tư BĐS Phong Điền,50.99%
GVR,Công ty TNHH MTV Cao su Chư Prông,100%
GVR,Công ty TNHH MTV Cao su Chư Sê,100%
GVR,Công ty TNHH MTV Cao su Kon Tum,100%
GVR,Công ty TNHH MTV Cao su Mang Yang,100%
DHG,Công ty TNHH Fuji Medi,51%
GVR,Công ty TNHH MTV Cao su Chư Păh,100%
GVR,Công ty TNHH MTV Cao su Quảng Nam,100%
GVR,Công ty TNHH MTV Cao su Nam Giang - Quảng Nam,100%
GVR,Công ty TNHH MTV Cao su Hà Tĩnh,100%
GVR,Công ty TNHH MTV Cao su Hương Khê - Hà Tĩnh,100%
GVR,Công ty TNHH MTV Cao su Thanh Hóa,100%
GVR,Công ty TNHH MTV Cao su Quảng Trị,100%
GVR,Công ty TNHH MTV Cao su Bình Thuận,100%
GVR,Công ty TNHH MTV Cao su Quảng Ngãi,100%
GVR,Viện Nghiên cứu Cao su Việt Nam,100%
GVR,Trung tâm Y tế Cao su,100%
GVR,Tạp chí Cao su Việt Nam,100%
GVR,Trường Cao đẳng Công nghiệp Cao su,100%
GVR,CTCP Cao su Điện Biên,100%
CTW,CTCP Cấp nước Thốt Nốt,86.07%
CTW,CTCP Cấp nước Trà Nóc - Ô Môn,65.42%
GVR,CTCP Cao su Hà Giang,100%
GVR,CTCP Cao su Mang Yang Ratanakiri (VN),100%
GVR,Công ty cổ phần cao su Krông Buk – Ratanakiri,100%
GVR,Công ty TNHH MTV Địa ốc Cao su Đồng Nai,100%
GVR,Công ty phát triển cao su C.R.C.K,100%
GVR,Công ty TNHH Cao su Bolikhamxay Hà Tĩnh,100%
GVR,Công ty TNHH MTV VRG Oudomxay,100%
GVR,Công ty TNHH Eah'leo BM,100%
GVR,Công ty cổ phần Cao su Mường Nhé - Điện Biên,100%
GVR,Công ty TNHH MTV Cao su Qua Van,100%
GVR,CTCP Cao su Dầu Tiếng - Lai Châu,99.97%
GVR,CTCP Cao su Chư Sê - Kompong Thom,99.95%
GVR,CTCP Cao su Chư Prông - Stung Treng,99.85%
GVR,Công ty Cổ phần Gỗ MDF VRG Kiên Giang,99.82%
GVR,CTCP Cao su Lai Châu 2,99.79%
GVR,CTCP Cao su Yên Bái,99.77%
GVR,CTCP Cao su Sơn La,99.34%
GVR,CTCP Cao su Quasa Geruco (Lào),98.98%
GVR,Công ty cổ phần Cao su Tân Biên,98.46%
GVR,Công ty cổ phần Du lịch - Thương mại - Khách sạn Hưng Yên,98.41%
GVR,CTCP Cao su Lai Châu,98.25%
GVR,CTCP Cao su Dầu Tiếng - Campuchia,97.91%
GVR,Công ty Cổ phần Cao su Bà Rịa,97.47%
GVR,Công ty TNHH VKETI,97.01%
GVR,CTCP Thương mại dịch vụ và du lịch Cao su,96.51%
GVR,Công ty cổ phần Gỗ Lộc Ninh,95.54%
GVR,CTCP cao su Sa Thầy,95.48%
GVR,CTCP Cao su Dầu Tiếng - Kratie,95%
GVR,CTCP VRG - Phú Yên,94.7%
GVR,CTCP Đầu tư phát triển cao su Nghệ An,94.56%
GVR,CTCP Cao su Bảo Lâm,93.68%
GVR,CTCP Cao su Tân Biên - KampongThom,93.11%
GVR,CTCP Cao su Bà Rịa - Kompong Thom,92.75%
GVR,CTCP Khu công nghiệp An Điền,92.67%
GVR,CTCP Thể thao Cao su Phú Riềng,92.2%
GVR,CTCP Cơ khí Cao su,92.05%
GVR,CTCP VRG - Đak Nông,91.34%
GVR,CTCP Cao su Việt Lào,89.29%
GVR,CTCP Cao su Đồng Nai - Kratie,88.67%
GVR,CTCP Cao su Dầu Tiếng Lào Cai,86.7%
GVR,CTCP Đầu tư Xây dựng Cao su Phú Thịnh,86.19%
GVR,Công ty cổ phần Gỗ MDF VRG Quảng Trị,84.85%
GVR,CTCP Công nghiệp và Xuất nhập khẩu Cao Su,82.44%
GVR,CTCP VRG Bảo Lộc,78.06%
GVR,CTCP Thủy điện VRG Ngọc Linh,77.46%
GVR,Công ty cổ phần Thủy điện Geruco Sông Côn,77.25%
GVR,CTCP Khu công nghiệp Long Khánh,75.68%
GVR,CTCP Khu công nghiệp Dầu Giây,72.75%
GVR,CTCP Phân vi sinh Quảng Trị,72.03%
GVR,CTCP Cao su Phú Riềng - Kratie,70%
GVR,CTCP Chế biến Gỗ Cao su Đồng Nai,69%
GVR,Công ty TNHH phát triển cao su Phước Hòa Kampong Thom,66.62%
GVR,Công ty cổ phần Cao su Phước Hòa,66.62%
GVR,Công ty TNHH cao su Phước Hòa Đắk Lắk,66.62%
GVR,Công ty TNHH Cao su & Lâm nghiệp Phước Hòa - Đắk Lắk,64.94%
GVR,Công ty Cổ phần Thể thao Ngôi sao Geru,64.38%
GVR,CTCP Cao su Đồng Phú Kratie,62.28%
GVR,CTCP Cơ khí Vận tải Cao su Dầu Tiếng,61.87%
GVR,CTCP Gỗ Dầu Tiếng,61%
GVR,Công ty Tây Ninh - Siêm Riệp Phát triển Cao su,60%
GVR,Công ty Cổ phần Cao su Tây Ninh,60%
GVR,Công ty Cổ phần Chế biến Gỗ Thuận An,59.69%
GVR,CTCP Khu công nghiệp Tân Bình,59.64%
GVR,Công ty Cổ phần Cao su Đồng Phú,55.81%
GVR,Công ty Cổ phần Khu công nghiệp Cao Su Bình Long,55.38%
GVR,CTCP Cao su Trường Phát,55.09%
GVR,Công ty Cổ phần Cao su Hòa Bình,55.06%
GVR,CTCP Kinh doanh Bất động sản Cao su Dầu Tiếng,54.72%
GVR,Công ty Cổ phần VRG - Khải Hoàn,51.04%
GVR,CTCP Chế biến và Xuất nhập khẩu Gỗ Tây Ninh,50.67%
GVR,Công ty Cổ phần Cao su Hàng Gòn,50%
GVR,Công ty cổ phần Xuất khẩu cao su VRG Nhật Bản,50%
GVR,CTCP Cao su Đồng Phú - Đak Nông,49.34%
GVR,Công ty CP Cao Su Dầu Tiếng Việt Lào,49%
GVR,CTCP Phân bón Thương mại Phú Thịnh,46.21%
GVR,Công ty CP Khu công nghiệp Bắc Đồng Phú,45.39%
GVR,Công ty TNHH Sản xuất Gỗ cao su Kon Tum,43.11%
GVR,CTCP Cao su Kỹ thuật Đồng Phú,41.55%
GVR,CTCP Gỗ Đồng Phú,29.02%
GVR,Công ty Cổ phần Khu Công nghiệp Nam Tân Uyên,20.42%
GVR,CTCP Phát triển đô thị và Khu công nghiệp Cao su Việt Nam,15.05%
